{
  "blocks": {
    "inception-01a194d6-4b21-4516-a307-41b9305e9be2": {
      "type": "inception",
      "data": {
        "boxShadow": "none",
        "borderRadius": "0px",
        "backgroundColor": "rgb(221,237,234)"
      }
    },
    "child-inception-33bb7f62-3b9d-46bf-a605-4a2835cb003d": {
      "type": "image",
      "data": {
        "boxShadow": "none",
        "borderRadius": "100%",
        "imageUrl": "https://images.unsplash.com/photo-1542103749-8ef59b94f47e"
      }
    },
    "child-inception-8cceb9ea-eada-4a4b-8b06-fd760a1ba6ea": {
      "type": "text",
      "data": {
        "text": "Test block textasdasdf"
      }
    },
    "child-inception-f3842083-85be-4e2e-bb42-04c84b8d5eda": {
      "type": "image",
      "data": {
        "boxShadow": "none",
        "borderRadius": "0px",
        "imageUrl": "https://images.unsplash.com/photo-1542103749-8ef59b94f47e"
      }
    },
    "text-f5e4560f-3833-4bdd-8e02-107b09c8bc3a": {
      "type": "text",
      "data": {
        "text": "Test block textasdf",
        "fontWeight": "500",
        "borderRadius": "20px",
        "boxShadow": "rgba(0, 0, 0, 0.56) 0px 22px 70px 4px",
        "fontColor": "rgb(217,115,13)",
        "textAlign": "center",
        "alignItems": "center",
        "fontSize": "1.5rem",
        "backgroundColor": "rgb(250,235,221)"
      }
    },
    "text-2c3b9b01-17f4-4d46-80a9-8b6d6bba1bd9": {
      "type": "text",
      "data": {
        "text": "Test block text",
        "fontSize": "1rem",
        "textAlign": "center",
        "alignItems": "center",
        "fontWeight": "400",
        "boxShadow": "none",
        "borderRadius": "0px",
        "fontColor": "#1F1F1F",
        "backgroundColor": "#FAFAFA"
      }
    },
    "image-8f679b7b-cef5-4540-93e5-c2a90ab3c48d": {
      "type": "image",
      "data": {
        "boxShadow": "rgb(204, 219, 232) 3px 3px 6px 0px inset, rgba(255, 255, 255, 0.5) -3px -3px 6px 1px inset;",
        "borderRadius": "20px",
        "imageUrl": "https://images.unsplash.com/photo-1542103749-8ef59b94f47e"
      }
    }
  },
  "layouts": {
    "inception-01a194d6-4b21-4516-a307-41b9305e9be2": {
      "w": 109,
      "h": 42,
      "x": 32,
      "y": 13,
      "i": "inception-01a194d6-4b21-4516-a307-41b9305e9be2",
      "moved": false,
      "static": false,
      "isDraggable": true
    },
    "child-inception-33bb7f62-3b9d-46bf-a605-4a2835cb003d": {
      "w": 41,
      "h": 21,
      "x": 9,
      "y": 2,
      "i": "child-inception-33bb7f62-3b9d-46bf-a605-4a2835cb003d",
      "moved": false,
      "static": false,
      "isDraggable": true,
      "isBounded": true
    },
    "child-inception-8cceb9ea-eada-4a4b-8b06-fd760a1ba6ea": {
      "w": 86,
      "h": 9,
      "x": 71,
      "y": 6,
      "i": "child-inception-8cceb9ea-eada-4a4b-8b06-fd760a1ba6ea",
      "moved": false,
      "static": false,
      "isDraggable": true
    },
    "child-inception-f3842083-85be-4e2e-bb42-04c84b8d5eda": {
      "w": 91,
      "h": 11,
      "x": 71,
      "y": 28,
      "i": "child-inception-f3842083-85be-4e2e-bb42-04c84b8d5eda",
      "moved": false,
      "static": false,
      "isDraggable": true
    },
    "text-f5e4560f-3833-4bdd-8e02-107b09c8bc3a": {
      "w": 66,
      "h": 12,
      "x": 57,
      "y": 60,
      "i": "text-f5e4560f-3833-4bdd-8e02-107b09c8bc3a",
      "moved": false,
      "static": false,
      "isDraggable": true
    },
    "text-2c3b9b01-17f4-4d46-80a9-8b6d6bba1bd9": {
      "w": 15,
      "h": 10,
      "x": 168,
      "y": 11,
      "i": "text-2c3b9b01-17f4-4d46-80a9-8b6d6bba1bd9",
      "moved": false,
      "static": false,
      "isDraggable": true
    },
    "image-8f679b7b-cef5-4540-93e5-c2a90ab3c48d": {
      "w": 15,
      "h": 10,
      "x": 171,
      "y": 31,
      "i": "image-8f679b7b-cef5-4540-93e5-c2a90ab3c48d",
      "moved": false,
      "static": false,
      "isDraggable": true
    }
  },
  "structure": {
    "main": [
      "inception-01a194d6-4b21-4516-a307-41b9305e9be2",
      "text-f5e4560f-3833-4bdd-8e02-107b09c8bc3a",
      "text-2c3b9b01-17f4-4d46-80a9-8b6d6bba1bd9",
      "image-8f679b7b-cef5-4540-93e5-c2a90ab3c48d"
    ],
    "inception-01a194d6-4b21-4516-a307-41b9305e9be2": [
      "child-inception-33bb7f62-3b9d-46bf-a605-4a2835cb003d",
      "child-inception-8cceb9ea-eada-4a4b-8b06-fd760a1ba6ea",
      "child-inception-f3842083-85be-4e2e-bb42-04c84b8d5eda"
    ]
  }
}
