{"blocks":{"text-dffe777b-cd4b-4ba3-9974-af9da7e7a60a":{"type":"text","data":{"text":"<h5 class=\"ql-align-center\"><span style=\"color: rgb(255, 255, 255);\">example@business.com</span></h5><p class=\"ql-align-center\"><br></p>","boxShadow":"none","borderRadius":"0px","fontColor":"#000000"}},"inception-78d49aef-1c9a-4e4a-8e92-d032653c25d7":{"type":"inception","data":{"border":"none","boxShadow":"none","borderRadius":"0px","backgroundColor":"#292929"}},"inception-d499094f-4418-4e9d-b0f5-5d8b68ae9bf6":{"type":"inception","data":{"border":"none","boxShadow":"none","borderRadius":"0px","backgroundColor":"transparent"}},"image-5877859c-926e-484d-8bb2-62a7e74bb7ac":{"type":"image","data":{"boxShadow":"none","borderRadius":"0px","imageUrl":"https://www.mockupworld.co/wp-content/uploads/dynamic/2017/08/free-standing-hardcover-book-back-mockup-psd-1072x0-c-default.jpg"}},"text-5a368989-04e8-40b9-8279-310323dd6587":{"type":"text","data":{"text":"<h2><strong>BECOME A</strong></h2><h2><strong>PROCREATE </strong></h2><h2><strong>MASTER</strong></h2><p><br></p><h5>You’re journey to become a Procreate Master starts here. Get my FREE pack full of brushes, color palettes, exclusive videos and my ebook about color theory in Procreate.</h5>","boxShadow":"none","borderRadius":"0px","fontColor":"#000000"}},"text-18d565b0-fd10-40ff-99c5-1cc96b606c1b":{"type":"text","data":{"text":"<h1>All You Need</h1><h1>in One Powerful Book</h1><p><br></p><h6><span style=\"color: rgb(155, 155, 155);\">Choose from our wide range of features including predefined Homepage layouts and demos to create your Own Amazing Experience.</span></h6><h4><br></h4>","boxShadow":"none","borderRadius":"0px","fontColor":"#000000"}},"inception-fcd7ba40-bafe-4951-8e1d-9a4385f42648":{"type":"inception","data":{"border":"none","boxShadow":"none","borderRadius":"0px","backgroundColor":"transparent"}},"image-07da9dd7-1b19-4dd8-810f-d71ac304294f":{"type":"image","data":{"boxShadow":"none","borderRadius":"0px","imageUrl":"https://images.unsplash.com/photo-1598618443984-28f67f043866?ixlib=rb-1.2.1&ixid=MnwxMjA3fDB8MHxwaG90by1wYWdlfHx8fGVufDB8fHx8&auto=format&fit=crop&w=1650&q=80"}},"text-1fbd07ca-eaa3-4cbe-8aa9-c0962c5eb065":{"type":"text","data":{"text":"<h5 class=\"ql-align-justify\">Lorem salutandi eu mea, eam in soleat iriure assentior. Tamquam lobortis id qui. Ea sanctus democritum mei, per eu alterum electram adversarium.</h5><p class=\"ql-align-justify\"><br></p><h5 class=\"ql-align-justify\">An vim commodo dolorem volutpat, cu expetendis voluptatum usu, et mutat consul adversarium his. His natum numquam legimus an, diam fabulas mei ut.</h5>","boxShadow":"none","borderRadius":"0px","fontColor":"#000000"}},"inception-cbcbe781-a2d2-4e5d-91cd-ed620f6b8525":{"type":"inception","data":{"border":"1px solid #cdd3d8","boxShadow":"none","borderRadius":"10px","backgroundColor":"transparent"}},"inception-11149abf-3659-4076-a4b1-8c297b5a9937":{"type":"inception","data":{"border":"none","boxShadow":"none","borderRadius":"0px","backgroundColor":"#292929"}},"text-916811f2-48fb-49a1-82fc-225f5d838493":{"type":"text","data":{"text":"<h3 class=\"ql-align-center\"><strong style=\"color: rgb(255, 255, 255);\">KEEP IN TOUCH</strong></h3><p class=\"ql-align-center\"><br></p><h6 class=\"ql-align-center\"><span style=\"color: rgb(122, 122, 122);\">Stay updated and get my treasure chest full of Procreate freebies, like brushes, color palettes, exclusive videos and my ebook about color theory!</span></h6>","boxShadow":"none","borderRadius":"0px","fontColor":"#000000"}},"inception-c40b3f2d-9410-4731-a448-b90033472731":{"type":"inception","data":{"border":"none","boxShadow":"none","borderRadius":"20px","backgroundColor":"#292929"}},"button-8967c70c-4820-4c23-af51-651da8b0e1ea":{"type":"button","data":{"border":"none","boxShadow":"none","borderRadius":"20px","backgroundColor":"rgb(255, 195, 0)","buttonText":"Send","inputPlaceholder":"eg: your@email.com","fontColor":"#000000","text":"Buy Now"}},"text-758ecff3-82e4-4d88-b52d-5a2f1fc0834c":{"type":"text","data":{"text":"<h4><strong style=\"color: rgb(255, 255, 255);\">Plack Books</strong></h4>","boxShadow":"none","borderRadius":"0px","fontColor":"#000000"}},"text-4c07c7d0-5770-4b59-aec8-9d229a6d833c":{"type":"text","data":{"text":"<h4><strong>Extremely Responsive</strong></h4>","boxShadow":"none","borderRadius":"0px","fontColor":"#000000"}},"image-a3400cd0-e48d-44d7-a2da-22a5c5a709c9":{"type":"image","data":{"boxShadow":"none","borderRadius":"0px","imageUrl":"https://antfolio.s3.amazonaws.com/medium.png"}},"text-3a4eee9a-c63e-4ead-8acb-cedb7ddb7aad":{"type":"text","data":{"text":"<h6><span style=\"color: rgb(155, 155, 155);\">Due to its responsiveness, this template functions perfectly on any modern device.</span></h6>","boxShadow":"none","borderRadius":"0px","fontColor":"#000000"}},"inception-63ebbbda-1d0a-4bd5-b830-81a94316256e":{"type":"inception","data":{"border":"none","boxShadow":"none","borderRadius":"0px","backgroundColor":"rgb(255, 195, 0)"}},"inception-1c40fe9d-c2ec-4c3d-b03e-0cdb9dcede7e":{"type":"inception","data":{"border":"none","boxShadow":"none","borderRadius":"0px","backgroundColor":"transparent"}},"text-2bf8a8b5-f295-4c59-89e5-5ab8d5f6febb":{"type":"text","data":{"text":"<h4><strong>Advanced UI Kit</strong></h4>","boxShadow":"none","borderRadius":"0px","fontColor":"#000000"}},"image-e11f15a8-4d1f-48e5-8101-39a1aa6183d3":{"type":"image","data":{"boxShadow":"none","borderRadius":"0px","imageUrl":"https://antfolio.s3.amazonaws.com/telegram.png"}},"text-069bea1a-d20e-431f-a373-acc28dc835c6":{"type":"text","data":{"text":"<h6><span style=\"color: rgb(155, 155, 155);\">Due to its responsiveness, this template functions perfectly on any modern device.</span></h6>","boxShadow":"none","borderRadius":"0px","fontColor":"#000000"}},"inception-d2618538-b4df-43f6-9ac3-35ff95fc478e":{"type":"inception","data":{"border":"none","boxShadow":"none","borderRadius":"0px","backgroundColor":"rgb(255, 195, 0)"}},"inception-18a0de81-bd0b-499d-9d07-8a0442a8a59d":{"type":"inception","data":{"border":"none","boxShadow":"none","borderRadius":"0px","backgroundColor":"transparent"}},"text-5cb68ecc-5f93-4921-ad58-464d415393d3":{"type":"text","data":{"text":"<h4><strong>Bootstrap Toolkit</strong></h4>","boxShadow":"none","borderRadius":"0px","fontColor":"#000000"}},"image-c41a16a0-e094-419f-a357-1273c5a6dc6f":{"type":"image","data":{"boxShadow":"none","borderRadius":"0px","imageUrl":"https://antfolio.s3.amazonaws.com/patreon.png"}},"text-a091d60c-bbe8-4195-9bff-db9ce3d6d458":{"type":"text","data":{"text":"<h6><span style=\"color: rgb(155, 155, 155);\">Due to its responsiveness, this template functions perfectly on any modern device.</span></h6>","boxShadow":"none","borderRadius":"0px","fontColor":"#000000"}},"inception-3db5cea6-b428-4e4c-a4dc-f39b6971dcf9":{"type":"inception","data":{"border":"none","boxShadow":"none","borderRadius":"0px","backgroundColor":"rgb(255, 195, 0)"}},"inception-ef3d11c1-1dbb-45fc-8fb5-b52ed48b366c":{"type":"inception","data":{"border":"none","boxShadow":"none","borderRadius":"20px","backgroundColor":"#292929"}},"button-55bf0fa5-2654-45e9-a2e6-39ba0cac0718":{"type":"button","data":{"parentBlockId":"button-8967c70c-4820-4c23-af51-651da8b0e1ea","border":"none","boxShadow":"none","borderRadius":"20px","backgroundColor":"rgb(255, 195, 0)","buttonText":"Send","inputPlaceholder":"eg: your@email.com","fontColor":"#000000","text":"Buy Now"}},"text-01128aa8-e59e-4a67-9b94-a764f0a7c052":{"type":"text","data":{"text":"<h4 class=\"ql-align-center\">Special Offer → <strong style=\"color: rgb(15, 123, 108);\">$20</strong></h4>","boxShadow":"none","borderRadius":"0px","fontColor":"#000000"}}},"hierarchy":{"inception-08b007e3-1549-4e10-bb25-fae15a6e7829":[],"inception-d499094f-4418-4e9d-b0f5-5d8b68ae9bf6":["image-5877859c-926e-484d-8bb2-62a7e74bb7ac","text-5a368989-04e8-40b9-8279-310323dd6587","inception-c40b3f2d-9410-4731-a448-b90033472731"],"inception-11149abf-3659-4076-a4b1-8c297b5a9937":["text-dffe777b-cd4b-4ba3-9974-af9da7e7a60a","text-916811f2-48fb-49a1-82fc-225f5d838493"],"inception-c40b3f2d-9410-4731-a448-b90033472731":["button-8967c70c-4820-4c23-af51-651da8b0e1ea"],"inception-78d49aef-1c9a-4e4a-8e92-d032653c25d7":["text-758ecff3-82e4-4d88-b52d-5a2f1fc0834c"],"inception-fcd7ba40-bafe-4951-8e1d-9a4385f42648":["text-4c07c7d0-5770-4b59-aec8-9d229a6d833c","image-a3400cd0-e48d-44d7-a2da-22a5c5a709c9","text-3a4eee9a-c63e-4ead-8acb-cedb7ddb7aad","inception-63ebbbda-1d0a-4bd5-b830-81a94316256e"],"inception-1c40fe9d-c2ec-4c3d-b03e-0cdb9dcede7e":["text-2bf8a8b5-f295-4c59-89e5-5ab8d5f6febb","image-e11f15a8-4d1f-48e5-8101-39a1aa6183d3","text-069bea1a-d20e-431f-a373-acc28dc835c6","inception-d2618538-b4df-43f6-9ac3-35ff95fc478e"],"inception-18a0de81-bd0b-499d-9d07-8a0442a8a59d":["text-5cb68ecc-5f93-4921-ad58-464d415393d3","image-c41a16a0-e094-419f-a357-1273c5a6dc6f","text-a091d60c-bbe8-4195-9bff-db9ce3d6d458","inception-3db5cea6-b428-4e4c-a4dc-f39b6971dcf9"],"inception-ef3d11c1-1dbb-45fc-8fb5-b52ed48b366c":["button-55bf0fa5-2654-45e9-a2e6-39ba0cac0718"],"inception-cbcbe781-a2d2-4e5d-91cd-ed620f6b8525":["text-01128aa8-e59e-4a67-9b94-a764f0a7c052"]},"layouts":{"text-dffe777b-cd4b-4ba3-9974-af9da7e7a60a":{"x":74.44444444444444,"y":362.63888888888886,"i":"text-dffe777b-cd4b-4ba3-9974-af9da7e7a60a","w":50.83333333333333,"h":6.25},"inception-78d49aef-1c9a-4e4a-8e92-d032653c25d7":{"x":0,"y":0,"w":200,"h":10.694444444444445,"i":"inception-78d49aef-1c9a-4e4a-8e92-d032653c25d7"},"inception-d499094f-4418-4e9d-b0f5-5d8b68ae9bf6":{"x":0,"y":10.416666666666666,"w":200,"h":103.05555555555554,"i":"inception-d499094f-4418-4e9d-b0f5-5d8b68ae9bf6"},"image-5877859c-926e-484d-8bb2-62a7e74bb7ac":{"x":0,"y":10.694444444444445,"w":97.91666666666666,"h":102.91666666666666,"i":"image-5877859c-926e-484d-8bb2-62a7e74bb7ac"},"text-5a368989-04e8-40b9-8279-310323dd6587":{"x":108.61111111111111,"y":31.25,"w":66.66666666666667,"h":47.916666666666664,"i":"text-5a368989-04e8-40b9-8279-310323dd6587"},"text-18d565b0-fd10-40ff-99c5-1cc96b606c1b":{"x":15.416666666666666,"y":140,"w":67.08333333333333,"h":62.5,"i":"text-18d565b0-fd10-40ff-99c5-1cc96b606c1b"},"inception-fcd7ba40-bafe-4951-8e1d-9a4385f42648":{"x":114.44444444444444,"y":122.22222222222221,"w":68.47222222222223,"h":27.22222222222222,"i":"inception-fcd7ba40-bafe-4951-8e1d-9a4385f42648"},"image-07da9dd7-1b19-4dd8-810f-d71ac304294f":{"x":110.1388888888889,"y":240,"w":68.47222222222221,"h":57.22222222222222,"i":"image-07da9dd7-1b19-4dd8-810f-d71ac304294f"},"text-1fbd07ca-eaa3-4cbe-8aa9-c0962c5eb065":{"x":13.194444444444445,"y":244.16666666666666,"w":84.16666666666667,"h":25,"i":"text-1fbd07ca-eaa3-4cbe-8aa9-c0962c5eb065"},"inception-cbcbe781-a2d2-4e5d-91cd-ed620f6b8525":{"x":32.49999999999999,"y":275.83333333333337,"w":41.666666666666664,"h":6.944444444444445,"i":"inception-cbcbe781-a2d2-4e5d-91cd-ed620f6b8525"},"inception-11149abf-3659-4076-a4b1-8c297b5a9937":{"x":0,"y":332.77777777777777,"w":200,"h":43.88888888888889,"i":"inception-11149abf-3659-4076-a4b1-8c297b5a9937"},"text-916811f2-48fb-49a1-82fc-225f5d838493":{"x":62.08333333333333,"y":339.86111111111126,"w":75.69444444444444,"h":16.25,"i":"text-916811f2-48fb-49a1-82fc-225f5d838493"},"inception-c40b3f2d-9410-4731-a448-b90033472731":{"x":108.47222222222221,"y":89.72222222222221,"w":27.083333333333332,"h":6.944444444444445,"i":"inception-c40b3f2d-9410-4731-a448-b90033472731"},"button-8967c70c-4820-4c23-af51-651da8b0e1ea":{"x":108.05555555555556,"y":89.16666666666667,"w":27.083333333333332,"h":6.944444444444445,"i":"button-8967c70c-4820-4c23-af51-651da8b0e1ea"},"text-758ecff3-82e4-4d88-b52d-5a2f1fc0834c":{"x":85.69444444444444,"y":2.9166666666666665,"w":21.666666666666668,"h":5,"i":"text-758ecff3-82e4-4d88-b52d-5a2f1fc0834c"},"text-4c07c7d0-5770-4b59-aec8-9d229a6d833c":{"x":131.38888888888889,"y":125.1388888888889,"w":40.833333333333336,"h":5,"i":"text-4c07c7d0-5770-4b59-aec8-9d229a6d833c"},"image-a3400cd0-e48d-44d7-a2da-22a5c5a709c9":{"x":121.25,"y":126.25000000000001,"w":5.555555555555555,"h":5.5555555555555545,"i":"image-a3400cd0-e48d-44d7-a2da-22a5c5a709c9"},"text-3a4eee9a-c63e-4ead-8acb-cedb7ddb7aad":{"x":131.80555555555554,"y":135.83333333333334,"w":36.388888888888886,"h":9.166666666666666,"i":"text-3a4eee9a-c63e-4ead-8acb-cedb7ddb7aad"},"inception-63ebbbda-1d0a-4bd5-b830-81a94316256e":{"x":131.52777777777777,"y":131.3888888888889,"w":9.722222222222223,"h":1.3888888888888893,"i":"inception-63ebbbda-1d0a-4bd5-b830-81a94316256e"},"inception-1c40fe9d-c2ec-4c3d-b03e-0cdb9dcede7e":{"x":114.58333333333333,"y":153.33333333333334,"w":68.47222222222223,"h":27.22222222222222,"i":"inception-1c40fe9d-c2ec-4c3d-b03e-0cdb9dcede7e"},"text-2bf8a8b5-f295-4c59-89e5-5ab8d5f6febb":{"x":131.5277777777778,"y":156.25,"w":40.833333333333336,"h":5,"i":"text-2bf8a8b5-f295-4c59-89e5-5ab8d5f6febb"},"image-e11f15a8-4d1f-48e5-8101-39a1aa6183d3":{"x":121.38888888888887,"y":157.77777777777777,"w":5.555555555555555,"h":5.5555555555555545,"i":"image-e11f15a8-4d1f-48e5-8101-39a1aa6183d3"},"text-069bea1a-d20e-431f-a373-acc28dc835c6":{"x":131.9444444444445,"y":166.94444444444443,"w":36.388888888888886,"h":9.166666666666666,"i":"text-069bea1a-d20e-431f-a373-acc28dc835c6"},"inception-d2618538-b4df-43f6-9ac3-35ff95fc478e":{"x":131.66666666666666,"y":162.5,"w":9.722222222222223,"h":1.3888888888888893,"i":"inception-d2618538-b4df-43f6-9ac3-35ff95fc478e"},"inception-18a0de81-bd0b-499d-9d07-8a0442a8a59d":{"x":114.30555555555556,"y":184.86111111111111,"w":68.47222222222223,"h":27.22222222222222,"i":"inception-18a0de81-bd0b-499d-9d07-8a0442a8a59d"},"text-5cb68ecc-5f93-4921-ad58-464d415393d3":{"x":131.24999999999997,"y":187.77777777777777,"w":40.833333333333336,"h":5,"i":"text-5cb68ecc-5f93-4921-ad58-464d415393d3"},"image-c41a16a0-e094-419f-a357-1273c5a6dc6f":{"x":121.3888888888889,"y":189.58333333333334,"w":5.555555555555555,"h":5.5555555555555545,"i":"image-c41a16a0-e094-419f-a357-1273c5a6dc6f"},"text-a091d60c-bbe8-4195-9bff-db9ce3d6d458":{"x":131.66666666666669,"y":198.47222222222223,"w":36.388888888888886,"h":9.166666666666666,"i":"text-a091d60c-bbe8-4195-9bff-db9ce3d6d458"},"inception-3db5cea6-b428-4e4c-a4dc-f39b6971dcf9":{"x":131.38888888888883,"y":194.02777777777777,"w":9.722222222222223,"h":1.3888888888888893,"i":"inception-3db5cea6-b428-4e4c-a4dc-f39b6971dcf9"},"inception-ef3d11c1-1dbb-45fc-8fb5-b52ed48b366c":{"x":40.138888888888886,"y":289.0277777777778,"w":27.083333333333332,"h":6.944444444444445,"i":"inception-ef3d11c1-1dbb-45fc-8fb5-b52ed48b366c"},"button-55bf0fa5-2654-45e9-a2e6-39ba0cac0718":{"x":39.72222222222222,"y":288.472222222222,"w":27.083333333333332,"h":6.944444444444445,"i":"button-55bf0fa5-2654-45e9-a2e6-39ba0cac0718"},"text-01128aa8-e59e-4a67-9b94-a764f0a7c052":{"x":34.722222222222214,"y":276.8055555555554,"w":37.22222222222222,"h":5,"i":"text-01128aa8-e59e-4a67-9b94-a764f0a7c052"}},"mobileLayout":{"inception-536a9301-2743-4a16-9181-d8d244745aee":{"x":31.180555555555554,"y":313.05555555555554,"i":"inception-536a9301-2743-4a16-9181-d8d244745aee","w":13.888888888888888,"h":2.620120120120121},"text-db459b30-45af-48a8-ad30-a936e6f41d0a":{"x":40.06944444444444,"y":230.83333333333331,"i":"text-db459b30-45af-48a8-ad30-a936e6f41d0a","w":19.791666666666668,"h":7.638888888888888},"text-dffe777b-cd4b-4ba3-9974-af9da7e7a60a":{"x":24.519519519519516,"y":757.5037537537537,"w":51.632882882882875,"h":9.45945945945946,"i":"text-dffe777b-cd4b-4ba3-9974-af9da7e7a60a"},"inception-78d49aef-1c9a-4e4a-8e92-d032653c25d7":{"x":0,"y":0,"w":100,"h":14.478228228228229,"i":"inception-78d49aef-1c9a-4e4a-8e92-d032653c25d7"},"inception-d499094f-4418-4e9d-b0f5-5d8b68ae9bf6":{"x":0,"y":14.470720720720717,"w":100,"h":103.05555555555554,"i":"inception-d499094f-4418-4e9d-b0f5-5d8b68ae9bf6"},"image-5877859c-926e-484d-8bb2-62a7e74bb7ac":{"x":0,"y":119.61336336336336,"w":99.76914414414414,"h":76.1599099099099,"i":"image-5877859c-926e-484d-8bb2-62a7e74bb7ac"},"text-5a368989-04e8-40b9-8279-310323dd6587":{"x":6.737987987987992,"y":22.060810810810803,"w":88.1981981981982,"h":71.89189189189189,"i":"text-5a368989-04e8-40b9-8279-310323dd6587"},"text-18d565b0-fd10-40ff-99c5-1cc96b606c1b":{"x":7.297297297297297,"y":198.37837837837836,"w":85.4054054054054,"h":140,"i":"text-18d565b0-fd10-40ff-99c5-1cc96b606c1b"},"inception-fcd7ba40-bafe-4951-8e1d-9a4385f42648":{"x":8.573573573573574,"y":348.4384384384384,"w":82.07394894894895,"h":36.41141141141141,"i":"inception-fcd7ba40-bafe-4951-8e1d-9a4385f42648"},"image-07da9dd7-1b19-4dd8-810f-d71ac304294f":{"x":14.528903903903915,"y":618.3783783783783,"w":72.07394894894895,"h":61.006006006006004,"i":"image-07da9dd7-1b19-4dd8-810f-d71ac304294f"},"text-1fbd07ca-eaa3-4cbe-8aa9-c0962c5eb065":{"x":9.299924924924927,"y":506.599099099099,"w":81.00225225225226,"h":49.189189189189186,"i":"text-1fbd07ca-eaa3-4cbe-8aa9-c0962c5eb065"},"inception-cbcbe781-a2d2-4e5d-91cd-ed620f6b8525":{"x":19.222972972972972,"y":574.2117117117117,"w":60.02252252252252,"h":9.106606606606606,"i":"inception-cbcbe781-a2d2-4e5d-91cd-ed620f6b8525"},"inception-11149abf-3659-4076-a4b1-8c297b5a9937":{"x":0,"y":703.5885885885886,"w":100,"h":73.34834834834835,"i":"inception-11149abf-3659-4076-a4b1-8c297b5a9937"},"text-916811f2-48fb-49a1-82fc-225f5d838493":{"x":9.960585585585582,"y":711.4827327327329,"w":79.7391141141141,"h":28.91891891891892,"i":"text-916811f2-48fb-49a1-82fc-225f5d838493"},"inception-c40b3f2d-9410-4731-a448-b90033472731":{"x":37.20908408408408,"y":99.99249249249249,"w":27.05518018018018,"h":10.728228228228229,"i":"inception-c40b3f2d-9410-4731-a448-b90033472731"},"button-8967c70c-4820-4c23-af51-651da8b0e1ea":{"x":37.00075075075073,"y":99.43693693693693,"w":26.51463963963964,"h":10.187687687687689,"i":"button-8967c70c-4820-4c23-af51-651da8b0e1ea"},"text-758ecff3-82e4-4d88-b52d-5a2f1fc0834c":{"x":32.84722222222222,"y":3.727477477477477,"w":33.53603603603604,"h":7.567569629566089,"i":"text-758ecff3-82e4-4d88-b52d-5a2f1fc0834c"},"text-4c07c7d0-5770-4b59-aec8-9d229a6d833c":{"x":21.370120120120124,"y":351.3551051051051,"w":62.84909909909909,"h":7.5675675675675675,"i":"text-4c07c7d0-5770-4b59-aec8-9d229a6d833c"},"image-a3400cd0-e48d-44d7-a2da-22a5c5a709c9":{"x":11.97635135135135,"y":352.4662162162162,"w":6.291291291291291,"h":6.366366366366365,"i":"image-a3400cd0-e48d-44d7-a2da-22a5c5a709c9"},"text-3a4eee9a-c63e-4ead-8acb-cedb7ddb7aad":{"x":21.578453453453452,"y":365.5630630630631,"w":59.54579579579579,"h":13.783783783783782,"i":"text-3a4eee9a-c63e-4ead-8acb-cedb7ddb7aad"},"inception-63ebbbda-1d0a-4bd5-b830-81a94316256e":{"x":21.980105105105114,"y":358.68618618618626,"w":9.455705705705707,"h":2.7402402402402406,"i":"inception-63ebbbda-1d0a-4bd5-b830-81a94316256e"},"inception-1c40fe9d-c2ec-4c3d-b03e-0cdb9dcede7e":{"x":8.643018018018015,"y":398.1981981981982,"w":82.07394894894895,"h":36.14114114114114,"i":"inception-1c40fe9d-c2ec-4c3d-b03e-0cdb9dcede7e"},"text-2bf8a8b5-f295-4c59-89e5-5ab8d5f6febb":{"x":22.250375375375388,"y":400.8445945945946,"w":59.876126126126124,"h":7.5675675675675675,"i":"text-2bf8a8b5-f295-4c59-89e5-5ab8d5f6febb"},"image-e11f15a8-4d1f-48e5-8101-39a1aa6183d3":{"x":12.045795795795796,"y":402.6426426426426,"w":6.831831831831831,"h":6.096096096096095,"i":"image-e11f15a8-4d1f-48e5-8101-39a1aa6183d3"},"text-069bea1a-d20e-431f-a373-acc28dc835c6":{"x":21.918168168168208,"y":415.3228228228228,"w":61.437687687687685,"h":13.783783783783782,"i":"text-069bea1a-d20e-431f-a373-acc28dc835c6"},"inception-d2618538-b4df-43f6-9ac3-35ff95fc478e":{"x":22.319819819819813,"y":408.98648648648646,"w":4.861111111111112,"h":1.3888888888888893,"i":"inception-d2618538-b4df-43f6-9ac3-35ff95fc478e"},"inception-18a0de81-bd0b-499d-9d07-8a0442a8a59d":{"x":8.774399399399405,"y":449.4557057057057,"w":81.5334084084084,"h":34.51951951951952,"i":"inception-18a0de81-bd0b-499d-9d07-8a0442a8a59d"},"text-5cb68ecc-5f93-4921-ad58-464d415393d3":{"x":21.841216216216214,"y":452.37237237237235,"w":60.41666666666667,"h":7.5675675675675675,"i":"text-5cb68ecc-5f93-4921-ad58-464d415393d3"},"image-c41a16a0-e094-419f-a357-1273c5a6dc6f":{"x":12.316066066066076,"y":454.17792792792795,"w":6.291291291291291,"h":6.096096096096095,"i":"image-c41a16a0-e094-419f-a357-1273c5a6dc6f"},"text-a091d60c-bbe8-4195-9bff-db9ce3d6d458":{"x":21.238738738738746,"y":465.228978978979,"w":63.0593093093093,"h":13.783783783783782,"i":"text-a091d60c-bbe8-4195-9bff-db9ce3d6d458"},"inception-3db5cea6-b428-4e4c-a4dc-f39b6971dcf9":{"x":22.18093093093091,"y":459.70345345345345,"w":4.861111111111112,"h":1.3888888888888893,"i":"inception-3db5cea6-b428-4e4c-a4dc-f39b6971dcf9"},"inception-ef3d11c1-1dbb-45fc-8fb5-b52ed48b366c":{"x":33.582957957957966,"y":592.8115615615617,"w":31.920045045045043,"h":10.728228228228229,"i":"inception-ef3d11c1-1dbb-45fc-8fb5-b52ed48b366c"},"button-55bf0fa5-2654-45e9-a2e6-39ba0cac0718":{"x":33.37462462462464,"y":592.2560060060058,"w":31.649774774774773,"h":10.187687687687689,"i":"button-55bf0fa5-2654-45e9-a2e6-39ba0cac0718"},"text-01128aa8-e59e-4a67-9b94-a764f0a7c052":{"x":20.334084084084083,"y":575.1839339339336,"w":56.44894894894894,"h":7.5675675675675675,"i":"text-01128aa8-e59e-4a67-9b94-a764f0a7c052"}},"mobileHierarchy":{"inception-08b007e3-1549-4e10-bb25-fae15a6e7829":[],"inception-d499094f-4418-4e9d-b0f5-5d8b68ae9bf6":["text-5a368989-04e8-40b9-8279-310323dd6587","inception-c40b3f2d-9410-4731-a448-b90033472731"],"inception-11149abf-3659-4076-a4b1-8c297b5a9937":["text-dffe777b-cd4b-4ba3-9974-af9da7e7a60a","text-916811f2-48fb-49a1-82fc-225f5d838493"],"inception-c40b3f2d-9410-4731-a448-b90033472731":["button-8967c70c-4820-4c23-af51-651da8b0e1ea"],"inception-78d49aef-1c9a-4e4a-8e92-d032653c25d7":["text-758ecff3-82e4-4d88-b52d-5a2f1fc0834c"],"inception-fcd7ba40-bafe-4951-8e1d-9a4385f42648":["text-4c07c7d0-5770-4b59-aec8-9d229a6d833c","image-a3400cd0-e48d-44d7-a2da-22a5c5a709c9","text-3a4eee9a-c63e-4ead-8acb-cedb7ddb7aad","inception-63ebbbda-1d0a-4bd5-b830-81a94316256e"],"inception-1c40fe9d-c2ec-4c3d-b03e-0cdb9dcede7e":["text-2bf8a8b5-f295-4c59-89e5-5ab8d5f6febb","image-e11f15a8-4d1f-48e5-8101-39a1aa6183d3","text-069bea1a-d20e-431f-a373-acc28dc835c6","inception-d2618538-b4df-43f6-9ac3-35ff95fc478e"],"inception-18a0de81-bd0b-499d-9d07-8a0442a8a59d":["text-5cb68ecc-5f93-4921-ad58-464d415393d3","image-c41a16a0-e094-419f-a357-1273c5a6dc6f","text-a091d60c-bbe8-4195-9bff-db9ce3d6d458","inception-3db5cea6-b428-4e4c-a4dc-f39b6971dcf9"],"inception-ef3d11c1-1dbb-45fc-8fb5-b52ed48b366c":["button-55bf0fa5-2654-45e9-a2e6-39ba0cac0718"],"inception-cbcbe781-a2d2-4e5d-91cd-ed620f6b8525":["text-01128aa8-e59e-4a67-9b94-a764f0a7c052"]},"mobileEditedBlocks":["text-758ecff3-82e4-4d88-b52d-5a2f1fc0834c","inception-11149abf-3659-4076-a4b1-8c297b5a9937","text-916811f2-48fb-49a1-82fc-225f5d838493","text-dffe777b-cd4b-4ba3-9974-af9da7e7a60a","image-07da9dd7-1b19-4dd8-810f-d71ac304294f","text-1fbd07ca-eaa3-4cbe-8aa9-c0962c5eb065","text-18d565b0-fd10-40ff-99c5-1cc96b606c1b","text-01128aa8-e59e-4a67-9b94-a764f0a7c052","inception-cbcbe781-a2d2-4e5d-91cd-ed620f6b8525","button-55bf0fa5-2654-45e9-a2e6-39ba0cac0718","inception-ef3d11c1-1dbb-45fc-8fb5-b52ed48b366c","inception-fcd7ba40-bafe-4951-8e1d-9a4385f42648","inception-1c40fe9d-c2ec-4c3d-b03e-0cdb9dcede7e","inception-18a0de81-bd0b-499d-9d07-8a0442a8a59d","text-5a368989-04e8-40b9-8279-310323dd6587","image-5877859c-926e-484d-8bb2-62a7e74bb7ac","inception-78d49aef-1c9a-4e4a-8e92-d032653c25d7","inception-d499094f-4418-4e9d-b0f5-5d8b68ae9bf6","button-8967c70c-4820-4c23-af51-651da8b0e1ea","inception-c40b3f2d-9410-4731-a448-b90033472731","text-4c07c7d0-5770-4b59-aec8-9d229a6d833c","inception-63ebbbda-1d0a-4bd5-b830-81a94316256e","inception-536a9301-2743-4a16-9181-d8d244745aee","text-3a4eee9a-c63e-4ead-8acb-cedb7ddb7aad","image-a3400cd0-e48d-44d7-a2da-22a5c5a709c9","text-2bf8a8b5-f295-4c59-89e5-5ab8d5f6febb","inception-d2618538-b4df-43f6-9ac3-35ff95fc478e","image-e11f15a8-4d1f-48e5-8101-39a1aa6183d3","text-069bea1a-d20e-431f-a373-acc28dc835c6","text-5cb68ecc-5f93-4921-ad58-464d415393d3","inception-3db5cea6-b428-4e4c-a4dc-f39b6971dcf9","image-c41a16a0-e094-419f-a357-1273c5a6dc6f","text-a091d60c-bbe8-4195-9bff-db9ce3d6d458"]}