{"blocks":{"inception-79ccb99b-1875-46ac-ada8-f0f1edff521d":{"type":"inception","data":{"border":"none","boxShadow":"none","borderRadius":"0px","backgroundColor":"transparent","imageUrl":"https://antfolio.s3.amazonaws.com/user-images/U2FsdGVkX19AIs1L2a3S4hD3XlWJZLTcXzbYmHQ91SLiylw0190LzORqHEeCrCHLuIVA1G0TX7NfykNd76oC3KYcFQFc9we1Q2u3A4le1Q2u3A4l/splatter.png"}},"text-009bdd51-e9e4-4aa5-bb69-132811992773":{"type":"text","data":{"text":"<h1><strong>Breathe </strong><strong style=\"color: rgb(224, 62, 62);\">life</strong><strong> into </strong><strong style=\"color: rgb(224, 62, 62);\">your</strong><strong> </strong><strong style=\"color: rgb(224, 62, 62);\">art.</strong></h1><p><br></p><h4><strong>Give depth to your characters with the best pose reference tool on the web.</strong></h4>","boxShadow":"none","borderRadius":"0px","fontColor":"#000000"}},"inception-7583b52a-93d5-4e26-ba2c-f91b54bf3976":{"type":"inception","data":{"border":"1px solid #000000","boxShadow":"none","borderRadius":"10px","backgroundColor":"transparent"}},"text-ff70a4b7-2083-40ad-9a78-42ac0d37a8d1":{"type":"text","data":{"text":"<h3 class=\"ql-align-center\"><strong style=\"color: rgb(224, 62, 62);\"><em>NinjaDesign</em></strong></h3>","boxShadow":"none","borderRadius":"0px","fontColor":"#000000"}},"inception-998e60d2-5867-4fbb-98cd-77f143980e55":{"type":"inception","data":{"border":"none","boxShadow":"none","borderRadius":"100px","backgroundColor":"#000000"}},"button-d2463855-3941-4570-8ec7-1e887232ea62":{"type":"button","data":{"border":"none","boxShadow":"none","borderRadius":"100px","backgroundColor":"#f7484e","buttonText":"Send","inputPlaceholder":"eg: your@email.com","text":"BUY NOW"}},"image-bf548b02-0730-446b-9080-cd8245f79711":{"type":"image","data":{"boxShadow":"none","borderRadius":"0px","imageUrl":"https://antfolio.s3.amazonaws.com/user-images/U2FsdGVkX1p1L2u3SAqCC41EvMfO0GOQPsdTn9Ss1L2a3S4h3oURLrYz9lgKdldQxiCTzLZAqMA6el7bOqAMpyDTxl5rWwgalJHwe1Q2u3A4le1Q2u3A4l/sketchHero.png"}},"text-e7eae8db-ad5c-4f1a-b1d0-7b4100656761":{"type":"text","data":{"text":"<h2 class=\"ql-align-center\"><strong style=\"color: rgb(224, 62, 62);\">What will you learn?</strong></h2>","boxShadow":"none","borderRadius":"0px","fontColor":"#000000"}},"inception-2a32b6b9-e635-44d4-aab4-f1db11d927f0":{"type":"inception","data":{"border":"none","boxShadow":"none","borderRadius":"0px","backgroundColor":"transparent"}},"inception-68b959b1-d923-4f77-a413-0785e364377d":{"type":"inception","data":{"border":"none","boxShadow":"none","borderRadius":"0px","backgroundColor":"transparent","imageUrl":"https://antfolio.s3.amazonaws.com/user-images/U2FsdGVkX19AIs1L2a3S4hD3XlWJZLTcXzbYmHQ91SLiylw0190LzORqHEeCrCHLuIVA1G0TX7NfykNd76oC3KYcFQFc9we1Q2u3A4le1Q2u3A4l/splatter.png"}},"image-e4be749e-367c-4d6e-80b2-79f9eca0f306":{"type":"image","data":{"boxShadow":"none","borderRadius":"10px","imageUrl":"https://antfolio.s3.amazonaws.com/user-images/U2FsdGVkX1p1L2u3SGAri2Mmj32Qs1L2a3S4hzFK33OjOmwp1L2u3SGggcpcYEpG4mnS1F4g5bUflHR7fnldK7s1L2a3S4hbLAkJaUbbpZ0nvjWr4ge1Q2u3A4le1Q2u3A4l/01.jpg"}},"inception-19f9013f-2459-438b-821b-4505e616ddcb":{"type":"inception","data":{"border":"none","boxShadow":"none","borderRadius":"0px","backgroundColor":"#000000"}},"text-2a1a2eb4-ad02-4330-b376-579f8ee644ff":{"type":"text","data":{"text":"<h4 class=\"ql-align-center\"><strong style=\"color: rgb(0, 0, 0);\">Follow Us</strong></h4>","boxShadow":"none","borderRadius":"0px","fontColor":"#000000"}},"inception-14748e5c-71cb-448a-8ac5-a9a807cde43e":{"type":"inception","data":{"border":"none","boxShadow":"none","borderRadius":"0px","backgroundColor":"#f7484e"}},"inception-a4eecaa8-aae8-41c1-beec-4252711485b5":{"type":"inception","data":{"border":"1px solid #cdd3d8","boxShadow":"none","borderRadius":"100%","backgroundColor":"#f7484e"}},"image-e1a47572-5f64-4641-a71d-b303f66dad7f":{"type":"image","data":{"boxShadow":"none","borderRadius":"0px","imageUrl":"https://antfolio.s3.amazonaws.com/twitter.png"}},"image-d611f330-9c52-44c3-8637-88c578c810d9":{"type":"image","data":{"boxShadow":"none","borderRadius":"0px","imageUrl":"https://antfolio.s3.amazonaws.com/user-images/U2FsdGVkX18ueSoY90W2gvsbcAhR8g9lGVoqSnUUgj41yukcnk9lp1L2u3SbhQFOILcL9pwWNYMKSgTB1I9uvYkYE3uAe1Q2u3A4le1Q2u3A4l/casual-life-meditation.png"}},"inception-3c155a06-2384-453a-920e-b9cba39100b0":{"type":"inception","data":{"border":"1px solid #cdd3d8","boxShadow":"none","borderRadius":"10px","backgroundColor":"transparent"}},"inception-6e06c2d2-5f2f-442e-859c-a7cf6ab2518e":{"type":"inception","data":{"border":"1px solid #cdd3d8","boxShadow":"none","borderRadius":"10px","backgroundColor":"transparent"}},"image-66a999b3-32f5-4fa7-ba53-75aaa484e118":{"type":"image","data":{"boxShadow":"none","borderRadius":"0px","imageUrl":"https://antfolio.s3.amazonaws.com/user-images/U2FsdGVkX18CpojZ0yIxQj0lMsutMR83BhqCnPsFOsoI4bcmF8iXOYnEbGp1L2u3SuIf7TijJPzEIUdyoOZQvfDvficge1Q2u3A4le1Q2u3A4l/casual-life-3d-3.png"}},"inception-7e1effb4-8cb2-48cf-b6b5-17cf77497c1b":{"type":"inception","data":{"border":"1px solid #cdd3d8","boxShadow":"none","borderRadius":"10px","backgroundColor":"transparent"}},"image-d3e11fff-560a-426b-bbd2-e60e90f761b3":{"type":"image","data":{"boxShadow":"none","borderRadius":"0px","imageUrl":"https://antfolio.s3.amazonaws.com/user-images/U2FsdGVkX19c9mWLqfFrw9CrdSRA6HwqpqE9xZY8gwugjsM4p1L2u3SwUzYSpzGs1L2a3S4hAMgjxaB6ffqVyhktIbyBTqZBs1L2a3S4hd1Qe1Q2u3A4le1Q2u3A4l/3d-hands-fun-and-wild-victory-hand-1.png"}},"inception-213a708a-bf4e-45cb-8999-f6019da5201d":{"type":"inception","data":{"border":"1px solid #cdd3d8","boxShadow":"none","borderRadius":"10px","backgroundColor":"transparent"}},"image-5c47146a-c766-4221-840e-b6ba8a453404":{"type":"image","data":{"boxShadow":"none","borderRadius":"0px","imageUrl":"https://antfolio.s3.amazonaws.com/user-images/U2FsdGVkX18SEbRNp1L2u3Sm7SBsIlXAv56D7VyOpti0Is1L2a3S4hf0cevV72M35qOL7pIp0USHWS4oIHICOq2B05WW57ApHA0ge1Q2u3A4le1Q2u3A4l/3d-flame-place.png"}},"inception-a1c37222-a6e4-4a8d-8f38-269c4ae341bb":{"type":"inception","data":{"border":"1px solid #cdd3d8","boxShadow":"none","borderRadius":"10px","backgroundColor":"transparent"}},"image-b8744502-ec00-4b54-aff1-08912e18b067":{"type":"image","data":{"boxShadow":"none","borderRadius":"0px","imageUrl":"https://antfolio.s3.amazonaws.com/user-images/U2FsdGVkX18PZjjLOdG96pSEbPl1SMz89rrUuitebs1L2a3S4hV3H5YMqMvozMLCB0zjN1s0xsMvwcy7IhkVY0RRnFXUage1Q2u3A4le1Q2u3A4l/casual-life-3d-meditation-crystal.png"}},"text-c52b35f3-194c-48e0-ab4f-d6bae380af76":{"type":"text","data":{"text":"<h4 class=\"ql-align-center\"><strong style=\"color: rgb(0, 0, 0);\">You will </strong><strong style=\"color: rgb(224, 62, 62);\">learn</strong><strong style=\"color: rgb(0, 0, 0);\"> to make all these models in </strong><strong style=\"color: rgb(224, 62, 62);\">our course.</strong><strong style=\"color: rgb(0, 0, 0);\"> Pretty </strong><strong style=\"color: rgb(224, 62, 62);\">cool</strong><strong style=\"color: rgb(0, 0, 0);\"> right? </strong></h4>","boxShadow":"none","borderRadius":"0px","fontColor":"#000000"}},"inception-65132d80-55c0-4835-ad74-cb787a80ed50":{"type":"inception","data":{"border":"1px solid #000000","boxShadow":"none","borderRadius":"10px","backgroundColor":"transparent"}},"inception-3ddcc8d3-3977-420f-99e9-bd5e26a09bff":{"type":"inception","data":{"border":"none","boxShadow":"none","borderRadius":"100px","backgroundColor":"#000000"}},"button-48b8d6a9-12c4-46da-8210-23dccd892680":{"type":"button","data":{"parentBlockId":"button-d2463855-3941-4570-8ec7-1e887232ea62","border":"none","boxShadow":"none","borderRadius":"100px","backgroundColor":"#f7484e","buttonText":"Send","inputPlaceholder":"eg: your@email.com","text":"BUY NOW"}},"inception-8d105e4e-dbf8-4fdf-8dbd-139fc8d981f5":{"type":"inception","data":{"border":"1px solid #cdd3d8","boxShadow":"none","borderRadius":"100%","backgroundColor":"#f7484e"}},"image-2b8ef4cd-5bbc-4fba-a24b-125d4884ce1a":{"type":"image","data":{"boxShadow":"none","borderRadius":"0px","imageUrl":"https://antfolio.s3.amazonaws.com/youtube.png"}},"inception-dbeffa27-6a9a-4f6a-a17c-0c1e853f1ced":{"type":"inception","data":{"border":"1px solid #cdd3d8","boxShadow":"none","borderRadius":"100%","backgroundColor":"#f7484e"}},"image-ba94ce64-0fcd-4c38-9762-5a5789f26e62":{"type":"image","data":{"boxShadow":"none","borderRadius":"0px","imageUrl":"https://antfolio.s3.amazonaws.com/dribbble.png"}},"inception-42bc9b43-714b-487e-af09-661f4a36eac9":{"type":"inception","data":{"border":"1px solid #cdd3d8","boxShadow":"none","borderRadius":"100%","backgroundColor":"#f7484e"}},"image-233ca712-41d6-4f6e-86ef-b85ae03ff34f":{"type":"image","data":{"boxShadow":"none","borderRadius":"0px","imageUrl":"https://antfolio.s3.amazonaws.com/medium.png"}},"inception-c9a0ea7a-a312-4401-9b3b-513d62b89442":{"type":"inception","data":{"border":"none","boxShadow":"none","borderRadius":"0px","backgroundColor":"#000000"}},"inception-e24e0c83-f5b8-4157-a1f4-3b29f8f7762f":{"type":"inception","data":{"border":"none","boxShadow":"none","borderRadius":"0px","backgroundColor":"#f7484e"}},"text-86f4838e-55b1-47d7-b770-98769a17cf2d":{"type":"text","data":{"text":"<h4 class=\"ql-align-center\"><strong style=\"color: rgb(0, 0, 0);\">Contact Us</strong></h4>","boxShadow":"none","borderRadius":"0px","fontColor":"#000000"}},"inception-c3244fd0-ed47-4d17-bd64-fb5f9aaeaf44":{"type":"inception","data":{"border":"none","boxShadow":"none","borderRadius":"0px","backgroundColor":"#000000"}},"inception-99751b44-d3ba-4628-85b0-73ac8390402f":{"type":"inception","data":{"border":"none","boxShadow":"none","borderRadius":"0px","backgroundColor":"#f7484e"}},"text-c5d2a5a4-6906-4bee-9402-a1a40f169701":{"type":"text","data":{"text":"<h4 class=\"ql-align-center\"><strong>Or</strong></h4>","boxShadow":"none","borderRadius":"0px","fontColor":"#000000"}},"inception-ed8fd9bd-f486-45c7-b825-11cde3897193":{"type":"inception","data":{"border":"1px solid #cdd3d8","boxShadow":"none","borderRadius":"100px","backgroundColor":"transparent"}},"text-a9d3653d-3caa-4f6c-a0aa-63698dd02415":{"type":"text","data":{"text":"<h4 class=\"ql-align-center\">example@gmail.com</h4>","boxShadow":"none","borderRadius":"0px","fontColor":"#000000"}},"text-1479c19e-2925-4d58-a283-d1d0b4dd03dc":{"type":"text","data":{"text":"<h4 class=\"ql-align-center\">Made with love by</h4>","boxShadow":"none","borderRadius":"0px","fontColor":"#000000"}},"image-d977cdc3-a953-490f-82b5-32e6fc1b7977":{"type":"image","data":{"boxShadow":"none","borderRadius":"100%","imageUrl":"https://antfolio.s3.amazonaws.com/user-images/U2FsdGVkX18qYmTrEqOR4gWU11ExA6os1L2a3S4hp7UcGarxN2HUTdldHXPUp1L2u3S6nWhrQ7HHeQDQE2WZs1L2a3S4h7o2b8uTn18YQ3bAe1Q2u3A4le1Q2u3A4l/day92-freelancing.png"}},"text-9070aa70-a374-485f-bfc3-b8ae77380990":{"type":"text","data":{"text":"<h4 class=\"ql-align-center\"><strong style=\"color: rgb(0, 0, 0);\">@bender_dev</strong></h4>","boxShadow":"none","borderRadius":"0px","fontColor":"#000000"}}},"hierarchy":{"inception-08b007e3-1549-4e10-bb25-fae15a6e7829":[],"inception-79ccb99b-1875-46ac-ada8-f0f1edff521d":["image-9826f74a-b5f5-496a-9829-0737de75783c","text-009bdd51-e9e4-4aa5-bb69-132811992773","text-66cca949-31d4-449b-9d26-e069cee16711","text-841f67af-1961-41cd-b1d1-e95da0b1892b","inception-7583b52a-93d5-4e26-ba2c-f91b54bf3976","button-b0e4d864-c53f-43f0-b081-4893326a0d43","inception-998e60d2-5867-4fbb-98cd-77f143980e55","image-b626916d-a90d-49ec-b234-3c1cb7c552ad","image-bf548b02-0730-446b-9080-cd8245f79711","text-e7eae8db-ad5c-4f1a-b1d0-7b4100656761","image-7e98a8c3-6f55-42a1-a1d5-93bf5624be31","inception-2a32b6b9-e635-44d4-aab4-f1db11d927f0","inception-d8b0855c-51c3-4db2-ab58-769332031f7a","image-ec67f503-d6a0-4d84-b52a-cb024a74fb3b","text-86c0d682-92ee-4729-a37c-8f0b99120d74","inception-3c155a06-2384-453a-920e-b9cba39100b0","inception-7e1effb4-8cb2-48cf-b6b5-17cf77497c1b","inception-a1c37222-a6e4-4a8d-8f38-269c4ae341bb","inception-6e06c2d2-5f2f-442e-859c-a7cf6ab2518e","inception-213a708a-bf4e-45cb-8999-f6019da5201d"],"inception-7583b52a-93d5-4e26-ba2c-f91b54bf3976":["text-ff70a4b7-2083-40ad-9a78-42ac0d37a8d1"],"inception-998e60d2-5867-4fbb-98cd-77f143980e55":["button-d2463855-3941-4570-8ec7-1e887232ea62"],"inception-68b959b1-d923-4f77-a413-0785e364377d":["text-64f3c551-dbe7-49b0-a4c2-7a8777d57cae","inception-cb6c23fd-bb20-48a6-9b33-c8c8b480b7e6","image-31e3619b-407c-44af-8bc7-a8e5c700216b","text-050b6958-2a3f-437b-a5ab-3257042fe5a1","inception-a5065d2d-8f08-4ae1-a15c-2c02d2a971c9","inception-e2399650-1f90-4b06-acd9-49a73f526c6d","inception-19f9013f-2459-438b-821b-4505e616ddcb","inception-58737371-742f-4a65-a415-f5470a172571","inception-a4eecaa8-aae8-41c1-beec-4252711485b5","image-3517d5d5-fa48-43a8-b300-c6555890f733","inception-36d92486-ecf8-4802-bf02-da4c237cc673","image-66a999b3-32f5-4fa7-ba53-75aaa484e118","inception-a49db14e-89bb-48fa-95dd-008b7ace7f6e","inception-65132d80-55c0-4835-ad74-cb787a80ed50","inception-8d105e4e-dbf8-4fdf-8dbd-139fc8d981f5","inception-dbeffa27-6a9a-4f6a-a17c-0c1e853f1ced","inception-42bc9b43-714b-487e-af09-661f4a36eac9","image-b8744502-ec00-4b54-aff1-08912e18b067","inception-c9a0ea7a-a312-4401-9b3b-513d62b89442","inception-c3244fd0-ed47-4d17-bd64-fb5f9aaeaf44","inception-5aaae4d0-21a0-4263-8635-a0e2d6a032f6","button-ccfca5b2-7a41-47db-88f9-67c5406043e0","inception-ed8fd9bd-f486-45c7-b825-11cde3897193","text-1479c19e-2925-4d58-a283-d1d0b4dd03dc","image-d977cdc3-a953-490f-82b5-32e6fc1b7977","text-9070aa70-a374-485f-bfc3-b8ae77380990"],"inception-2a32b6b9-e635-44d4-aab4-f1db11d927f0":["image-e4be749e-367c-4d6e-80b2-79f9eca0f306"],"inception-19f9013f-2459-438b-821b-4505e616ddcb":["inception-14748e5c-71cb-448a-8ac5-a9a807cde43e"],"inception-14748e5c-71cb-448a-8ac5-a9a807cde43e":["text-2a1a2eb4-ad02-4330-b376-579f8ee644ff"],"inception-a4eecaa8-aae8-41c1-beec-4252711485b5":["image-e1a47572-5f64-4641-a71d-b303f66dad7f"],"inception-3c155a06-2384-453a-920e-b9cba39100b0":["image-ecc24f90-8ac6-4be5-a8f8-40a76f3fd86e","image-d611f330-9c52-44c3-8637-88c578c810d9"],"inception-6e06c2d2-5f2f-442e-859c-a7cf6ab2518e":[],"inception-7e1effb4-8cb2-48cf-b6b5-17cf77497c1b":["image-d3e11fff-560a-426b-bbd2-e60e90f761b3"],"inception-213a708a-bf4e-45cb-8999-f6019da5201d":["image-5c47146a-c766-4221-840e-b6ba8a453404"],"inception-a1c37222-a6e4-4a8d-8f38-269c4ae341bb":[],"inception-65132d80-55c0-4835-ad74-cb787a80ed50":["text-c52b35f3-194c-48e0-ab4f-d6bae380af76","inception-3ddcc8d3-3977-420f-99e9-bd5e26a09bff"],"inception-3ddcc8d3-3977-420f-99e9-bd5e26a09bff":["button-48b8d6a9-12c4-46da-8210-23dccd892680"],"inception-8d105e4e-dbf8-4fdf-8dbd-139fc8d981f5":["image-2b8ef4cd-5bbc-4fba-a24b-125d4884ce1a"],"inception-dbeffa27-6a9a-4f6a-a17c-0c1e853f1ced":["image-ba94ce64-0fcd-4c38-9762-5a5789f26e62"],"inception-42bc9b43-714b-487e-af09-661f4a36eac9":["image-233ca712-41d6-4f6e-86ef-b85ae03ff34f"],"inception-c9a0ea7a-a312-4401-9b3b-513d62b89442":["inception-e24e0c83-f5b8-4157-a1f4-3b29f8f7762f"],"inception-e24e0c83-f5b8-4157-a1f4-3b29f8f7762f":["text-86f4838e-55b1-47d7-b770-98769a17cf2d"],"inception-c3244fd0-ed47-4d17-bd64-fb5f9aaeaf44":["inception-99751b44-d3ba-4628-85b0-73ac8390402f"],"inception-99751b44-d3ba-4628-85b0-73ac8390402f":["text-c5d2a5a4-6906-4bee-9402-a1a40f169701"],"inception-ed8fd9bd-f486-45c7-b825-11cde3897193":["text-a9d3653d-3caa-4f6c-a0aa-63698dd02415"]},"layouts":{"inception-79ccb99b-1875-46ac-ada8-f0f1edff521d":{"x":0,"y":0.1388888888888889,"w":200,"h":225.69444444444446,"i":"inception-79ccb99b-1875-46ac-ada8-f0f1edff521d"},"text-009bdd51-e9e4-4aa5-bb69-132811992773":{"x":19.305555555555554,"y":29.305555555555554,"w":65.41666666666667,"h":43.05555555555556,"i":"text-009bdd51-e9e4-4aa5-bb69-132811992773"},"inception-7583b52a-93d5-4e26-ba2c-f91b54bf3976":{"x":78.88888888888889,"y":3.333333333333333,"w":42.083333333333336,"h":11.527777777777775,"i":"inception-7583b52a-93d5-4e26-ba2c-f91b54bf3976"},"text-ff70a4b7-2083-40ad-9a78-42ac0d37a8d1":{"x":80.13888888888889,"y":5.2777777777777795,"w":39.583333333333336,"h":7.638888888888888,"i":"text-ff70a4b7-2083-40ad-9a78-42ac0d37a8d1"},"inception-998e60d2-5867-4fbb-98cd-77f143980e55":{"x":34.44444444444444,"y":77.77777777777777,"w":27.777777777777775,"h":6.944444444444445,"i":"inception-998e60d2-5867-4fbb-98cd-77f143980e55"},"button-d2463855-3941-4570-8ec7-1e887232ea62":{"x":33.888888888888886,"y":77.22222222222221,"w":27.77777777777778,"h":6.944444444444445,"i":"button-d2463855-3941-4570-8ec7-1e887232ea62"},"image-bf548b02-0730-446b-9080-cd8245f79711":{"x":96.80555555555554,"y":25.694444444444446,"w":92.36111111111107,"h":63.05555555555554,"i":"image-bf548b02-0730-446b-9080-cd8245f79711"},"text-e7eae8db-ad5c-4f1a-b1d0-7b4100656761":{"x":61.666666666666664,"y":115.83333333333333,"w":76.94444444444444,"h":10.13888888888889,"i":"text-e7eae8db-ad5c-4f1a-b1d0-7b4100656761"},"inception-2a32b6b9-e635-44d4-aab4-f1db11d927f0":{"x":5.972222222222222,"y":153.6111111111111,"w":66.11111111111111,"h":55.69444444444445,"i":"inception-2a32b6b9-e635-44d4-aab4-f1db11d927f0"},"inception-68b959b1-d923-4f77-a413-0785e364377d":{"x":0,"y":226.11111111111111,"w":200,"h":284.72222222222223,"i":"inception-68b959b1-d923-4f77-a413-0785e364377d"},"image-e4be749e-367c-4d6e-80b2-79f9eca0f306":{"x":9.722222222222221,"y":155.83333333333334,"w":58.74999999999999,"h":50.97222222222223,"i":"image-e4be749e-367c-4d6e-80b2-79f9eca0f306"},"inception-19f9013f-2459-438b-821b-4505e616ddcb":{"x":79.86111111111111,"y":361.94444444444446,"w":45.833333333333336,"h":6.944444444444445,"i":"inception-19f9013f-2459-438b-821b-4505e616ddcb"},"text-2a1a2eb4-ad02-4330-b376-579f8ee644ff":{"x":91.25,"y":362.0833333333333,"w":21.38888888888889,"h":5,"i":"text-2a1a2eb4-ad02-4330-b376-579f8ee644ff"},"inception-14748e5c-71cb-448a-8ac5-a9a807cde43e":{"x":79.16666666666667,"y":361.25,"w":45.833333333333336,"h":6.805555555555556,"i":"inception-14748e5c-71cb-448a-8ac5-a9a807cde43e"},"inception-a4eecaa8-aae8-41c1-beec-4252711485b5":{"x":67.91666666666667,"y":375.8333333333333,"w":11.111111111111107,"h":11.111111111111107,"i":"inception-a4eecaa8-aae8-41c1-beec-4252711485b5"},"image-e1a47572-5f64-4641-a71d-b303f66dad7f":{"x":70.69444444444434,"y":378.47222222222223,"w":6.111111111111111,"h":6.111111111111111,"i":"image-e1a47572-5f64-4641-a71d-b303f66dad7f"},"image-d611f330-9c52-44c3-8637-88c578c810d9":{"x":80.13888888888889,"y":140.00000000000003,"w":45.138888888888886,"h":45.83333333333333,"i":"image-d611f330-9c52-44c3-8637-88c578c810d9"},"inception-3c155a06-2384-453a-920e-b9cba39100b0":{"x":75.41666666666667,"y":135.27777777777774,"w":53.75,"h":55.69444444444445,"i":"inception-3c155a06-2384-453a-920e-b9cba39100b0"},"inception-6e06c2d2-5f2f-442e-859c-a7cf6ab2518e":{"x":5.694444444444445,"y":212.22222222222217,"w":66.66666666666667,"h":57.22222222222223,"i":"inception-6e06c2d2-5f2f-442e-859c-a7cf6ab2518e"},"image-66a999b3-32f5-4fa7-ba53-75aaa484e118":{"x":12.083333333333409,"y":226.11111111111114,"w":53.611111111111114,"h":29.999999999999996,"i":"image-66a999b3-32f5-4fa7-ba53-75aaa484e118"},"inception-7e1effb4-8cb2-48cf-b6b5-17cf77497c1b":{"x":75.97222222222221,"y":196.66666666666663,"w":52.77777777777778,"h":66.66666666666667,"i":"inception-7e1effb4-8cb2-48cf-b6b5-17cf77497c1b"},"image-d3e11fff-560a-426b-bbd2-e60e90f761b3":{"x":90.69444444444449,"y":202.36111111111114,"w":24.166666666666664,"h":55.55555555555555,"i":"image-d3e11fff-560a-426b-bbd2-e60e90f761b3"},"inception-213a708a-bf4e-45cb-8999-f6019da5201d":{"x":133.05555555555554,"y":157.77777777777777,"w":58.61111111111111,"h":58.055555555555564,"i":"inception-213a708a-bf4e-45cb-8999-f6019da5201d"},"image-5c47146a-c766-4221-840e-b6ba8a453404":{"x":134.86111111111123,"y":165.4166666666668,"w":55,"h":42.77777777777778,"i":"image-5c47146a-c766-4221-840e-b6ba8a453404"},"inception-a1c37222-a6e4-4a8d-8f38-269c4ae341bb":{"x":132.77777777777777,"y":221.24999999999997,"w":59.02777777777778,"h":55.69444444444445,"i":"inception-a1c37222-a6e4-4a8d-8f38-269c4ae341bb"},"image-b8744502-ec00-4b54-aff1-08912e18b067":{"x":134.30555555555566,"y":234.72222222222226,"w":55.833333333333336,"h":28.611111111111107,"i":"image-b8744502-ec00-4b54-aff1-08912e18b067"},"text-c52b35f3-194c-48e0-ab4f-d6bae380af76":{"x":63.888888888888864,"y":301.38888888888897,"w":78.88888888888889,"h":10,"i":"text-c52b35f3-194c-48e0-ab4f-d6bae380af76"},"inception-65132d80-55c0-4835-ad74-cb787a80ed50":{"x":55,"y":295.4166666666667,"w":94.8611111111111,"h":35.27777777777778,"i":"inception-65132d80-55c0-4835-ad74-cb787a80ed50"},"inception-3ddcc8d3-3977-420f-99e9-bd5e26a09bff":{"x":88.75,"y":318.88888888888886,"w":27.777777777777775,"h":6.944444444444445,"i":"inception-3ddcc8d3-3977-420f-99e9-bd5e26a09bff"},"button-48b8d6a9-12c4-46da-8210-23dccd892680":{"x":88.19444444444444,"y":318.3333333333333,"w":27.77777777777778,"h":6.944444444444445,"i":"button-48b8d6a9-12c4-46da-8210-23dccd892680"},"inception-8d105e4e-dbf8-4fdf-8dbd-139fc8d981f5":{"x":87.91666666666667,"y":375.8333333333333,"w":11.111111111111107,"h":11.111111111111107,"i":"inception-8d105e4e-dbf8-4fdf-8dbd-139fc8d981f5"},"image-2b8ef4cd-5bbc-4fba-a24b-125d4884ce1a":{"x":90.5555555555555,"y":378.3333333333333,"w":6.111111111111111,"h":6.111111111111111,"i":"image-2b8ef4cd-5bbc-4fba-a24b-125d4884ce1a"},"inception-dbeffa27-6a9a-4f6a-a17c-0c1e853f1ced":{"x":107.08333333333333,"y":375.97222222222223,"w":11.111111111111107,"h":11.111111111111107,"i":"inception-dbeffa27-6a9a-4f6a-a17c-0c1e853f1ced"},"image-ba94ce64-0fcd-4c38-9762-5a5789f26e62":{"x":109.72222222222217,"y":378.47222222222223,"w":6.111111111111111,"h":6.111111111111111,"i":"image-ba94ce64-0fcd-4c38-9762-5a5789f26e62"},"inception-42bc9b43-714b-487e-af09-661f4a36eac9":{"x":125.55555555555556,"y":376.25,"w":11.111111111111107,"h":11.111111111111107,"i":"inception-42bc9b43-714b-487e-af09-661f4a36eac9"},"image-233ca712-41d6-4f6e-86ef-b85ae03ff34f":{"x":128.1944444444444,"y":378.75,"w":6.111111111111111,"h":6.111111111111111,"i":"image-233ca712-41d6-4f6e-86ef-b85ae03ff34f"},"inception-c9a0ea7a-a312-4401-9b3b-513d62b89442":{"x":80.55555555555556,"y":412.77777777777777,"w":45.833333333333336,"h":6.944444444444445,"i":"inception-c9a0ea7a-a312-4401-9b3b-513d62b89442"},"inception-e24e0c83-f5b8-4157-a1f4-3b29f8f7762f":{"x":79.86111111111111,"y":412.0833333333333,"w":45.833333333333336,"h":6.805555555555556,"i":"inception-e24e0c83-f5b8-4157-a1f4-3b29f8f7762f"},"text-86f4838e-55b1-47d7-b770-98769a17cf2d":{"x":89.16666666666667,"y":413.05555555555554,"w":27.36111111111111,"h":5,"i":"text-86f4838e-55b1-47d7-b770-98769a17cf2d"},"inception-c3244fd0-ed47-4d17-bd64-fb5f9aaeaf44":{"x":92.63888888888889,"y":394.8611111111111,"w":19.861111111111114,"h":6.805555555555556,"i":"inception-c3244fd0-ed47-4d17-bd64-fb5f9aaeaf44"},"inception-99751b44-d3ba-4628-85b0-73ac8390402f":{"x":91.94444444444444,"y":394.16666666666663,"w":19.861111111111114,"h":6.666666666666667,"i":"inception-99751b44-d3ba-4628-85b0-73ac8390402f"},"text-c5d2a5a4-6906-4bee-9402-a1a40f169701":{"x":95,"y":395,"w":13.75,"h":5,"i":"text-c5d2a5a4-6906-4bee-9402-a1a40f169701"},"inception-ed8fd9bd-f486-45c7-b825-11cde3897193":{"x":80.69444444444444,"y":424.30555555555554,"w":44.166666666666664,"h":7.222222222222222,"i":"inception-ed8fd9bd-f486-45c7-b825-11cde3897193"},"text-a9d3653d-3caa-4f6c-a0aa-63698dd02415":{"x":83.19444444444444,"y":425.27777777777777,"w":38.888888888888886,"h":5,"i":"text-a9d3653d-3caa-4f6c-a0aa-63698dd02415"},"text-1479c19e-2925-4d58-a283-d1d0b4dd03dc":{"x":83.88888888888889,"y":451.25,"w":36.80555555555556,"h":5,"i":"text-1479c19e-2925-4d58-a283-d1d0b4dd03dc"},"image-d977cdc3-a953-490f-82b5-32e6fc1b7977":{"x":94.02777777777777,"y":458.19444444444446,"w":18.055555555555557,"h":18.055555555555557,"i":"image-d977cdc3-a953-490f-82b5-32e6fc1b7977"},"text-9070aa70-a374-485f-bfc3-b8ae77380990":{"x":87.91666666666667,"y":479.16666666666663,"w":30.555555555555554,"h":5,"i":"text-9070aa70-a374-485f-bfc3-b8ae77380990"}},"mobileLayout":{"inception-79ccb99b-1875-46ac-ada8-f0f1edff521d":{"x":0,"y":0.1388888888888889,"w":100,"h":402.45120120120123,"i":"inception-79ccb99b-1875-46ac-ada8-f0f1edff521d"},"text-009bdd51-e9e4-4aa5-bb69-132811992773":{"x":2.6257507507507487,"y":19.846096096096094,"w":95.41103603603604,"h":72.43243243243244,"i":"text-009bdd51-e9e4-4aa5-bb69-132811992773"},"inception-7583b52a-93d5-4e26-ba2c-f91b54bf3976":{"x":23.22822822822823,"y":3.603603603603603,"w":54.01463963963964,"h":11.527777777777775,"i":"inception-7583b52a-93d5-4e26-ba2c-f91b54bf3976"},"text-ff70a4b7-2083-40ad-9a78-42ac0d37a8d1":{"x":20.339714714714717,"y":3.9264264264264286,"w":60.60247747747748,"h":11.35135135135135,"i":"text-ff70a4b7-2083-40ad-9a78-42ac0d37a8d1"},"inception-998e60d2-5867-4fbb-98cd-77f143980e55":{"x":33.168168168168165,"y":100.48048048048048,"w":30.1051051051051,"h":8.025525525525525,"i":"inception-998e60d2-5867-4fbb-98cd-77f143980e55"},"button-d2463855-3941-4570-8ec7-1e887232ea62":{"x":31.80930930930931,"y":97.49249249249249,"w":31.186186186186184,"h":9.647147147147146,"i":"button-d2463855-3941-4570-8ec7-1e887232ea62"},"image-bf548b02-0730-446b-9080-cd8245f79711":{"x":7.321696696696694,"y":123.26201201201201,"w":84.82920420420417,"h":60.623123123123115,"i":"image-bf548b02-0730-446b-9080-cd8245f79711"},"text-e7eae8db-ad5c-4f1a-b1d0-7b4100656761":{"x":5.698198198198197,"y":201.2387387387387,"w":89.01276276276275,"h":30.270278518264355,"i":"text-e7eae8db-ad5c-4f1a-b1d0-7b4100656761"},"inception-2a32b6b9-e635-44d4-aab4-f1db11d927f0":{"x":7.310435435435436,"y":314.4219219219219,"w":81.7042042042042,"h":58.667417417417425,"i":"inception-2a32b6b9-e635-44d4-aab4-f1db11d927f0"},"inception-68b959b1-d923-4f77-a413-0785e364377d":{"x":0,"y":401.7867867867868,"w":100,"h":594.7222222222223,"i":"inception-68b959b1-d923-4f77-a413-0785e364377d"},"inception-536a9301-2743-4a16-9181-d8d244745aee":{"x":31.180555555555554,"y":313.05555555555554,"w":13.888888888888888,"h":6.944444444444445,"i":"inception-536a9301-2743-4a16-9181-d8d244745aee"},"text-db459b30-45af-48a8-ad30-a936e6f41d0a":{"x":40.06944444444444,"y":230.83333333333331,"w":30.87274774774775,"h":11.692942942942942,"i":"text-db459b30-45af-48a8-ad30-a936e6f41d0a"},"image-e4be749e-367c-4d6e-80b2-79f9eca0f306":{"x":10.266516516516518,"y":316.64414414414415,"w":75.32094594594594,"h":53.945195195195204,"i":"image-e4be749e-367c-4d6e-80b2-79f9eca0f306"},"inception-19f9013f-2459-438b-821b-4505e616ddcb":{"x":21.01163663663664,"y":783.2957957957958,"w":53.72747747747748,"h":9.106606606606606,"i":"inception-19f9013f-2459-438b-821b-4505e616ddcb"},"text-2a1a2eb4-ad02-4330-b376-579f8ee644ff":{"x":30.31906906906908,"y":783.8400900900899,"w":37.4512012012012,"h":7.5675675675675675,"i":"text-2a1a2eb4-ad02-4330-b376-579f8ee644ff"},"inception-14748e5c-71cb-448a-8ac5-a9a807cde43e":{"x":20.664414414414413,"y":782.4624624624626,"w":52.6463963963964,"h":8.427177177177178,"i":"inception-14748e5c-71cb-448a-8ac5-a9a807cde43e"},"inception-a4eecaa8-aae8-41c1-beec-4252711485b5":{"x":15.850225225225227,"y":800.1576576576576,"w":17.44744744744744,"h":17.59759759759759,"i":"inception-a4eecaa8-aae8-41c1-beec-4252711485b5"},"image-e1a47572-5f64-4641-a71d-b303f66dad7f":{"x":19.671546546546494,"y":804.4181681681682,"w":9.001501501501501,"h":8.543543543543542,"i":"image-e1a47572-5f64-4641-a71d-b303f66dad7f"},"inception-3c155a06-2384-453a-920e-b9cba39100b0":{"x":7.4380630630630655,"y":243.3858858858858,"w":81.19932432432432,"h":60.01876876876877,"i":"inception-3c155a06-2384-453a-920e-b9cba39100b0"},"image-d611f330-9c52-44c3-8637-88c578c810d9":{"x":18.447822822822825,"y":247.56756756756755,"w":58.24512012012012,"h":50.427927927927925,"i":"image-d611f330-9c52-44c3-8637-88c578c810d9"},"inception-6e06c2d2-5f2f-442e-859c-a7cf6ab2518e":{"x":6.901276276276276,"y":544.6546546546546,"w":83.6036036036036,"h":53.978978978978986,"i":"inception-6e06c2d2-5f2f-442e-859c-a7cf6ab2518e"},"image-66a999b3-32f5-4fa7-ba53-75aaa484e118":{"x":11.176801801801837,"y":550.4354354354354,"w":74.91366366366367,"h":42.16216216216216,"i":"image-66a999b3-32f5-4fa7-ba53-75aaa484e118"},"inception-7e1effb4-8cb2-48cf-b6b5-17cf77497c1b":{"x":7.175300300300301,"y":456.9369369369369,"w":83.14564564564566,"h":77.20720720720722,"i":"inception-7e1effb4-8cb2-48cf-b6b5-17cf77497c1b"},"image-d3e11fff-560a-426b-bbd2-e60e90f761b3":{"x":32.914789789789815,"y":463.9827327327327,"w":27.48873873873874,"h":64.2042042042042,"i":"image-d3e11fff-560a-426b-bbd2-e60e90f761b3"},"inception-213a708a-bf4e-45cb-8999-f6019da5201d":{"x":7.338588588588586,"y":382.6426426426426,"w":83.08933933933933,"h":62.65015015015016,"i":"inception-213a708a-bf4e-45cb-8999-f6019da5201d"},"image-5c47146a-c766-4221-840e-b6ba8a453404":{"x":16.349474474474533,"y":388.65990990991,"w":68.58108108108108,"h":50.885885885885884,"i":"image-5c47146a-c766-4221-840e-b6ba8a453404"},"inception-a1c37222-a6e4-4a8d-8f38-269c4ae341bb":{"x":7.1996996996996945,"y":608.277027027027,"w":83.56794294294293,"h":52.721471471471475,"i":"inception-a1c37222-a6e4-4a8d-8f38-269c4ae341bb"},"image-b8744502-ec00-4b54-aff1-08912e18b067":{"x":12.828453453453506,"y":612.5600600600601,"w":71.97072072072072,"h":44.01651651651651,"i":"image-b8744502-ec00-4b54-aff1-08912e18b067"},"text-c52b35f3-194c-48e0-ab4f-d6bae380af76":{"x":14.917417417417402,"y":700.5705705705707,"w":67.01201201201201,"h":22.7027027027027,"i":"text-c52b35f3-194c-48e0-ab4f-d6bae380af76"},"inception-65132d80-55c0-4835-ad74-cb787a80ed50":{"x":7.77027027027027,"y":685.9572072072074,"w":82.02515015015014,"h":70.95345345345345,"i":"inception-65132d80-55c0-4835-ad74-cb787a80ed50"},"inception-3ddcc8d3-3977-420f-99e9-bd5e26a09bff":{"x":33.02364864864865,"y":733.7462462462465,"w":32.53753753753753,"h":9.106606606606608,"i":"inception-3ddcc8d3-3977-420f-99e9-bd5e26a09bff"},"button-48b8d6a9-12c4-46da-8210-23dccd892680":{"x":32.47560060060062,"y":732.3798798798797,"w":32.26726726726727,"h":9.376876876876878,"i":"button-48b8d6a9-12c4-46da-8210-23dccd892680"},"inception-8d105e4e-dbf8-4fdf-8dbd-139fc8d981f5":{"x":65.03941441441441,"y":800.1576576576576,"w":17.447447447447445,"h":17.59759759759759,"i":"inception-8d105e4e-dbf8-4fdf-8dbd-139fc8d981f5"},"image-2b8ef4cd-5bbc-4fba-a24b-125d4884ce1a":{"x":68.79129129129124,"y":804.9512012012012,"w":9.812312312312311,"h":8.543543543543542,"i":"image-2b8ef4cd-5bbc-4fba-a24b-125d4884ce1a"},"inception-dbeffa27-6a9a-4f6a-a17c-0c1e853f1ced":{"x":15.974099099099096,"y":824.3506006006008,"w":17.447447447447445,"h":17.59759759759759,"i":"inception-dbeffa27-6a9a-4f6a-a17c-0c1e853f1ced"},"image-ba94ce64-0fcd-4c38-9762-5a5789f26e62":{"x":19.455705705705682,"y":828.3333333333336,"w":10.352852852852852,"h":9.894894894894893,"i":"image-ba94ce64-0fcd-4c38-9762-5a5789f26e62"},"inception-42bc9b43-714b-487e-af09-661f4a36eac9":{"x":64.93993993993995,"y":823.5472972972974,"w":17.447447447447445,"h":17.59759759759759,"i":"inception-42bc9b43-714b-487e-af09-661f4a36eac9"},"image-233ca712-41d6-4f6e-86ef-b85ae03ff34f":{"x":68.69181681681678,"y":827.8003003003004,"w":9.812312312312313,"h":9.624624624624625,"i":"image-233ca712-41d6-4f6e-86ef-b85ae03ff34f"},"inception-c9a0ea7a-a312-4401-9b3b-513d62b89442":{"x":15.142642642642647,"y":874.6696696696695,"w":67.240990990991,"h":9.376876876876878,"i":"inception-c9a0ea7a-a312-4401-9b3b-513d62b89442"},"inception-e24e0c83-f5b8-4157-a1f4-3b29f8f7762f":{"x":14.795420420420424,"y":873.8363363363362,"w":66.15990990990991,"h":8.697447447447448,"i":"inception-e24e0c83-f5b8-4157-a1f4-3b29f8f7762f"},"text-86f4838e-55b1-47d7-b770-98769a17cf2d":{"x":27.48686186186186,"y":874.2605105105107,"w":39.35623123123123,"h":7.5675675675675675,"i":"text-86f4838e-55b1-47d7-b770-98769a17cf2d"},"inception-c3244fd0-ed47-4d17-bd64-fb5f9aaeaf44":{"x":36.85998498498498,"y":850.807057057057,"w":21.822447447447452,"h":8.697447447447448,"i":"inception-c3244fd0-ed47-4d17-bd64-fb5f9aaeaf44"},"inception-99751b44-d3ba-4628-85b0-73ac8390402f":{"x":36.51276276276277,"y":849.9737237237238,"w":21.281906906906908,"h":8.018018018018019,"i":"inception-99751b44-d3ba-4628-85b0-73ac8390402f"},"text-c5d2a5a4-6906-4bee-9402-a1a40f169701":{"x":41.195570570570574,"y":849.8423423423424,"w":11.199324324324323,"h":7.5675675675675675,"i":"text-c5d2a5a4-6906-4bee-9402-a1a40f169701"},"inception-ed8fd9bd-f486-45c7-b825-11cde3897193":{"x":15.212087087087085,"y":889.9812312312315,"w":67.759009009009,"h":10.735735735735735,"i":"inception-ed8fd9bd-f486-45c7-b825-11cde3897193"},"text-a9d3653d-3caa-4f6c-a0aa-63698dd02415":{"x":23.218843843843846,"y":891.4939939939939,"w":51.87687687687687,"h":7.5675675675675675,"i":"text-a9d3653d-3caa-4f6c-a0aa-63698dd02415"},"text-1479c19e-2925-4d58-a283-d1d0b4dd03dc":{"x":27.079579579579583,"y":935.5743243243243,"w":45.15953453453453,"h":7.5675675675675675,"i":"text-1479c19e-2925-4d58-a283-d1d0b4dd03dc"},"image-d977cdc3-a953-490f-82b5-32e6fc1b7977":{"x":39.17605105105105,"y":949.5457957957957,"w":21.73048048048048,"h":21.56906906906907,"i":"image-d977cdc3-a953-490f-82b5-32e6fc1b7977"},"text-9070aa70-a374-485f-bfc3-b8ae77380990":{"x":28.55292792792793,"y":976.734234234234,"w":42.3048048048048,"h":7.567534575591216,"i":"text-9070aa70-a374-485f-bfc3-b8ae77380990"}},"mobileHierarchy":{"inception-08b007e3-1549-4e10-bb25-fae15a6e7829":[],"inception-79ccb99b-1875-46ac-ada8-f0f1edff521d":["image-9826f74a-b5f5-496a-9829-0737de75783c","text-009bdd51-e9e4-4aa5-bb69-132811992773","text-66cca949-31d4-449b-9d26-e069cee16711","text-841f67af-1961-41cd-b1d1-e95da0b1892b","inception-7583b52a-93d5-4e26-ba2c-f91b54bf3976","button-b0e4d864-c53f-43f0-b081-4893326a0d43","inception-998e60d2-5867-4fbb-98cd-77f143980e55","image-b626916d-a90d-49ec-b234-3c1cb7c552ad","image-bf548b02-0730-446b-9080-cd8245f79711","text-e7eae8db-ad5c-4f1a-b1d0-7b4100656761","image-7e98a8c3-6f55-42a1-a1d5-93bf5624be31","inception-2a32b6b9-e635-44d4-aab4-f1db11d927f0","inception-d8b0855c-51c3-4db2-ab58-769332031f7a","image-ec67f503-d6a0-4d84-b52a-cb024a74fb3b","text-86c0d682-92ee-4729-a37c-8f0b99120d74","inception-3c155a06-2384-453a-920e-b9cba39100b0","inception-7e1effb4-8cb2-48cf-b6b5-17cf77497c1b","inception-a1c37222-a6e4-4a8d-8f38-269c4ae341bb","inception-6e06c2d2-5f2f-442e-859c-a7cf6ab2518e","inception-213a708a-bf4e-45cb-8999-f6019da5201d"],"inception-7583b52a-93d5-4e26-ba2c-f91b54bf3976":["text-ff70a4b7-2083-40ad-9a78-42ac0d37a8d1"],"inception-998e60d2-5867-4fbb-98cd-77f143980e55":["button-d2463855-3941-4570-8ec7-1e887232ea62"],"inception-68b959b1-d923-4f77-a413-0785e364377d":["text-64f3c551-dbe7-49b0-a4c2-7a8777d57cae","inception-cb6c23fd-bb20-48a6-9b33-c8c8b480b7e6","image-31e3619b-407c-44af-8bc7-a8e5c700216b","text-050b6958-2a3f-437b-a5ab-3257042fe5a1","inception-a5065d2d-8f08-4ae1-a15c-2c02d2a971c9","inception-e2399650-1f90-4b06-acd9-49a73f526c6d","inception-19f9013f-2459-438b-821b-4505e616ddcb","inception-58737371-742f-4a65-a415-f5470a172571","inception-a4eecaa8-aae8-41c1-beec-4252711485b5","image-3517d5d5-fa48-43a8-b300-c6555890f733","inception-36d92486-ecf8-4802-bf02-da4c237cc673","image-66a999b3-32f5-4fa7-ba53-75aaa484e118","inception-a49db14e-89bb-48fa-95dd-008b7ace7f6e","inception-65132d80-55c0-4835-ad74-cb787a80ed50","inception-8d105e4e-dbf8-4fdf-8dbd-139fc8d981f5","inception-dbeffa27-6a9a-4f6a-a17c-0c1e853f1ced","inception-42bc9b43-714b-487e-af09-661f4a36eac9","image-b8744502-ec00-4b54-aff1-08912e18b067","inception-c9a0ea7a-a312-4401-9b3b-513d62b89442","inception-c3244fd0-ed47-4d17-bd64-fb5f9aaeaf44","inception-5aaae4d0-21a0-4263-8635-a0e2d6a032f6","button-ccfca5b2-7a41-47db-88f9-67c5406043e0","inception-ed8fd9bd-f486-45c7-b825-11cde3897193","text-1479c19e-2925-4d58-a283-d1d0b4dd03dc","image-d977cdc3-a953-490f-82b5-32e6fc1b7977","text-9070aa70-a374-485f-bfc3-b8ae77380990"],"inception-2a32b6b9-e635-44d4-aab4-f1db11d927f0":["image-e4be749e-367c-4d6e-80b2-79f9eca0f306"],"inception-19f9013f-2459-438b-821b-4505e616ddcb":["inception-14748e5c-71cb-448a-8ac5-a9a807cde43e"],"inception-14748e5c-71cb-448a-8ac5-a9a807cde43e":["text-2a1a2eb4-ad02-4330-b376-579f8ee644ff"],"inception-a4eecaa8-aae8-41c1-beec-4252711485b5":["image-e1a47572-5f64-4641-a71d-b303f66dad7f"],"inception-3c155a06-2384-453a-920e-b9cba39100b0":["image-ecc24f90-8ac6-4be5-a8f8-40a76f3fd86e","image-d611f330-9c52-44c3-8637-88c578c810d9"],"inception-6e06c2d2-5f2f-442e-859c-a7cf6ab2518e":[],"inception-7e1effb4-8cb2-48cf-b6b5-17cf77497c1b":["image-d3e11fff-560a-426b-bbd2-e60e90f761b3"],"inception-213a708a-bf4e-45cb-8999-f6019da5201d":["image-5c47146a-c766-4221-840e-b6ba8a453404"],"inception-a1c37222-a6e4-4a8d-8f38-269c4ae341bb":[],"inception-65132d80-55c0-4835-ad74-cb787a80ed50":["text-c52b35f3-194c-48e0-ab4f-d6bae380af76","inception-3ddcc8d3-3977-420f-99e9-bd5e26a09bff"],"inception-3ddcc8d3-3977-420f-99e9-bd5e26a09bff":["button-48b8d6a9-12c4-46da-8210-23dccd892680"],"inception-8d105e4e-dbf8-4fdf-8dbd-139fc8d981f5":["image-2b8ef4cd-5bbc-4fba-a24b-125d4884ce1a"],"inception-dbeffa27-6a9a-4f6a-a17c-0c1e853f1ced":["image-ba94ce64-0fcd-4c38-9762-5a5789f26e62"],"inception-42bc9b43-714b-487e-af09-661f4a36eac9":["image-233ca712-41d6-4f6e-86ef-b85ae03ff34f"],"inception-c9a0ea7a-a312-4401-9b3b-513d62b89442":["inception-e24e0c83-f5b8-4157-a1f4-3b29f8f7762f"],"inception-e24e0c83-f5b8-4157-a1f4-3b29f8f7762f":["text-86f4838e-55b1-47d7-b770-98769a17cf2d"],"inception-c3244fd0-ed47-4d17-bd64-fb5f9aaeaf44":["inception-99751b44-d3ba-4628-85b0-73ac8390402f"],"inception-99751b44-d3ba-4628-85b0-73ac8390402f":["text-c5d2a5a4-6906-4bee-9402-a1a40f169701"],"inception-ed8fd9bd-f486-45c7-b825-11cde3897193":["text-a9d3653d-3caa-4f6c-a0aa-63698dd02415"]},"mobileEditedBlocks":["inception-68b959b1-d923-4f77-a413-0785e364377d","text-ff70a4b7-2083-40ad-9a78-42ac0d37a8d1","inception-7583b52a-93d5-4e26-ba2c-f91b54bf3976","image-bf548b02-0730-446b-9080-cd8245f79711","text-009bdd51-e9e4-4aa5-bb69-132811992773","text-9070aa70-a374-485f-bfc3-b8ae77380990","image-d977cdc3-a953-490f-82b5-32e6fc1b7977","text-a9d3653d-3caa-4f6c-a0aa-63698dd02415","text-1479c19e-2925-4d58-a283-d1d0b4dd03dc","inception-ed8fd9bd-f486-45c7-b825-11cde3897193","inception-c9a0ea7a-a312-4401-9b3b-513d62b89442","inception-e24e0c83-f5b8-4157-a1f4-3b29f8f7762f","text-86f4838e-55b1-47d7-b770-98769a17cf2d","inception-c3244fd0-ed47-4d17-bd64-fb5f9aaeaf44","inception-99751b44-d3ba-4628-85b0-73ac8390402f","text-c5d2a5a4-6906-4bee-9402-a1a40f169701","inception-19f9013f-2459-438b-821b-4505e616ddcb","inception-14748e5c-71cb-448a-8ac5-a9a807cde43e","text-2a1a2eb4-ad02-4330-b376-579f8ee644ff","inception-a4eecaa8-aae8-41c1-beec-4252711485b5","inception-8d105e4e-dbf8-4fdf-8dbd-139fc8d981f5","inception-dbeffa27-6a9a-4f6a-a17c-0c1e853f1ced","inception-42bc9b43-714b-487e-af09-661f4a36eac9","inception-65132d80-55c0-4835-ad74-cb787a80ed50","text-c52b35f3-194c-48e0-ab4f-d6bae380af76","button-48b8d6a9-12c4-46da-8210-23dccd892680","inception-3ddcc8d3-3977-420f-99e9-bd5e26a09bff","image-e1a47572-5f64-4641-a71d-b303f66dad7f","image-2b8ef4cd-5bbc-4fba-a24b-125d4884ce1a","image-ba94ce64-0fcd-4c38-9762-5a5789f26e62","image-233ca712-41d6-4f6e-86ef-b85ae03ff34f","inception-a1c37222-a6e4-4a8d-8f38-269c4ae341bb","image-b8744502-ec00-4b54-aff1-08912e18b067","inception-6e06c2d2-5f2f-442e-859c-a7cf6ab2518e","image-66a999b3-32f5-4fa7-ba53-75aaa484e118","inception-7e1effb4-8cb2-48cf-b6b5-17cf77497c1b","image-d3e11fff-560a-426b-bbd2-e60e90f761b3","text-e7eae8db-ad5c-4f1a-b1d0-7b4100656761","text-db459b30-45af-48a8-ad30-a936e6f41d0a","inception-79ccb99b-1875-46ac-ada8-f0f1edff521d","inception-213a708a-bf4e-45cb-8999-f6019da5201d","inception-2a32b6b9-e635-44d4-aab4-f1db11d927f0","inception-3c155a06-2384-453a-920e-b9cba39100b0","image-5c47146a-c766-4221-840e-b6ba8a453404","image-e4be749e-367c-4d6e-80b2-79f9eca0f306","image-d611f330-9c52-44c3-8637-88c578c810d9","inception-998e60d2-5867-4fbb-98cd-77f143980e55","button-d2463855-3941-4570-8ec7-1e887232ea62"]}