{
  "blocks": {
    "image-a80faef9-9b97-4253-89b5-36a3b37ea388": {
      "type": "image",
      "data": {
        "boxShadow": "none",
        "borderRadius": "0px",
        "imageUrl": "https://images.unsplash.com/photo-1618159072219-620bc5c8f3f0?ixid=MXwxMjA3fDB8MHxwaG90by1wYWdlfHx8fGVufDB8fHw%3D&ixlib=rb-1.2.1&auto=format&fit=crop&w=1525&q=80"
      }
    },
    "text-ba76d2a2-de2b-4f21-8cba-9dab1baf99af": {
      "type": "text",
      "data": {
        "text": "<h5 class=\"ql-align-center\"><span style=\"color: rgb(0, 0, 0);\">There must be always at least one block on the page. Therefore, you won't be able to delete the last one.</span></h5>",
        "boxShadow": "none",
        "borderRadius": "0px",
        "fontColor": "#000000"
      }
    }
  },
  "hierarchy": {},
  "layouts": {
    "image-a80faef9-9b97-4253-89b5-36a3b37ea388": {
      "x": 49.72222222222222,
      "y": 30.694444444444443,
      "w": 100.27777777777777,
      "h": 40.41666666666667,
      "i": "image-a80faef9-9b97-4253-89b5-36a3b37ea388"
    },
    "text-ba76d2a2-de2b-4f21-8cba-9dab1baf99af": {
      "x": 54.86111111111111,
      "y": 75.27777777777777,
      "w": 90.27777777777777,
      "h": 7.5,
      "i": "text-ba76d2a2-de2b-4f21-8cba-9dab1baf99af"
    }
  },
  "mobileLayout": {
    "image-a80faef9-9b97-4253-89b5-36a3b37ea388": {
      "x": 24.86111111111111,
      "y": 30.694444444444443,
      "w": 50.138888888888886,
      "h": 40.41666666666667,
      "i": "image-a80faef9-9b97-4253-89b5-36a3b37ea388"
    },
    "text-ba76d2a2-de2b-4f21-8cba-9dab1baf99af": {
      "x": 27.430555555555554,
      "y": 75.27777777777777,
      "w": 45.138888888888886,
      "h": 7.5,
      "i": "text-ba76d2a2-de2b-4f21-8cba-9dab1baf99af"
    }
  },
  "mobileHierarchy": {},
  "mobileEditedBlocks": []
}
