{
  "blocks": {
    "image-2916cf6c-29f3-45fa-bcbf-c72bd2e27171": {
      "type": "image",
      "data": {
        "boxShadow": "rgba(50, 50, 93, 0.25) 0px 2px 5px -1px, rgba(0, 0, 0, 0.3) 0px 1px 3px -1px",
        "borderRadius": "10px",
        "imageUrl": "https://www.antfolio.app/_next/image?url=%2FblogImgSmall2.png&w=3840&q=75"
      }
    },
    "text-7748f2a1-dd59-4599-9bee-7e109c71984c": {
      "type": "text",
      "data": {
        "text": "<h3><strong style=\"color: rgb(11, 110, 153);\">Welcome to your website!</strong></h3><p><br></p><p><br></p><h4>Howdy! 👋 We are excited to have you here.</h4><p><br></p><p><br></p><h4 class=\"ql-align-justify\">This is the <em style=\"color: rgb(11, 110, 153);\">Tutorial Template</em>, if you are the type of person who learns by tinkering with it, you can <span style=\"color: rgb(11, 110, 153);\">skip</span> it by just clicking on this</h4><h4 class=\"ql-align-center\">👉 <a href=\"https://www.antfolio.app/templates\" rel=\"noopener noreferrer\" target=\"_blank\">Link</a> 👈</h4><h4><br></h4><h4 class=\"ql-align-justify\">On the other hand, if you want to read our <span style=\"color: rgb(11, 110, 153);\">super</span> <span style=\"color: rgb(11, 110, 153);\">fun</span> <span style=\"color: rgb(11, 110, 153);\">documentation</span> (it will save you time, we promise), just <em style=\"color: rgb(11, 110, 153);\"><u>scroll down</u></em> to the next section. 🥳 🙌</h4>",
        "fontSize": "24",
        "textAlign": "center",
        "alignItems": "center",
        "fontWeight": "400",
        "boxShadow": "none",
        "borderRadius": "0px",
        "fontColor": "#000000"
      }
    },
    "image-6455f65b-bf7b-4bcb-ba32-0a8723175784": {
      "type": "image",
      "data": {
        "boxShadow": "none",
        "borderRadius": "0px",
        "imageUrl": "https://antfolio.s3.amazonaws.com/thumbs-up.png"
      }
    },
    "text-94dc9c93-2ced-4404-b206-19fff3e29888": {
      "type": "text",
      "data": {
        "text": "<h2>Introduction - <span style=\"color: rgb(11, 110, 153);\">What is Antfolio?</span></h2>",
        "fontSize": "24",
        "textAlign": "center",
        "alignItems": "center",
        "fontWeight": "400",
        "boxShadow": "none",
        "borderRadius": "0px",
        "fontColor": "#000000"
      }
    },
    "image-dfc85ad4-067e-4bee-ad08-d26e41c996b8": {
      "type": "image",
      "data": {
        "boxShadow": "none",
        "borderRadius": "0px",
        "imageUrl": "https://antfolio.s3.amazonaws.com/hand.png"
      }
    },
    "text-6b189b1b-32f6-445a-a7c2-c2c7fda1a599": {
      "type": "text",
      "data": {
        "text": "<h5>We are a <span style=\"color: rgb(11, 110, 153);\">website builder</span>. Right now we are focused on portfolio-resume builder since we are in the early stage, but we are continuously developing and adding new features daily.</h5><p><br></p><h5>We are expanding to landing pages, validation ideas, blogs, and in the near future we will even support podcast websites.</h5><p><br></p><h5><em>If you have any specific needs, feel free to send us a message and we will help you.</em></h5>",
        "fontSize": "24",
        "textAlign": "center",
        "alignItems": "center",
        "fontWeight": "400",
        "boxShadow": "none",
        "borderRadius": "0px",
        "fontColor": "#000000"
      }
    },
    "text-d07feb18-8d73-4a62-a4a5-6b54f4574825": {
      "type": "text",
      "data": {
        "text": "<h2>Steps - Start <span style=\"color: rgb(223, 171, 1);\">Building</span></h2>",
        "fontSize": "24",
        "textAlign": "center",
        "alignItems": "center",
        "fontWeight": "400",
        "boxShadow": "none",
        "borderRadius": "0px",
        "fontColor": "#000000"
      }
    },
    "text-1ad8b82e-d468-4418-833a-6c489a2fd397": {
      "type": "text",
      "data": {
        "text": "<h5><strong>1. You need to choose one of our awesome templates:</strong></h5>",
        "fontSize": "24",
        "textAlign": "center",
        "alignItems": "center",
        "fontWeight": "400",
        "boxShadow": "none",
        "borderRadius": "0px",
        "fontColor": "#000000"
      }
    },
    "image-b036b2b0-04c4-4d52-8f7c-aa79a46efbf4": {
      "type": "image",
      "data": {
        "boxShadow": "rgba(50, 50, 93, 0.25) 0px 2px 5px -1px, rgba(0, 0, 0, 0.3) 0px 1px 3px -1px",
        "borderRadius": "10px",
        "imageUrl": "https://antfolio.s3.amazonaws.com/under-construction.png"
      }
    },
    "text-d9425919-46a2-4863-a587-332f32601616": {
      "type": "text",
      "data": {
        "text": "<h5><strong>2. Start editing it to make it yours:</strong></h5>",
        "fontSize": "24",
        "textAlign": "center",
        "alignItems": "center",
        "fontWeight": "400",
        "boxShadow": "none",
        "borderRadius": "0px",
        "fontColor": "#000000"
      }
    },
    "image-a67780c6-7e32-48f5-94c8-c018a2bc0553": {
      "type": "image",
      "data": {
        "boxShadow": "rgba(50, 50, 93, 0.25) 0px 2px 5px -1px, rgba(0, 0, 0, 0.3) 0px 1px 3px -1px",
        "borderRadius": "10px",
        "imageUrl": "https://antfolio.s3.amazonaws.com/under-construction.png"
      }
    },
    "inception-5ef86abd-4cfa-48c7-aacc-7118316ae512": {
      "type": "inception",
      "data": {
        "border": "1px solid black",
        "boxShadow": "none",
        "borderRadius": "10px",
        "backgroundColor": "transparent"
      }
    },
    "text-9a92092d-7c91-420d-80bd-8676e5ceca24": {
      "type": "text",
      "data": {
        "text": "<h5><strong style=\"color: rgb(224, 62, 62);\"><em>**Warning**</em></strong><strong style=\"color: rgb(255, 255, 255);\"> </strong><strong style=\"color: rgb(0, 0, 0);\">Remember to save when you make changes on your web. You can find the button on the top left of the screen. We can not keep track of all your changes on our database (we are not made of gold 😜). So all your changes will be stored temporarily on your session but to be sure you don't lose your amazing website, hit that button from time to time. </strong></h5><h5><br></h5><h5><strong style=\"color: rgb(0, 0, 0);\">﻿The most important time to save is before leaving the builder so you don't lose your temporary data. We will warn you with a message just in case. 🤟</strong></h5>",
        "fontSize": "24",
        "textAlign": "center",
        "alignItems": "center",
        "fontWeight": "400",
        "boxShadow": "none",
        "borderRadius": "0px",
        "fontColor": "#000000"
      }
    },
    "inception-fe292955-f400-4304-842f-9412206cfd02": {
      "type": "inception",
      "data": {
        "border": "1px solid black",
        "boxShadow": "none",
        "borderRadius": "10px",
        "backgroundColor": "transparent"
      }
    },
    "text-86bb4495-740b-4dd3-9cc0-d26aeedca7b3": {
      "type": "text",
      "data": {
        "text": "<h5><strong style=\"color: rgb(217, 115, 13);\">**<em>Info**</em></strong><strong style=\"color: rgb(255, 255, 255);\"> </strong><strong style=\"color: rgb(0, 0, 0);\">You can build a web without login in (sign-ups = boring). And the changes you make will be saved temporarily on your session. But if want to publish your website online, we need you to sign up so we can keep track of what website belongs to who. 🏗</strong></h5>",
        "fontSize": "24",
        "textAlign": "center",
        "alignItems": "center",
        "fontWeight": "400",
        "boxShadow": "none",
        "borderRadius": "0px",
        "fontColor": "#000000"
      }
    },
    "image-93414268-4562-45bf-8bec-4a9ac5fd13ec": {
      "type": "image",
      "data": {
        "boxShadow": "none",
        "borderRadius": "0px",
        "imageUrl": "https://antfolio.s3.amazonaws.com/startup-rocket.png"
      }
    },
    "text-f6f50b85-a676-4822-9e70-cbb1754bc6f9": {
      "type": "text",
      "data": {
        "text": "<h5><strong>4. Build the mobile version:</strong></h5>",
        "fontSize": "24",
        "textAlign": "center",
        "alignItems": "center",
        "fontWeight": "400",
        "boxShadow": "none",
        "borderRadius": "0px",
        "fontColor": "#000000"
      }
    },
    "text-4ebda679-7374-49cb-abaf-d6e69bee669e": {
      "type": "text",
      "data": {
        "text": "<h5><strong>5. Publish it:</strong></h5>",
        "fontSize": "24",
        "textAlign": "center",
        "alignItems": "center",
        "fontWeight": "400",
        "boxShadow": "none",
        "borderRadius": "0px",
        "fontColor": "#000000"
      }
    },
    "text-ea77333b-31bb-42be-8391-5c6a859e2f33": {
      "type": "text",
      "data": {
        "text": "<h5>More Documentation:</h5>",
        "fontSize": "24",
        "textAlign": "center",
        "alignItems": "center",
        "fontWeight": "400",
        "boxShadow": "none",
        "borderRadius": "0px",
        "fontColor": "#000000"
      }
    },
    "inception-fd391eda-77a5-4903-bcc9-05de5da7ffe5": {
      "type": "inception",
      "data": {
        "border": "none",
        "boxShadow": "none",
        "borderRadius": "0px",
        "backgroundColor": "transparent"
      }
    },
    "text-9659c1b3-eefc-435b-b545-65ad7f60920c": {
      "type": "text",
      "data": {
        "text": "<h5>😸 Add New Elements</h5>",
        "fontSize": "24",
        "textAlign": "center",
        "alignItems": "center",
        "fontWeight": "400",
        "boxShadow": "none",
        "borderRadius": "0px",
        "fontColor": "#000000"
      }
    },
    "image-ef150c81-d5bc-428f-9887-f8d6d3741ef7": {
      "type": "image",
      "data": {
        "boxShadow": "rgba(50, 50, 93, 0.25) 0px 2px 5px -1px, rgba(0, 0, 0, 0.3) 0px 1px 3px -1px",
        "borderRadius": "10px",
        "imageUrl": "https://antfolio.s3.amazonaws.com/under-construction.png"
      }
    },
    "text-822f8070-0d03-4f8e-aa14-4cbd47d2dded": {
      "type": "text",
      "data": {
        "text": "<h5>😸 Change an Image</h5>",
        "fontSize": "24",
        "textAlign": "center",
        "alignItems": "center",
        "fontWeight": "400",
        "boxShadow": "none",
        "borderRadius": "0px",
        "fontColor": "#000000"
      }
    },
    "text-32e578ae-deb5-430a-97ea-f15f8af2ffad": {
      "type": "text",
      "data": {
        "text": "<h5>😸 Edit Text</h5>",
        "fontSize": "24",
        "textAlign": "center",
        "alignItems": "center",
        "fontWeight": "400",
        "boxShadow": "none",
        "borderRadius": "0px",
        "fontColor": "#000000"
      }
    },
    "text-70231f08-80ba-4951-8e4c-9bb69fdb9a55": {
      "type": "text",
      "data": {
        "text": "<h5><strong>3. Preview your website:</strong></h5>",
        "fontSize": "24",
        "textAlign": "center",
        "alignItems": "center",
        "fontWeight": "400",
        "boxShadow": "none",
        "borderRadius": "0px",
        "fontColor": "#000000"
      }
    },
    "image-f8040f54-e528-40e9-813e-0c05627b7ab5": {
      "type": "image",
      "data": {
        "boxShadow": "rgba(50, 50, 93, 0.25) 0px 2px 5px -1px, rgba(0, 0, 0, 0.3) 0px 1px 3px -1px",
        "borderRadius": "10px",
        "imageUrl": "https://antfolio.s3.amazonaws.com/under-construction.png"
      }
    },
    "image-c8bfabfe-59b7-467f-b883-282c699a64da": {
      "type": "image",
      "data": {
        "boxShadow": "rgba(50, 50, 93, 0.25) 0px 2px 5px -1px, rgba(0, 0, 0, 0.3) 0px 1px 3px -1px",
        "borderRadius": "10px",
        "imageUrl": "https://antfolio.s3.amazonaws.com/under-construction.png"
      }
    },
    "image-84781dc9-618d-42da-ae0f-0df5720b793f": {
      "type": "image",
      "data": {
        "boxShadow": "rgba(50, 50, 93, 0.25) 0px 2px 5px -1px, rgba(0, 0, 0, 0.3) 0px 1px 3px -1px",
        "borderRadius": "10px",
        "imageUrl": "https://antfolio.s3.amazonaws.com/under-construction.png"
      }
    },
    "image-1f757f02-3480-4336-9124-d40821fbfc09": {
      "type": "image",
      "data": {
        "boxShadow": "none",
        "borderRadius": "0px",
        "imageUrl": "https://antfolio.s3.amazonaws.com/gift.png"
      }
    },
    "button-0968d24f-2da9-4d5e-be52-5977fd4e669c": {
      "type": "button",
      "data": {
        "parentBlockId": "button-0968d24f-2da9-4d5e-be52-5977fd4e669c",
        "backgroundColor": "#4CB0EA",
        "text": "button"
      }
    },
    "inception-48242a5f-de81-4232-a0b2-1512e977caf6": {
      "type": "inception",
      "data": {
        "border": "none",
        "boxShadow": "none",
        "borderRadius": "0px",
        "backgroundColor": "transparent"
      }
    },
    "image-850964fb-55a3-4d87-b86a-8e7aed0891da": {
      "type": "image",
      "data": {
        "boxShadow": "none",
        "borderRadius": "0px",
        "imageUrl": "https://antfolio.s3.amazonaws.com/idea.png"
      }
    },
    "text-838fae2f-2142-423a-bb13-ebadd5c498d6": {
      "type": "text",
      "data": {
        "text": "<h5>More About us:</h5>",
        "fontSize": "24",
        "textAlign": "center",
        "alignItems": "center",
        "fontWeight": "400",
        "boxShadow": "none",
        "borderRadius": "0px",
        "fontColor": "#000000"
      }
    },
    "button-e76f83ce-7523-4940-bf92-20152026183a": {
      "type": "button",
      "data": {
        "parentBlockId": "button-e76f83ce-7523-4940-bf92-20152026183a",
        "backgroundColor": "#4CB0EA",
        "text": "button"
      }
    },
    "text-ae756930-9ec4-48e6-8af3-60eefe8202a1": {
      "type": "text",
      "data": {
        "text": "<h5 class=\"ql-align-justify\">The main idea behind Antfolio is to enable users to create amazing websites with no knowledge of code, design or what even a website is.</h5><p><br></p><h5 class=\"ql-align-center\"><em style=\"color: rgb(11, 110, 153);\">Making a website should be fun and painless. </em></h5><p><br></p><h5 class=\"ql-align-justify\">No learning curve. No more wasted time choosing the right design and the right image.</h5><p><br></p><h5>We are a fun, easy to build, and more importantly, fast ( time = money 💰)</h5><p><br></p><h5>Let's stop with the <em style=\"color: rgb(0, 0, 0);\">blabla</em> about us. And let's jump to the important topic for you. 😁🚀</h5>",
        "fontSize": "24",
        "textAlign": "center",
        "alignItems": "center",
        "fontWeight": "400",
        "boxShadow": "none",
        "borderRadius": "0px",
        "fontColor": "#000000"
      }
    },
    "image-05f7d8cb-48ab-4029-95a1-cbb483ba0a62": {
      "type": "image",
      "data": {
        "boxShadow": "none",
        "borderRadius": "0px",
        "imageUrl": "https://antfolio.s3.amazonaws.com/research.png"
      }
    },
    "image-35055a2a-caf1-4090-ab67-573d24d4c478": {
      "type": "image",
      "data": {
        "boxShadow": "rgba(50, 50, 93, 0.25) 0px 2px 5px -1px, rgba(0, 0, 0, 0.3) 0px 1px 3px -1px",
        "borderRadius": "10px",
        "imageUrl": "https://antfolio.s3.amazonaws.com/under-construction.png"
      }
    }
  },
  "layouts": {
    "image-2916cf6c-29f3-45fa-bcbf-c72bd2e27171": {
      "x": 125.83333333333333,
      "y": 17.5,
      "i": "image-2916cf6c-29f3-45fa-bcbf-c72bd2e27171",
      "w": 64.86111111111111,
      "h": 65.69444444444444
    },
    "text-7748f2a1-dd59-4599-9bee-7e109c71984c": {
      "x": 7.638888888888888,
      "y": 17.77777777777778,
      "i": "text-7748f2a1-dd59-4599-9bee-7e109c71984c",
      "w": 107.5,
      "h": 60.97222222222222
    },
    "image-6455f65b-bf7b-4bcb-ba32-0a8723175784": {
      "x": 89.30555555555556,
      "y": 17.916666666666668,
      "i": "image-6455f65b-bf7b-4bcb-ba32-0a8723175784",
      "w": 25.97222222222222,
      "h": 23.055555555555554
    },
    "text-94dc9c93-2ced-4404-b206-19fff3e29888": {
      "x": 50.83333333333333,
      "y": 109.58333333333333,
      "i": "text-94dc9c93-2ced-4404-b206-19fff3e29888",
      "w": 102.91666666666666,
      "h": 13.472222222222221
    },
    "image-dfc85ad4-067e-4bee-ad08-d26e41c996b8": {
      "x": 137.77777777777777,
      "y": 175.41666666666666,
      "i": "image-dfc85ad4-067e-4bee-ad08-d26e41c996b8",
      "w": 45.97222222222222,
      "h": 38.88888888888889
    },
    "text-6b189b1b-32f6-445a-a7c2-c2c7fda1a599": {
      "x": 73.05555555555556,
      "y": 130.97222222222223,
      "i": "text-6b189b1b-32f6-445a-a7c2-c2c7fda1a599",
      "w": 109.16666666666666,
      "h": 30.833333333333332
    },
    "text-d07feb18-8d73-4a62-a4a5-6b54f4574825": {
      "x": 56.11111111111111,
      "y": 245.41666666666666,
      "i": "text-d07feb18-8d73-4a62-a4a5-6b54f4574825",
      "w": 87.77777777777777,
      "h": 13.472222222222221
    },
    "text-1ad8b82e-d468-4418-833a-6c489a2fd397": {
      "x": 7.361111111111111,
      "y": 270.8333333333333,
      "i": "text-1ad8b82e-d468-4418-833a-6c489a2fd397",
      "w": 77.36111111111111,
      "h": 7.083333333333333
    },
    "image-b036b2b0-04c4-4d52-8f7c-aa79a46efbf4": {
      "x": 67.91666666666667,
      "y": 284.72222222222223,
      "i": "image-b036b2b0-04c4-4d52-8f7c-aa79a46efbf4",
      "w": 63.61111111111111,
      "h": 34.583333333333336
    },
    "text-d9425919-46a2-4863-a587-332f32601616": {
      "x": 11.25,
      "y": 330.97222222222223,
      "i": "text-d9425919-46a2-4863-a587-332f32601616",
      "w": 51.80555555555556,
      "h": 7.083333333333333
    },
    "image-a67780c6-7e32-48f5-94c8-c018a2bc0553": {
      "x": 68.33333333333333,
      "y": 354.8611111111111,
      "i": "image-a67780c6-7e32-48f5-94c8-c018a2bc0553",
      "w": 68.33333333333333,
      "h": 40.83333333333333
    },
    "inception-5ef86abd-4cfa-48c7-aacc-7118316ae512": {
      "x": 20.694444444444443,
      "y": 571.1111111111117,
      "i": "inception-5ef86abd-4cfa-48c7-aacc-7118316ae512",
      "w": 158.33333333333334,
      "h": 33.75
    },
    "text-9a92092d-7c91-420d-80bd-8676e5ceca24": {
      "x": 22.22222222222222,
      "y": 573.055555555556,
      "i": "text-9a92092d-7c91-420d-80bd-8676e5ceca24",
      "w": 154.02777777777777,
      "h": 29.583333333333332
    },
    "inception-fe292955-f400-4304-842f-9412206cfd02": {
      "x": 20.97222222222222,
      "y": 546.8055555555559,
      "i": "inception-fe292955-f400-4304-842f-9412206cfd02",
      "w": 157.91666666666666,
      "h": 18.61111111111111
    },
    "text-86bb4495-740b-4dd3-9cc0-d26aeedca7b3": {
      "x": 22.499999999999993,
      "y": 548.6111111111119,
      "i": "text-86bb4495-740b-4dd3-9cc0-d26aeedca7b3",
      "w": 150.69444444444443,
      "h": 14.583333333333332
    },
    "image-93414268-4562-45bf-8bec-4a9ac5fd13ec": {
      "x": 144.86111111111114,
      "y": 238.47222222222223,
      "i": "image-93414268-4562-45bf-8bec-4a9ac5fd13ec",
      "w": 24.166666666666664,
      "h": 26.666666666666664
    },
    "text-f6f50b85-a676-4822-9e70-cbb1754bc6f9": {
      "x": 14.444444444444448,
      "y": 686.9444444444445,
      "i": "text-f6f50b85-a676-4822-9e70-cbb1754bc6f9",
      "w": 45.27777777777778,
      "h": 7.083333333333333
    },
    "text-4ebda679-7374-49cb-abaf-d6e69bee669e": {
      "x": 14.444444444444448,
      "y": 742.2222222222222,
      "i": "text-4ebda679-7374-49cb-abaf-d6e69bee669e",
      "w": 45.27777777777778,
      "h": 7.083333333333333
    },
    "text-ea77333b-31bb-42be-8391-5c6a859e2f33": {
      "x": 40.55555555555556,
      "y": 814.0277777777777,
      "i": "text-ea77333b-31bb-42be-8391-5c6a859e2f33",
      "w": 45.27777777777778,
      "h": 7.083333333333333
    },
    "inception-fd391eda-77a5-4903-bcc9-05de5da7ffe5": {
      "x": 15.833333333333332,
      "y": 538.6111111111112,
      "i": "inception-fd391eda-77a5-4903-bcc9-05de5da7ffe5",
      "w": 167.9166666666666,
      "h": 71.1111111111111
    },
    "text-9659c1b3-eefc-435b-b545-65ad7f60920c": {
      "x": 25.41666666666666,
      "y": 341.52777777777777,
      "i": "text-9659c1b3-eefc-435b-b545-65ad7f60920c",
      "w": 40.833333333333336,
      "h": 7.083333333333333
    },
    "image-ef150c81-d5bc-428f-9887-f8d6d3741ef7": {
      "x": 68.05555555555554,
      "y": 425.69444444444446,
      "i": "image-ef150c81-d5bc-428f-9887-f8d6d3741ef7",
      "w": 68.33333333333333,
      "h": 40.83333333333333
    },
    "text-822f8070-0d03-4f8e-aa14-4cbd47d2dded": {
      "x": 28.888888888888875,
      "y": 415.69444444444446,
      "i": "text-822f8070-0d03-4f8e-aa14-4cbd47d2dded",
      "w": 33.888888888888886,
      "h": 7.083333333333333
    },
    "text-32e578ae-deb5-430a-97ea-f15f8af2ffad": {
      "x": 29.02777777777776,
      "y": 480,
      "i": "text-32e578ae-deb5-430a-97ea-f15f8af2ffad",
      "w": 33.888888888888886,
      "h": 7.083333333333333
    },
    "text-70231f08-80ba-4951-8e4c-9bb69fdb9a55": {
      "x": 10.972222222222221,
      "y": 626.6666666666666,
      "i": "text-70231f08-80ba-4951-8e4c-9bb69fdb9a55",
      "w": 51.80555555555556,
      "h": 7.083333333333333
    },
    "image-f8040f54-e528-40e9-813e-0c05627b7ab5": {
      "x": 68.05555555555557,
      "y": 634.3055555555555,
      "i": "image-f8040f54-e528-40e9-813e-0c05627b7ab5",
      "w": 68.61111111111111,
      "h": 40.83333333333333
    },
    "image-c8bfabfe-59b7-467f-b883-282c699a64da": {
      "x": 67.91666666666669,
      "y": 695.9722222222222,
      "i": "image-c8bfabfe-59b7-467f-b883-282c699a64da",
      "w": 68.61111111111111,
      "h": 40.83333333333333
    },
    "image-84781dc9-618d-42da-ae0f-0df5720b793f": {
      "x": 67.91666666666669,
      "y": 751.1111111111111,
      "i": "image-84781dc9-618d-42da-ae0f-0df5720b793f",
      "w": 68.61111111111111,
      "h": 40.83333333333333
    },
    "image-1f757f02-3480-4336-9124-d40821fbfc09": {
      "x": 6.527777777777778,
      "y": 809.0277777777777,
      "i": "image-1f757f02-3480-4336-9124-d40821fbfc09",
      "w": 31.666666666666664,
      "h": 30.555555555555554
    },
    "button-0968d24f-2da9-4d5e-be52-5977fd4e669c": {
      "x": 45.138888888888886,
      "y": 825.8333333333333,
      "i": "button-0968d24f-2da9-4d5e-be52-5977fd4e669c",
      "w": 36.111111111111114,
      "h": 6.666666666666667
    },
    "inception-48242a5f-de81-4232-a0b2-1512e977caf6": {
      "x": 0,
      "y": 801.5277777777777,
      "i": "inception-48242a5f-de81-4232-a0b2-1512e977caf6",
      "w": 200,
      "h": 46.25
    },
    "image-850964fb-55a3-4d87-b86a-8e7aed0891da": {
      "x": 99.58333333333333,
      "y": 811.8055555555555,
      "i": "image-850964fb-55a3-4d87-b86a-8e7aed0891da",
      "w": 32.36111111111111,
      "h": 25.833333333333332
    },
    "text-838fae2f-2142-423a-bb13-ebadd5c498d6": {
      "x": 135.27777777777777,
      "y": 814.0277777777777,
      "i": "text-838fae2f-2142-423a-bb13-ebadd5c498d6",
      "w": 45.27777777777778,
      "h": 7.083333333333333
    },
    "button-e76f83ce-7523-4940-bf92-20152026183a": {
      "x": 133.88888888888889,
      "y": 825.8333333333333,
      "i": "button-e76f83ce-7523-4940-bf92-20152026183a",
      "w": 36.111111111111114,
      "h": 6.666666666666667
    },
    "text-ae756930-9ec4-48e6-8af3-60eefe8202a1": {
      "x": 6.111111111111111,
      "y": 174.86111111111111,
      "i": "text-ae756930-9ec4-48e6-8af3-60eefe8202a1",
      "w": 106.52777777777779,
      "h": 39.583333333333336
    },
    "image-05f7d8cb-48ab-4029-95a1-cbb483ba0a62": {
      "x": 16.11111111111111,
      "y": 133.47222222222223,
      "i": "image-05f7d8cb-48ab-4029-95a1-cbb483ba0a62",
      "w": 30.555555555555554,
      "h": 25.833333333333332
    },
    "image-35055a2a-caf1-4090-ab67-573d24d4c478": {
      "x": 65.97222222222221,
      "y": 486.94444444444446,
      "i": "image-35055a2a-caf1-4090-ab67-573d24d4c478",
      "w": 68.33333333333333,
      "h": 40.83333333333333
    }
  },
  "mobileLayout": {
    "image-2916cf6c-29f3-45fa-bcbf-c72bd2e27171": {
      "x": 62.916666666666664,
      "y": 17.5,
      "i": "image-2916cf6c-29f3-45fa-bcbf-c72bd2e27171",
      "w": 32.43055555555556,
      "h": 65.69444444444444
    },
    "text-7748f2a1-dd59-4599-9bee-7e109c71984c": {
      "x": 3.819444444444444,
      "y": 17.77777777777778,
      "i": "text-7748f2a1-dd59-4599-9bee-7e109c71984c",
      "w": 53.75,
      "h": 60.97222222222222
    },
    "image-6455f65b-bf7b-4bcb-ba32-0a8723175784": {
      "x": 44.65277777777778,
      "y": 17.916666666666668,
      "i": "image-6455f65b-bf7b-4bcb-ba32-0a8723175784",
      "w": 12.98611111111111,
      "h": 23.055555555555554
    },
    "text-94dc9c93-2ced-4404-b206-19fff3e29888": {
      "x": 25.416666666666664,
      "y": 109.58333333333333,
      "i": "text-94dc9c93-2ced-4404-b206-19fff3e29888",
      "w": 51.45833333333333,
      "h": 13.472222222222221
    },
    "image-dfc85ad4-067e-4bee-ad08-d26e41c996b8": {
      "x": 68.88888888888889,
      "y": 175.41666666666666,
      "i": "image-dfc85ad4-067e-4bee-ad08-d26e41c996b8",
      "w": 22.98611111111111,
      "h": 38.88888888888889
    },
    "text-6b189b1b-32f6-445a-a7c2-c2c7fda1a599": {
      "x": 36.52777777777778,
      "y": 130.97222222222223,
      "i": "text-6b189b1b-32f6-445a-a7c2-c2c7fda1a599",
      "w": 54.58333333333333,
      "h": 30.833333333333332
    },
    "text-d07feb18-8d73-4a62-a4a5-6b54f4574825": {
      "x": 28.055555555555554,
      "y": 245.41666666666666,
      "w": 43.888888888888886,
      "h": 13.472222222222221,
      "i": "text-d07feb18-8d73-4a62-a4a5-6b54f4574825"
    },
    "text-1ad8b82e-d468-4418-833a-6c489a2fd397": {
      "x": 3.6805555555555554,
      "y": 270.8333333333333,
      "w": 38.68055555555556,
      "h": 7.083333333333333,
      "i": "text-1ad8b82e-d468-4418-833a-6c489a2fd397"
    },
    "image-b036b2b0-04c4-4d52-8f7c-aa79a46efbf4": {
      "x": 33.958333333333336,
      "y": 284.72222222222223,
      "w": 31.805555555555554,
      "h": 34.583333333333336,
      "i": "image-b036b2b0-04c4-4d52-8f7c-aa79a46efbf4"
    },
    "text-d9425919-46a2-4863-a587-332f32601616": {
      "x": 5.625,
      "y": 330.97222222222223,
      "w": 25.90277777777778,
      "h": 7.083333333333333,
      "i": "text-d9425919-46a2-4863-a587-332f32601616"
    },
    "image-a67780c6-7e32-48f5-94c8-c018a2bc0553": {
      "x": 34.166666666666664,
      "y": 354.8611111111111,
      "w": 34.166666666666664,
      "h": 40.83333333333333,
      "i": "image-a67780c6-7e32-48f5-94c8-c018a2bc0553"
    },
    "inception-5ef86abd-4cfa-48c7-aacc-7118316ae512": {
      "x": 10.347222222222221,
      "y": 571.1111111111117,
      "i": "inception-5ef86abd-4cfa-48c7-aacc-7118316ae512",
      "w": 79.16666666666667,
      "h": 33.75
    },
    "text-9a92092d-7c91-420d-80bd-8676e5ceca24": {
      "x": 11.25,
      "y": 531.388888888889,
      "i": "text-9a92092d-7c91-420d-80bd-8676e5ceca24",
      "w": 77.01388888888889,
      "h": 29.583333333333332
    },
    "inception-fe292955-f400-4304-842f-9412206cfd02": {
      "x": 10.48611111111111,
      "y": 546.8055555555559,
      "i": "inception-fe292955-f400-4304-842f-9412206cfd02",
      "w": 78.95833333333333,
      "h": 18.61111111111111
    },
    "text-86bb4495-740b-4dd3-9cc0-d26aeedca7b3": {
      "x": 11.388888888888884,
      "y": 506.94444444444446,
      "i": "text-86bb4495-740b-4dd3-9cc0-d26aeedca7b3",
      "w": 75.34722222222221,
      "h": 14.583333333333332
    },
    "image-93414268-4562-45bf-8bec-4a9ac5fd13ec": {
      "x": 72.43055555555557,
      "y": 238.47222222222223,
      "w": 12.083333333333332,
      "h": 26.666666666666664,
      "i": "image-93414268-4562-45bf-8bec-4a9ac5fd13ec"
    },
    "text-f6f50b85-a676-4822-9e70-cbb1754bc6f9": {
      "x": 7.222222222222224,
      "y": 686.9444444444445,
      "i": "text-f6f50b85-a676-4822-9e70-cbb1754bc6f9",
      "w": 22.63888888888889,
      "h": 7.083333333333333
    },
    "text-4ebda679-7374-49cb-abaf-d6e69bee669e": {
      "x": 7.222222222222224,
      "y": 742.2222222222222,
      "i": "text-4ebda679-7374-49cb-abaf-d6e69bee669e",
      "w": 22.63888888888889,
      "h": 7.083333333333333
    },
    "text-ea77333b-31bb-42be-8391-5c6a859e2f33": {
      "x": 20.27777777777778,
      "y": 814.0277777777777,
      "i": "text-ea77333b-31bb-42be-8391-5c6a859e2f33",
      "w": 22.63888888888889,
      "h": 7.083333333333333
    },
    "inception-fd391eda-77a5-4903-bcc9-05de5da7ffe5": {
      "x": 7.916666666666666,
      "y": 538.6111111111112,
      "i": "inception-fd391eda-77a5-4903-bcc9-05de5da7ffe5",
      "w": 83.9583333333333,
      "h": 71.1111111111111
    },
    "text-9659c1b3-eefc-435b-b545-65ad7f60920c": {
      "x": 12.70833333333333,
      "y": 341.52777777777777,
      "w": 20.416666666666668,
      "h": 7.083333333333333,
      "i": "text-9659c1b3-eefc-435b-b545-65ad7f60920c"
    },
    "image-ef150c81-d5bc-428f-9887-f8d6d3741ef7": {
      "x": 34.02777777777777,
      "y": 425.69444444444446,
      "w": 34.166666666666664,
      "h": 40.83333333333333,
      "i": "image-ef150c81-d5bc-428f-9887-f8d6d3741ef7"
    },
    "text-822f8070-0d03-4f8e-aa14-4cbd47d2dded": {
      "x": 14.444444444444438,
      "y": 415.69444444444446,
      "w": 16.944444444444443,
      "h": 7.083333333333333,
      "i": "text-822f8070-0d03-4f8e-aa14-4cbd47d2dded"
    },
    "text-32e578ae-deb5-430a-97ea-f15f8af2ffad": {
      "x": 14.51388888888888,
      "y": 480,
      "w": 16.944444444444443,
      "h": 7.083333333333333,
      "i": "text-32e578ae-deb5-430a-97ea-f15f8af2ffad"
    },
    "text-70231f08-80ba-4951-8e4c-9bb69fdb9a55": {
      "x": 5.486111111111111,
      "y": 626.6666666666666,
      "i": "text-70231f08-80ba-4951-8e4c-9bb69fdb9a55",
      "w": 25.90277777777778,
      "h": 7.083333333333333
    },
    "image-f8040f54-e528-40e9-813e-0c05627b7ab5": {
      "x": 34.027777777777786,
      "y": 634.3055555555555,
      "i": "image-f8040f54-e528-40e9-813e-0c05627b7ab5",
      "w": 34.30555555555556,
      "h": 40.83333333333333
    },
    "image-c8bfabfe-59b7-467f-b883-282c699a64da": {
      "x": 33.95833333333334,
      "y": 695.9722222222222,
      "i": "image-c8bfabfe-59b7-467f-b883-282c699a64da",
      "w": 34.30555555555556,
      "h": 40.83333333333333
    },
    "image-84781dc9-618d-42da-ae0f-0df5720b793f": {
      "x": 33.95833333333334,
      "y": 751.1111111111111,
      "i": "image-84781dc9-618d-42da-ae0f-0df5720b793f",
      "w": 34.30555555555556,
      "h": 40.83333333333333
    },
    "image-1f757f02-3480-4336-9124-d40821fbfc09": {
      "x": 3.263888888888889,
      "y": 809.0277777777777,
      "i": "image-1f757f02-3480-4336-9124-d40821fbfc09",
      "w": 15.833333333333332,
      "h": 30.555555555555554
    },
    "button-0968d24f-2da9-4d5e-be52-5977fd4e669c": {
      "x": 22.569444444444443,
      "y": 825.8333333333333,
      "i": "button-0968d24f-2da9-4d5e-be52-5977fd4e669c",
      "w": 18.055555555555557,
      "h": 6.666666666666667
    },
    "inception-48242a5f-de81-4232-a0b2-1512e977caf6": {
      "x": 0,
      "y": 801.5277777777777,
      "i": "inception-48242a5f-de81-4232-a0b2-1512e977caf6",
      "w": 100,
      "h": 46.25
    },
    "image-850964fb-55a3-4d87-b86a-8e7aed0891da": {
      "x": 49.791666666666664,
      "y": 811.8055555555555,
      "i": "image-850964fb-55a3-4d87-b86a-8e7aed0891da",
      "w": 16.180555555555554,
      "h": 25.833333333333332
    },
    "text-838fae2f-2142-423a-bb13-ebadd5c498d6": {
      "x": 67.63888888888889,
      "y": 814.0277777777777,
      "i": "text-838fae2f-2142-423a-bb13-ebadd5c498d6",
      "w": 22.63888888888889,
      "h": 7.083333333333333
    },
    "button-e76f83ce-7523-4940-bf92-20152026183a": {
      "x": 66.94444444444444,
      "y": 825.8333333333333,
      "i": "button-e76f83ce-7523-4940-bf92-20152026183a",
      "w": 18.055555555555557,
      "h": 6.666666666666667
    },
    "text-ae756930-9ec4-48e6-8af3-60eefe8202a1": {
      "x": 3.0555555555555554,
      "y": 174.86111111111111,
      "i": "text-ae756930-9ec4-48e6-8af3-60eefe8202a1",
      "w": 53.26388888888889,
      "h": 39.583333333333336
    },
    "image-05f7d8cb-48ab-4029-95a1-cbb483ba0a62": {
      "x": 8.055555555555555,
      "y": 133.47222222222223,
      "i": "image-05f7d8cb-48ab-4029-95a1-cbb483ba0a62",
      "w": 15.277777777777777,
      "h": 25.833333333333332
    },
    "image-35055a2a-caf1-4090-ab67-573d24d4c478": {
      "x": 32.98611111111111,
      "y": 486.94444444444446,
      "w": 34.166666666666664,
      "h": 40.83333333333333,
      "i": "image-35055a2a-caf1-4090-ab67-573d24d4c478"
    }
  },
  "hierarchy": {
    "text-d07feb18-8d73-4a62-a4a5-6b54f4574825": [],
    "text-d9425919-46a2-4863-a587-332f32601616": [],
    "text-ffa64229-b5c8-4c96-82df-cae1dc9c6eb9": [],
    "inception-5ef86abd-4cfa-48c7-aacc-7118316ae512": [
      "text-9a92092d-7c91-420d-80bd-8676e5ceca24"
    ],
    "inception-fe292955-f400-4304-842f-9412206cfd02": [
      "text-86bb4495-740b-4dd3-9cc0-d26aeedca7b3"
    ],
    "text-f6f50b85-a676-4822-9e70-cbb1754bc6f9": [],
    "text-4ebda679-7374-49cb-abaf-d6e69bee669e": [],
    "text-ea77333b-31bb-42be-8391-5c6a859e2f33": [],
    "inception-fd391eda-77a5-4903-bcc9-05de5da7ffe5": [
      "inception-fe292955-f400-4304-842f-9412206cfd02",
      "inception-5ef86abd-4cfa-48c7-aacc-7118316ae512"
    ],
    "text-d7504968-041b-4c62-b2c3-876be2bbb749": [],
    "image-ef150c81-d5bc-428f-9887-f8d6d3741ef7": [],
    "text-822f8070-0d03-4f8e-aa14-4cbd47d2dded": [],
    "text-32e578ae-deb5-430a-97ea-f15f8af2ffad": [],
    "text-70231f08-80ba-4951-8e4c-9bb69fdb9a55": [],
    "image-c8bfabfe-59b7-467f-b883-282c699a64da": [],
    "image-84781dc9-618d-42da-ae0f-0df5720b793f": [],
    "inception-05f42340-e322-41f9-9eba-8fcfb45ee4a8": [],
    "inception-48242a5f-de81-4232-a0b2-1512e977caf6": [
      "image-1f757f02-3480-4336-9124-d40821fbfc09",
      "button-0968d24f-2da9-4d5e-be52-5977fd4e669c",
      "text-ea77333b-31bb-42be-8391-5c6a859e2f33",
      "image-850964fb-55a3-4d87-b86a-8e7aed0891da",
      "text-838fae2f-2142-423a-bb13-ebadd5c498d6",
      "button-e76f83ce-7523-4940-bf92-20152026183a"
    ],
    "text-838fae2f-2142-423a-bb13-ebadd5c498d6": [],
    "button-e76f83ce-7523-4940-bf92-20152026183a": [],
    "image-35055a2a-caf1-4090-ab67-573d24d4c478": []
  },
  "mobileHierarchy": {
    "text-d07feb18-8d73-4a62-a4a5-6b54f4574825": [],
    "text-d9425919-46a2-4863-a587-332f32601616": [],
    "text-ffa64229-b5c8-4c96-82df-cae1dc9c6eb9": [],
    "inception-5ef86abd-4cfa-48c7-aacc-7118316ae512": [
      "text-9a92092d-7c91-420d-80bd-8676e5ceca24"
    ],
    "inception-fe292955-f400-4304-842f-9412206cfd02": [
      "text-86bb4495-740b-4dd3-9cc0-d26aeedca7b3"
    ],
    "text-f6f50b85-a676-4822-9e70-cbb1754bc6f9": [],
    "text-4ebda679-7374-49cb-abaf-d6e69bee669e": [],
    "text-ea77333b-31bb-42be-8391-5c6a859e2f33": [],
    "inception-fd391eda-77a5-4903-bcc9-05de5da7ffe5": [
      "inception-fe292955-f400-4304-842f-9412206cfd02",
      "inception-5ef86abd-4cfa-48c7-aacc-7118316ae512"
    ],
    "text-d7504968-041b-4c62-b2c3-876be2bbb749": [],
    "image-ef150c81-d5bc-428f-9887-f8d6d3741ef7": [],
    "text-822f8070-0d03-4f8e-aa14-4cbd47d2dded": [],
    "text-32e578ae-deb5-430a-97ea-f15f8af2ffad": [],
    "text-70231f08-80ba-4951-8e4c-9bb69fdb9a55": [],
    "image-c8bfabfe-59b7-467f-b883-282c699a64da": [],
    "image-84781dc9-618d-42da-ae0f-0df5720b793f": [],
    "inception-05f42340-e322-41f9-9eba-8fcfb45ee4a8": [],
    "inception-48242a5f-de81-4232-a0b2-1512e977caf6": [
      "image-1f757f02-3480-4336-9124-d40821fbfc09",
      "button-0968d24f-2da9-4d5e-be52-5977fd4e669c",
      "text-ea77333b-31bb-42be-8391-5c6a859e2f33",
      "image-850964fb-55a3-4d87-b86a-8e7aed0891da"
    ]
  },
  "mobileEditedBlocks": []
}
