{"blocks":{"text-5db00f65-8fb3-4889-9402-9f318c9225f4":{"type":"text","data":{"text":"<h1 class=\"ql-align-center\"><strong>Flurly + Antfolio</strong></h1><h5 class=\"ql-align-center\"><span style=\"color: rgb(155, 154, 151);\">Want your own custom website for your Flurly product? Airfinity allows you to create a beautiful product page in a few minutes, and integrate it to Flurly with 1 Link.</span></h5><p class=\"ql-align-center\"><br></p>","boxShadow":"none","borderRadius":"0px","fontColor":"#000000"}},"image-c83d53b6-d2c6-4895-8c27-0cb3aa4d1c20":{"type":"image","data":{"boxShadow":"rgba(50, 50, 93, 0.25) 0px 2px 5px -1px, rgba(0, 0, 0, 0.3) 0px 1px 3px -1px","borderRadius":"0px","imageUrl":"https://antfolio.s3.amazonaws.com/user-images/e6f761a37bd62b029d70673be85d3ca4/thumbnail-flury-integration.png"}},"image-f636f6da-7d3c-49a7-84f9-3c5d0bca5a64":{"type":"image","data":{"boxShadow":"rgba(50, 50, 93, 0.25) 0px 2px 5px -1px, rgba(0, 0, 0, 0.3) 0px 1px 3px -1px","borderRadius":"0px","imageUrl":"https://antfolio.s3.amazonaws.com/user-images/e6f761a37bd62b029d70673be85d3ca4/intro-flurly-antfolio.png"}},"text-3fe3ff1b-c8dd-4c3a-802e-b05828357bcb":{"type":"text","data":{"text":"<h5>Sell any digital product in under a minute and keep 99% of what you make after payment processing fees. Flurly provides the easiest way to sell your digital products online. With the integrations with Antfolio, now you can create a fully custom website for your product, increase your conversation rate and differentiate yourself from the rest. It only takes less than 2 minutes to set up!</h5><p><br></p><p><br></p><p><br></p><p><br></p><p><br></p><p><br></p><p><br></p><h4><strong>1. Create a Flurly Account</strong></h4><p><br></p><h5>Start by creating a Flurly account and uploading the product you want to sell. Set up everything.</h5>","boxShadow":"none","borderRadius":"0px","fontColor":"#000000"}},"image-325ac028-4128-473e-a42d-66588bc0c596":{"type":"image","data":{"boxShadow":"rgba(50, 50, 93, 0.25) 0px 2px 5px -1px, rgba(0, 0, 0, 0.3) 0px 1px 3px -1px","borderRadius":"0px","imageUrl":"https://antfolio.s3.amazonaws.com/user-images/e6f761a37bd62b029d70673be85d3ca4/flurly.png"}},"text-cf38b0ba-f65a-4b21-8113-c3d479d5ec01":{"type":"text","data":{"text":"<h4><strong>2. Create an Antfolio Account</strong></h4><p><br></p><h5>Sign up/Log in on Antfolio. Choose one of our beautiful templates and make it yours by changing the text and images to match your design.</h5>","boxShadow":"none","borderRadius":"0px","fontColor":"#000000"}},"text-31142ee5-d63f-4582-8945-931306dd7445":{"type":"text","data":{"text":"<h3><strong>Add Flurly</strong></h3><p><br></p><h5>Once you are done with your design, it is time to add your Flurly Button to allow your customers to pay for your product. Don't worry, it is really simple:</h5>","boxShadow":"none","borderRadius":"0px","fontColor":"#000000"}},"image-091f39cb-9c5d-4294-9a54-55ad96546fd8":{"type":"image","data":{"boxShadow":"rgba(50, 50, 93, 0.25) 0px 2px 5px -1px, rgba(0, 0, 0, 0.3) 0px 1px 3px -1px","borderRadius":"0px","imageUrl":"https://www.antfolio.app/_next/image?url=%2Ftemplates.png&w=3840&q=75"}},"image-55f79687-3d86-4fb7-8a0c-5b29d8d2970a":{"type":"image","data":{"boxShadow":"rgba(50, 50, 93, 0.25) 0px 2px 5px -1px, rgba(0, 0, 0, 0.3) 0px 1px 3px -1px","borderRadius":"0px","imageUrl":"https://antfolio.s3.amazonaws.com/user-images/e6f761a37bd62b029d70673be85d3ca4/flurly-button.png"}},"text-52d9602e-6888-478c-9ed1-7ae83ea53243":{"type":"text","data":{"text":"<h4><strong>3 - Drag and drop the Flurly Element</strong></h4><p><br></p><h5>Drag and drop the Flurly Element to the place you want to add the payment button.</h5>","boxShadow":"none","borderRadius":"0px","fontColor":"#000000"}},"text-411fdf18-b9cc-464f-995c-124230145d40":{"type":"text","data":{"text":"<h4><strong>4- Style the button to match your design</strong></h4>","boxShadow":"none","borderRadius":"0px","fontColor":"#000000"}},"image-7e7ed3c1-af55-4e3c-8feb-cb7f3ccdd95b":{"type":"image","data":{"boxShadow":"rgba(50, 50, 93, 0.25) 0px 2px 5px -1px, rgba(0, 0, 0, 0.3) 0px 1px 3px -1px","borderRadius":"0px","imageUrl":"https://antfolio.s3.amazonaws.com/user-images/e6f761a37bd62b029d70673be85d3ca4/added-flurly-button.png"}},"image-c57904fb-ad2b-41ef-87da-11e38a03c927":{"type":"image","data":{"boxShadow":"rgba(50, 50, 93, 0.25) 0px 2px 5px -1px, rgba(0, 0, 0, 0.3) 0px 1px 3px -1px","borderRadius":"0px","imageUrl":"https://antfolio.s3.amazonaws.com/user-images/e6f761a37bd62b029d70673be85d3ca4/style-flurly-button.png"}},"text-1da9bc27-137d-4043-9328-dc1ca26da64e":{"type":"text","data":{"text":"<h3><strong>Last Step - Add your flurly link to the button</strong></h3><p><br></p><h4><strong>5- Copy your flurly link to the button</strong></h4>","boxShadow":"none","borderRadius":"0px","fontColor":"#000000"}},"image-50ec7e7f-870b-46a8-906f-5f5d9f170941":{"type":"image","data":{"boxShadow":"rgba(50, 50, 93, 0.25) 0px 2px 5px -1px, rgba(0, 0, 0, 0.3) 0px 1px 3px -1px","borderRadius":"0px","imageUrl":"https://antfolio.s3.amazonaws.com/user-images/e6f761a37bd62b029d70673be85d3ca4/flurly-url.png"}},"image-e7996982-5570-4ace-963b-ce925fac2ce7":{"type":"image","data":{"boxShadow":"rgba(50, 50, 93, 0.25) 0px 2px 5px -1px, rgba(0, 0, 0, 0.3) 0px 1px 3px -1px","borderRadius":"0px","imageUrl":"https://antfolio.s3.amazonaws.com/user-images/e6f761a37bd62b029d70673be85d3ca4/paste-flurly-url.png"}},"image-37c65718-c59d-401b-8088-d1e1392b606f":{"type":"image","data":{"boxShadow":"rgba(50, 50, 93, 0.25) 0px 2px 5px -1px, rgba(0, 0, 0, 0.3) 0px 1px 3px -1px","borderRadius":"0px","imageUrl":"https://antfolio.s3.amazonaws.com/user-images/e6f761a37bd62b029d70673be85d3ca4/styled-flurly-button.png"}},"text-5d8a3aff-3aa7-48df-b46c-f9f2b53f1043":{"type":"text","data":{"text":"<h4><strong>6- Paste your flurly link on the button link property</strong></h4>","boxShadow":"none","borderRadius":"0px","fontColor":"#000000"}},"text-938a3e53-2dcc-48b4-82e5-6af45a463ff4":{"type":"text","data":{"text":"<h5>ℹ️ In case you face any issues, please contact us at&nbsp;<em style=\"color: rgb(15, 123, 108);\">bender.dev.maker@gmail.com</em> and we will try to help you. 😁</h5><h4><br></h4><p><br></p>","boxShadow":"none","borderRadius":"0px","fontColor":"#000000"}},"button-ebad9fe8-25a1-4c29-b1fd-b7a67942f586":{"type":"button","data":{"border":"none","boxShadow":"none","borderRadius":"0px","backgroundColor":"transparent","text":"← Go Back","inputPlaceholder":"eg: your@email.com","fontColor":"#000000","redirect":"https://www.antfolio.app/guides"}}},"hierarchy":{},"layouts":{"text-5db00f65-8fb3-4889-9402-9f318c9225f4":{"x":48.61111111111111,"y":8.75,"i":"text-5db00f65-8fb3-4889-9402-9f318c9225f4","w":102.5,"h":25.27777777777778},"image-c83d53b6-d2c6-4895-8c27-0cb3aa4d1c20":{"x":64.86111111111111,"y":40.416666666666664,"i":"image-c83d53b6-d2c6-4895-8c27-0cb3aa4d1c20","w":70.13888888888889,"h":28.194444444444446},"image-f636f6da-7d3c-49a7-84f9-3c5d0bca5a64":{"x":34.30555555555556,"y":75.55555555555556,"i":"image-f636f6da-7d3c-49a7-84f9-3c5d0bca5a64","w":129.86111111111111,"h":64.16666666666667},"text-3fe3ff1b-c8dd-4c3a-802e-b05828357bcb":{"x":49.86111111111111,"y":145.41666666666666,"i":"text-3fe3ff1b-c8dd-4c3a-802e-b05828357bcb","w":99.30555555555556,"h":51.25},"image-325ac028-4128-473e-a42d-66588bc0c596":{"x":49.86111111111111,"y":202.08333333333331,"i":"image-325ac028-4128-473e-a42d-66588bc0c596","w":98.6111111111111,"h":36.94444444444445},"text-cf38b0ba-f65a-4b21-8113-c3d479d5ec01":{"x":50,"y":253.33333333333326,"i":"text-cf38b0ba-f65a-4b21-8113-c3d479d5ec01","w":99.02777777777777,"h":15},"text-31142ee5-d63f-4582-8945-931306dd7445":{"x":50.138888888888886,"y":342.49999999999994,"i":"text-31142ee5-d63f-4582-8945-931306dd7445","w":99.02777777777777,"h":17.63888888888889},"image-091f39cb-9c5d-4294-9a54-55ad96546fd8":{"x":49.86111111111111,"y":273.88888888888897,"i":"image-091f39cb-9c5d-4294-9a54-55ad96546fd8","w":98.6111111111111,"h":61.388888888888886},"image-55f79687-3d86-4fb7-8a0c-5b29d8d2970a":{"x":50,"y":387.0833333333333,"w":100.27777777777779,"h":56.94444444444444,"i":"image-55f79687-3d86-4fb7-8a0c-5b29d8d2970a"},"text-52d9602e-6888-478c-9ed1-7ae83ea53243":{"x":49.8611111111111,"y":370.55555555555554,"w":100.41666666666666,"h":11.25,"i":"text-52d9602e-6888-478c-9ed1-7ae83ea53243"},"text-411fdf18-b9cc-464f-995c-124230145d40":{"x":49.722222222222214,"y":536.25,"w":90.27777777777777,"h":5,"i":"text-411fdf18-b9cc-464f-995c-124230145d40"},"image-7e7ed3c1-af55-4e3c-8feb-cb7f3ccdd95b":{"x":50.138888888888886,"y":447.5,"w":100,"h":75.41666666666666,"i":"image-7e7ed3c1-af55-4e3c-8feb-cb7f3ccdd95b"},"image-c57904fb-ad2b-41ef-87da-11e38a03c927":{"x":49.86111111111111,"y":544.861111111111,"w":50.138888888888886,"h":63.88888888888889,"i":"image-c57904fb-ad2b-41ef-87da-11e38a03c927"},"text-1da9bc27-137d-4043-9328-dc1ca26da64e":{"x":49.8611111111111,"y":623.6111111111111,"w":92.77777777777777,"h":22.77777777777778,"i":"text-1da9bc27-137d-4043-9328-dc1ca26da64e"},"image-50ec7e7f-870b-46a8-906f-5f5d9f170941":{"x":50.138888888888886,"y":649.8611111111111,"w":94.44444444444446,"h":59.861111111111114,"i":"image-50ec7e7f-870b-46a8-906f-5f5d9f170941"},"image-e7996982-5570-4ace-963b-ce925fac2ce7":{"x":50,"y":729.8611111111111,"w":65.13888888888889,"h":64.86111111111111,"i":"image-e7996982-5570-4ace-963b-ce925fac2ce7"},"image-37c65718-c59d-401b-8088-d1e1392b606f":{"x":100.41666666666666,"y":544.8611111111111,"w":55.694444444444436,"h":63.88888888888889,"i":"image-37c65718-c59d-401b-8088-d1e1392b606f"},"text-5d8a3aff-3aa7-48df-b46c-f9f2b53f1043":{"x":49.8611111111111,"y":720.4166666666666,"w":92.77777777777777,"h":5,"i":"text-5d8a3aff-3aa7-48df-b46c-f9f2b53f1043"},"text-938a3e53-2dcc-48b4-82e5-6af45a463ff4":{"x":50,"y":810.5555555555555,"w":100.55555555555556,"h":15,"i":"text-938a3e53-2dcc-48b4-82e5-6af45a463ff4"},"button-ebad9fe8-25a1-4c29-b1fd-b7a67942f586":{"x":1.6666666666666672,"y":1.8055555555555556,"w":20.13888888888889,"h":7.222222222222221,"i":"button-ebad9fe8-25a1-4c29-b1fd-b7a67942f586"}},"mobileLayout":{"text-5db00f65-8fb3-4889-9402-9f318c9225f4":{"x":9.18918918918919,"y":16.85810810810811,"w":82.33108108108108,"h":72.43243243243244,"i":"text-5db00f65-8fb3-4889-9402-9f318c9225f4"},"image-c83d53b6-d2c6-4895-8c27-0cb3aa4d1c20":{"x":17.835960960960964,"y":93.6599099099099,"w":65.33971471471472,"h":27.653903903903906,"i":"image-c83d53b6-d2c6-4895-8c27-0cb3aa4d1c20"},"image-f636f6da-7d3c-49a7-84f9-3c5d0bca5a64":{"x":6.341966966966969,"y":133.93393393393396,"w":87.90352852852853,"h":43.62612612612613,"i":"image-f636f6da-7d3c-49a7-84f9-3c5d0bca5a64"},"text-3fe3ff1b-c8dd-4c3a-802e-b05828357bcb":{"x":8.378378378378377,"y":181.63288288288285,"w":84.51764264264264,"h":105.94596244193411,"i":"text-3fe3ff1b-c8dd-4c3a-802e-b05828357bcb"},"image-325ac028-4128-473e-a42d-66588bc0c596":{"x":8.1737987987988,"y":296.40765765765764,"w":84.17042042042041,"h":31.268768768768773,"i":"image-325ac028-4128-473e-a42d-66588bc0c596"},"text-cf38b0ba-f65a-4b21-8113-c3d479d5ec01":{"x":7.702702702702702,"y":350.3603603603603,"w":83.0274024024024,"h":34.05405405405405,"i":"text-cf38b0ba-f65a-4b21-8113-c3d479d5ec01"},"text-31142ee5-d63f-4582-8945-931306dd7445":{"x":7.501876876876876,"y":473.85135135135135,"w":83.29767267267266,"h":37.83783783783784,"i":"text-31142ee5-d63f-4582-8945-931306dd7445"},"image-091f39cb-9c5d-4294-9a54-55ad96546fd8":{"x":7.903528528528528,"y":393.07807807807814,"w":82.81906906906906,"h":53.01051051051051,"i":"image-091f39cb-9c5d-4294-9a54-55ad96546fd8"},"image-55f79687-3d86-4fb7-8a0c-5b29d8d2970a":{"x":8.243243243243242,"y":571.4076576576575,"w":83.6524024024024,"h":47.48498498498498,"i":"image-55f79687-3d86-4fb7-8a0c-5b29d8d2970a"},"text-52d9602e-6888-478c-9ed1-7ae83ea53243":{"x":7.903528528528525,"y":528.1231231231232,"w":79.39752252252252,"h":30.27030326224662,"i":"text-52d9602e-6888-478c-9ed1-7ae83ea53243"},"text-411fdf18-b9cc-464f-995c-124230145d40":{"x":9.185435435435432,"y":708.4121621621621,"w":83.24699699699698,"h":15.135135135135135,"i":"text-411fdf18-b9cc-464f-995c-124230145d40"},"image-7e7ed3c1-af55-4e3c-8feb-cb7f3ccdd95b":{"x":8.853228228228227,"y":623.1756756756756,"w":83.51351351351352,"h":60.28153153153152,"i":"image-7e7ed3c1-af55-4e3c-8feb-cb7f3ccdd95b"},"image-c57904fb-ad2b-41ef-87da-11e38a03c927":{"x":9.25487987987988,"y":728.1043543543541,"w":49.66403903903904,"h":63.61861861861862,"i":"image-c57904fb-ad2b-41ef-87da-11e38a03c927"},"text-1da9bc27-137d-4043-9328-dc1ca26da64e":{"x":7.633258258258254,"y":882.53003003003,"w":88.8213213213213,"h":41.62162162162162,"i":"text-1da9bc27-137d-4043-9328-dc1ca26da64e"},"image-50ec7e7f-870b-46a8-906f-5f5d9f170941":{"x":6.1505255255255245,"y":934.9962462462463,"w":86.95195195195195,"h":54.72597597597598,"i":"image-50ec7e7f-870b-46a8-906f-5f5d9f170941"},"image-e7996982-5570-4ace-963b-ce925fac2ce7":{"x":9.054054054054054,"y":1040.9421921921921,"w":79.86674174174173,"h":80.26651651651652,"i":"image-e7996982-5570-4ace-963b-ce925fac2ce7"},"image-37c65718-c59d-401b-8088-d1e1392b606f":{"x":9.127252252252246,"y":797.5638138138138,"w":53.793168168168165,"h":63.88888888888889,"i":"image-37c65718-c59d-401b-8088-d1e1392b606f"},"text-5d8a3aff-3aa7-48df-b46c-f9f2b53f1043":{"x":9.254879879879878,"y":1013.3896396396394,"w":76.11861861861861,"h":15.135201119087837,"i":"text-5d8a3aff-3aa7-48df-b46c-f9f2b53f1043"},"text-938a3e53-2dcc-48b4-82e5-6af45a463ff4":{"x":6.081081081081081,"y":1141.3663663663663,"w":89.73723723723724,"h":28.378378378378375,"i":"text-938a3e53-2dcc-48b4-82e5-6af45a463ff4"},"text-202058b1-4163-4d67-abcd-7714d54eb21b":{"x":7.708333333333331,"y":35.833333333333336,"w":4.583333333333333,"h":7.638888888888888,"i":"text-202058b1-4163-4d67-abcd-7714d54eb21b"},"button-ebad9fe8-25a1-4c29-b1fd-b7a67942f586":{"x":0.8333333333333336,"y":1.8055555555555556,"w":32.50187687687688,"h":9.924924924924923,"i":"button-ebad9fe8-25a1-4c29-b1fd-b7a67942f586"}},"mobileHierarchy":{},"mobileEditedBlocks":["text-5db00f65-8fb3-4889-9402-9f318c9225f4","text-938a3e53-2dcc-48b4-82e5-6af45a463ff4","image-e7996982-5570-4ace-963b-ce925fac2ce7","text-5d8a3aff-3aa7-48df-b46c-f9f2b53f1043","image-50ec7e7f-870b-46a8-906f-5f5d9f170941","text-1da9bc27-137d-4043-9328-dc1ca26da64e","image-c57904fb-ad2b-41ef-87da-11e38a03c927","image-37c65718-c59d-401b-8088-d1e1392b606f","text-411fdf18-b9cc-464f-995c-124230145d40","image-7e7ed3c1-af55-4e3c-8feb-cb7f3ccdd95b","image-55f79687-3d86-4fb7-8a0c-5b29d8d2970a","text-52d9602e-6888-478c-9ed1-7ae83ea53243","text-31142ee5-d63f-4582-8945-931306dd7445","image-091f39cb-9c5d-4294-9a54-55ad96546fd8","text-cf38b0ba-f65a-4b21-8113-c3d479d5ec01","text-3fe3ff1b-c8dd-4c3a-802e-b05828357bcb","image-325ac028-4128-473e-a42d-66588bc0c596","image-f636f6da-7d3c-49a7-84f9-3c5d0bca5a64","image-c83d53b6-d2c6-4895-8c27-0cb3aa4d1c20","button-ebad9fe8-25a1-4c29-b1fd-b7a67942f586"]}