{"blocks":{"inception-ccfbb5fd-3a6f-4789-99e0-4e22554f565e":{"type":"inception","data":{"border":"0px solid black","boxShadow":"none","borderRadius":"0px","backgroundColor":"transparent"}},"inception-56dfc37c-5c9f-4df1-a04f-9c71142ca1cc":{"type":"inception","data":{"border":"0px solid black","boxShadow":"none","borderRadius":"0px","backgroundColor":"rgb(255, 195, 0)"}},"image-1b7069f4-7259-4529-a8c1-7910866d9bba":{"type":"image","data":{"boxShadow":"rgba(50, 50, 93, 0.25) 0px 2px 5px -1px, rgba(0, 0, 0, 0.3) 0px 1px 3px -1px","borderRadius":"0px","imageUrl":"https://images.pexels.com/photos/3757010/pexels-photo-3757010.jpeg?auto=compress&cs=tinysrgb&dpr=2&h=750&w=1260"}},"inception-f5726e7f-23e0-4b79-9d78-7d177aa45d15":{"type":"inception","data":{"border":"0px solid black","boxShadow":"none","borderRadius":"0px","backgroundColor":"rgb(255, 195, 0)"}},"image-1a950332-488e-496a-9b13-bc8c37d1b01c":{"type":"image","data":{"boxShadow":"rgba(50, 50, 93, 0.25) 0px 2px 5px -1px, rgba(0, 0, 0, 0.3) 0px 1px 3px -1px","borderRadius":"10px","imageUrl":"https://images.pexels.com/photos/3760857/pexels-photo-3760857.jpeg?cs=srgb&dl=pexels-sound-on-3760857.jpg&fm=jpg"}},"text-0e5d684c-b544-4b58-b6a9-443137512d87":{"type":"text","data":{"fontSize":"24","textAlign":"left","alignItems":"center","fontWeight":"700","boxShadow":"none","borderRadius":"0px","fontColor":"rgb(223,171,1)","backgroundColor":"transparent","text":"<h4><strong style=\"color: rgb(223, 171, 1);\">👋 Tara here</strong></h4><p><br></p><p><br></p><h3>I’m a UX/UI &amp; Product Designer from Sweden based in London</h3><p><br></p><p><br></p><h4>I have over 10 years of experience in startups and big companies like Google, Facebook, and more.</h4>"}},"text-6bb66a5e-606f-4556-af67-537712cec451":{"type":"text","data":{"fontSize":"18","textAlign":"center","alignItems":"center","fontWeight":"300","boxShadow":"none","borderRadius":"0px","fontColor":"#000000","backgroundColor":"transparent","text":"<h6>Scroll down to know more about me :)</h6><p><br></p><h5 class=\"ql-align-center\"><strong>↓</strong></h5>"}},"inception-144d30e7-435f-4ea2-a872-9c87255aa116":{"type":"inception","data":{"border":"0px solid black","boxShadow":"none","borderRadius":"0px","backgroundColor":"rgb(255, 195, 0)"}},"inception-73a73a5b-45e5-4aed-886a-1eee9dedb9c1":{"type":"inception","data":{"border":"0px solid black","boxShadow":"none","borderRadius":"0px","backgroundColor":"rgb(255, 195, 0)"}},"inception-3aa77017-00ca-4c8a-a8a9-68b20b6cff61":{"type":"inception","data":{"border":"0px solid black","boxShadow":"none","borderRadius":"0px","backgroundColor":"rgb(255, 195, 0)"}},"text-b2ea4204-f638-4ffc-82d4-81eaecee1a45":{"type":"text","data":{"fontSize":"36","textAlign":"center","alignItems":"center","fontWeight":"700","boxShadow":"none","borderRadius":"0px","fontColor":"#000000","backgroundColor":"transparent","text":"<h3>What I bring to the table</h3>"}},"inception-5bee6560-be0e-4c84-a709-ad97a14b2c6a":{"type":"inception","data":{"border":"1px solid rgb(205, 211, 216)","boxShadow":"rgba(50, 50, 93, 0.25) 0px 2px 5px -1px, rgba(0, 0, 0, 0.3) 0px 1px 3px -1px","borderRadius":"0px","backgroundColor":"#FFFFFF"}},"inception-035f49fd-4f83-4c0d-8ec4-867f0faa476f":{"type":"inception","data":{"border":"1px solid rgb(205, 211, 216)","boxShadow":"rgba(50, 50, 93, 0.25) 0px 2px 5px -1px, rgba(0, 0, 0, 0.3) 0px 1px 3px -1px","borderRadius":"0px","backgroundColor":"#FFFFFF"}},"inception-6ab18c20-ba83-4249-85ed-a300111656d5":{"type":"inception","data":{"border":"1px solid rgb(205, 211, 216)","boxShadow":"rgba(50, 50, 93, 0.25) 0px 2px 5px -1px, rgba(0, 0, 0, 0.3) 0px 1px 3px -1px","borderRadius":"0px","backgroundColor":"#FFFFFF"}},"text-f540a3d6-42d8-4776-b849-bcbf7824ab79":{"type":"text","data":{"fontSize":"24","textAlign":"center","alignItems":"center","fontWeight":"700","boxShadow":"none","borderRadius":"0px","fontColor":"#000000","backgroundColor":"#FFFFFF","text":"<h2 class=\"ql-align-center\">🎨</h2><p class=\"ql-align-center\"><br></p><h4 class=\"ql-align-center\">UX/UI Designs</h4><h5 class=\"ql-align-center\"><br></h5><h5 class=\"ql-align-center\">Lorem ipsum dolor sit amet, consectetur adipiscing elit.</h5>"}},"text-ae1f2202-52e9-4436-a983-ff0ebba79a58":{"type":"text","data":{"fontSize":"24","textAlign":"left","alignItems":"center","fontWeight":"300","boxShadow":"none","borderRadius":"0px","fontColor":"#000000","backgroundColor":"transparent","text":"<h3>About Me</h3><p><br></p><p><br></p><p><br></p><h5>Social and video ad creation platform with ready-made video templates, high-quality footage and music, eye-catching customizable text, and an award-winning editor.</h5><h5><br></h5><h5><br></h5><h5>Lorem ipsum dolor sit amet, consectetur adipiscing elit., Praesent ut lacus ornare, maximus purus non, pretium enim. Curabitur dapibus posuere mollis. Praesent sodales in risus in suscipit.</h5><h5><br></h5><h5><br></h5><h5>I love to work in UI &amp; UX designing. Because I love to solve the design problem and find easy and better solutions to solve them. I always try my best to make a good user interface with the best user experience. I have been working as a Visual Designer.</h5>"}},"inception-97590f5a-52aa-4bf6-84b8-5ebc33cb5854":{"type":"inception","data":{"border":"0px solid black","boxShadow":"none","borderRadius":"0px","backgroundColor":"transparent"}},"inception-3036db58-048a-4a5f-97c1-82e2a72ae934":{"type":"inception","data":{"border":"0px solid black","boxShadow":"none","borderRadius":"0px","backgroundColor":"transparent"}},"text-c8429cb7-7244-420a-878e-343bbf46163b":{"type":"text","data":{"fontSize":"36","textAlign":"center","alignItems":"center","fontWeight":"700","boxShadow":"none","borderRadius":"0px","fontColor":"#000000","backgroundColor":"transparent","text":"<h3 class=\"ql-align-center\">Kind Words from Colleagues</h3>"}},"inception-f9561b72-911c-4fb9-a7e7-3315f8e1a286":{"type":"inception","data":{"border":"0px solid black","boxShadow":"rgba(50, 50, 93, 0.25) 0px 2px 5px -1px, rgba(0, 0, 0, 0.3) 0px 1px 3px -1px","borderRadius":"10px","backgroundColor":"#FFFFFF"}},"inception-d4720caa-1395-4fee-b808-e7dfe9fd46b2":{"type":"inception","data":{"border":"0px solid black","boxShadow":"none","borderRadius":"0px","backgroundColor":"transparent"}},"image-3c5148c0-4ec1-4dcc-b90e-e443c5f38939":{"type":"image","data":{"boxShadow":"none","borderRadius":"0px","imageUrl":"https://mir-s3-cdn-cf.behance.net/project_modules/max_1200/e44d43100417139.5f0857f273ab7.gif"}},"image-a593051d-e8a4-4269-96b6-fa09d921124d":{"type":"image","data":{"boxShadow":"none","borderRadius":"0px","imageUrl":"https://cdn.dribbble.com/users/2210183/screenshots/15430782/media/3d5c3f5f35f8bf56c84c51893468abcc.jpg?compress=1&resize=1600x1200"}},"image-48b47c7b-78fe-4820-81c0-17f6d6a5849c":{"type":"image","data":{"boxShadow":"none","borderRadius":"0px","imageUrl":"https://mir-s3-cdn-cf.behance.net/project_modules/max_1200/a457eb78566667.5ca88b3f1f6e4.png"}},"text-ee9da3c8-4fd8-4730-8b24-be37df9083bd":{"type":"text","data":{"fontSize":"18","textAlign":"center","alignItems":"center","fontWeight":"400","boxShadow":"none","borderRadius":"0px","fontColor":"#000000","backgroundColor":"transparent","text":"<h6><strong>2017 - Present</strong></h6>","textShadow":"none"}},"text-48e351d3-a9aa-4bac-96ec-d8519f3d6f1c":{"type":"text","data":{"fontSize":"24","textAlign":"center","alignItems":"center","fontWeight":"400","boxShadow":"none","borderRadius":"0px","fontColor":"#000000","text":"<h4 class=\"ql-align-center\">💼</h4>"}},"inception-df28c2ba-91f5-472a-bb38-d178138830f1":{"type":"inception","data":{"border":"0px solid black","boxShadow":"none","borderRadius":"0px","backgroundColor":"transparent"}},"inception-f2cba520-037e-4c00-8ff5-54351c9487e0":{"type":"inception","data":{"border":"1px solid black","boxShadow":"none","borderRadius":"100%","backgroundColor":"transparent"}},"inception-657a32d8-ac75-442e-bfec-e17b40977acc":{"type":"inception","data":{"border":"0px solid black","boxShadow":"none","borderRadius":"20px","backgroundColor":"rgb(255, 195, 0)"}},"inception-66336c39-bd69-42a1-b55e-89103c25ec91":{"type":"inception","data":{"border":"1px solid black","boxShadow":"none","borderRadius":"20px","backgroundColor":"transparent"}},"inception-cc95874a-c055-46eb-a8de-c831aab2424b":{"type":"inception","data":{"border":"1px solid rgb(205, 211, 216)","boxShadow":"none","borderRadius":"20px","backgroundColor":"#292929"}},"inception-31dd51ec-9efe-49b6-84f5-7a1a5c628d88":{"type":"inception","data":{"border":"1px solid black","boxShadow":"none","borderRadius":"100%","backgroundColor":"transparent"}},"inception-5c90cf6f-1f6b-457d-a16e-47efbe6c6310":{"type":"inception","data":{"border":"1px solid black","boxShadow":"none","borderRadius":"100%","backgroundColor":"transparent"}},"inception-ab3e83db-d4a4-49ff-8f5a-fd7aeefaea24":{"type":"inception","data":{"border":"1px solid black","boxShadow":"none","borderRadius":"20px","backgroundColor":"transparent"}},"inception-a1cdc4df-6918-46b9-94de-6f49a8aeb1d8":{"type":"inception","data":{"border":"1px solid rgb(205, 211, 216)","boxShadow":"none","borderRadius":"20px","backgroundColor":"#292929"}},"inception-fdf97759-00a0-43ba-a3a0-70846b06bc99":{"type":"inception","data":{"border":"1px solid black","boxShadow":"none","borderRadius":"20px","backgroundColor":"transparent"}},"text-a10367f5-fa62-42a6-badd-18dc4b3a1d34":{"type":"text","data":{"fontSize":"18","textAlign":"center","alignItems":"center","fontWeight":"400","boxShadow":"none","borderRadius":"0px","fontColor":"#000000","text":"<h6><strong>2015 - 2017</strong></h6>"}},"text-6b316a7c-5d6e-4b32-9a67-36e96a16374e":{"type":"text","data":{"fontSize":"18","textAlign":"left","alignItems":"center","fontWeight":"700","boxShadow":"none","borderRadius":"0px","fontColor":"#000000","text":"<h5>Web Developer - Webflow</h5><p><br></p><p>Lorem ipsum dolor sit amet, consectetur adipiscing elit.</p>"}},"text-b9e72e29-a156-46b2-87bd-cf467f6e229e":{"type":"text","data":{"fontSize":"18","textAlign":"center","alignItems":"center","fontWeight":"400","boxShadow":"none","borderRadius":"0px","fontColor":"#000000","text":"<h6><strong>2014 - 2015 </strong></h6>"}},"inception-83590536-097d-477b-acc4-5b6018f9d35c":{"type":"inception","data":{"border":"1px solid rgb(205, 211, 216)","boxShadow":"none","borderRadius":"20px","backgroundColor":"#292929"}},"image-ea02ea14-fe6b-460c-a946-22e77cc64fec":{"type":"image","data":{"boxShadow":"none","borderRadius":"0px","imageUrl":"https://cdn.dribbble.com/users/7332661/screenshots/15451571/media/13e85b78045dc35848de9e3404f550e5.png?compress=1&resize=1600x1200"}},"inception-0b50cf56-9663-4715-86d3-5c5cd6c2fa78":{"type":"inception","data":{"border":"0px solid black","boxShadow":"none","borderRadius":"20px","backgroundColor":"rgb(255, 195, 0)"}},"inception-228ebcce-def0-48e4-9419-bb71acb6c0d3":{"type":"inception","data":{"border":"0px solid black","boxShadow":"none","borderRadius":"20px","backgroundColor":"rgb(255, 195, 0)"}},"inception-aebc868a-b508-4b54-a89f-204ddce48efc":{"type":"inception","data":{"border":"0px solid black","boxShadow":"none","borderRadius":"20px","backgroundColor":"rgb(255, 195, 0)"}},"text-e9553eee-7196-4f5d-a8d0-6e528c439ffe":{"type":"text","data":{"fontSize":"36","textAlign":"center","alignItems":"center","fontWeight":"700","boxShadow":"none","borderRadius":"0px","fontColor":"#000000","text":"<h3>My Work</h3>","textShadow":"none"}},"inception-2b014dd9-8eed-41d0-85cc-88d65995f7fb":{"type":"inception","data":{"border":"0px solid black","boxShadow":"none","borderRadius":"0px","backgroundColor":"transparent"}},"inception-0d0df480-6300-4c3e-ab16-7bd88cfbef0a":{"type":"inception","data":{"border":"1px solid black","boxShadow":"none","borderRadius":"100%","backgroundColor":"transparent"}},"inception-093dadf1-d5b1-4ad7-aa9c-6240b63d92df":{"type":"inception","data":{"border":"1px solid black","boxShadow":"none","borderRadius":"20px","backgroundColor":"transparent"}},"inception-c02fbbb3-978b-4eea-8840-8f785e87d3da":{"type":"inception","data":{"border":"1px solid rgb(205, 211, 216)","boxShadow":"none","borderRadius":"20px","backgroundColor":"#292929"}},"inception-5921936f-2dca-4d22-a146-d48fcd51413a":{"type":"inception","data":{"border":"1px solid black","boxShadow":"none","borderRadius":"100%","backgroundColor":"transparent"}},"inception-b45d920f-c942-4941-95c1-1a14f2a321f8":{"type":"inception","data":{"border":"1px solid black","boxShadow":"none","borderRadius":"100%","backgroundColor":"transparent"}},"inception-c7b484f9-f255-41be-aa85-eb0a1579606a":{"type":"inception","data":{"border":"1px solid black","boxShadow":"none","borderRadius":"20px","backgroundColor":"transparent"}},"inception-314b5406-90f9-4c57-8a1b-7c09e9518b84":{"type":"inception","data":{"border":"1px solid rgb(205, 211, 216)","boxShadow":"none","borderRadius":"20px","backgroundColor":"#292929"}},"inception-8b2bbed3-35a3-498f-93b2-9afec741b764":{"type":"inception","data":{"border":"1px solid black","boxShadow":"none","borderRadius":"20px","backgroundColor":"transparent"}},"inception-a23eba9a-bdf7-4fff-8276-3a0705223a94":{"type":"inception","data":{"border":"1px solid rgb(205, 211, 216)","boxShadow":"none","borderRadius":"20px","backgroundColor":"#292929"}},"text-051e8bae-9b14-4783-8c35-e45c59028704":{"type":"text","data":{"fontSize":"18","textAlign":"center","alignItems":"center","fontWeight":"400","boxShadow":"none","borderRadius":"0px","fontColor":"#000000","backgroundColor":"transparent","textShadow":"none","text":"<h6><strong>2014 - 2011</strong></h6>"}},"text-c3315e5e-ff74-4e0f-aca2-625bf2397ebd":{"type":"text","data":{"fontSize":"18","textAlign":"center","alignItems":"center","fontWeight":"400","boxShadow":"none","borderRadius":"0px","fontColor":"#000000","text":"<h6><strong>2011 - 2015 </strong></h6>"}},"text-24c58350-8744-4a1b-9ca5-4b1d8c413f77":{"type":"text","data":{"fontSize":"18","textAlign":"center","alignItems":"center","fontWeight":"400","boxShadow":"none","borderRadius":"0px","fontColor":"#000000","text":"<h6><strong>2008 - 2011</strong></h6>"}},"text-f26cd0e8-db5d-4fcc-b73b-15ddf0b55ed1":{"type":"text","data":{"fontSize":"30","textAlign":"center","alignItems":"center","fontWeight":"400","boxShadow":"none","borderRadius":"0px","fontColor":"#000000","text":"<h4 class=\"ql-align-center\">🎓</h4>"}},"inception-82d1f536-4f45-4c1e-86ce-aa7a2bd3e058":{"type":"inception","data":{"border":"none","boxShadow":"none","borderRadius":"0px","backgroundColor":"rgb(255, 195, 0)"}},"text-ef43f7d5-4963-4ded-8830-920ba45584aa":{"type":"text","data":{"fontSize":"24","textAlign":"left","alignItems":"center","fontWeight":"300","boxShadow":"none","borderRadius":"0px","fontColor":"#000000","text":"<h6>example_email@gmail.com</h6>"}},"text-a8882030-bdf3-4313-8926-005c12894f3c":{"type":"text","data":{"fontSize":"24","textAlign":"left","alignItems":"center","fontWeight":"500","boxShadow":"none","borderRadius":"0px","fontColor":"#000000","text":"<h5>I work remote as freelance. And I am available for hire.</h5>"}},"text-56e16e87-b149-43e5-bb35-b94f1cea5ea0":{"type":"text","data":{"fontSize":"18","textAlign":"center","alignItems":"center","fontWeight":"700","boxShadow":"none","borderRadius":"0px","fontColor":"#000000","text":"<h6>Thank you for visiting my page! 😊</h6>"}},"image-67adf117-b6e8-49cc-8952-c5ddb4f02f35":{"type":"image","data":{"boxShadow":"none","borderRadius":"100%","imageUrl":"https://cdn.dribbble.com/users/808435/screenshots/14859668/media/8b47f6d091f152e2ec212afe8df87296.png"}},"text-ffbb47c1-4d14-4ce4-8c9e-839d48d4b2bc":{"type":"text","data":{"fontSize":"24","textAlign":"center","alignItems":"center","fontWeight":"400","boxShadow":"none","borderRadius":"0px","fontColor":"#000000","text":"<h5><strong>Levon Lane</strong></h5><h6>Designer</h6>"}},"text-79b8e2b0-0bcd-44b7-a531-57929c3a0d7e":{"type":"text","data":{"fontSize":"24","textAlign":"center","alignItems":"center","fontWeight":"400","boxShadow":"none","borderRadius":"0px","fontColor":"#000000","text":"<h5 class=\"ql-align-center\">“First of all, acid reflux is not a disease. It is an acquired condition which can be completely healed by eating properly.“</h5>"}},"inception-aa884908-5314-4eea-b688-584ce325db73":{"type":"inception","data":{"border":"0px solid black","boxShadow":"rgba(50, 50, 93, 0.25) 0px 2px 5px -1px, rgba(0, 0, 0, 0.3) 0px 1px 3px -1px","borderRadius":"10px","backgroundColor":"#FFFFFF"}},"image-139356aa-af23-43d1-838d-22e6e86e31cb":{"type":"image","data":{"boxShadow":"none","borderRadius":"100%","imageUrl":"https://cdn.dribbble.com/users/3844750/screenshots/10729124/media/2523facfa3e436b8331c316dcc4998f2.jpg"}},"inception-61369b69-d093-477c-b94a-f4a0d5bf8d16":{"type":"inception","data":{"border":"0px solid black","boxShadow":"rgba(50, 50, 93, 0.25) 0px 2px 5px -1px, rgba(0, 0, 0, 0.3) 0px 1px 3px -1px","borderRadius":"10px","backgroundColor":"#FFFFFF"}},"image-1fc90f6d-ac54-48e7-b97a-e75241390390":{"type":"image","data":{"boxShadow":"none","borderRadius":"100%","imageUrl":"https://cdn.dribbble.com/users/1728536/screenshots/6299782/image.png"}},"text-de19df66-be84-4007-8000-71c909795809":{"type":"text","data":{"fontSize":"30","textAlign":"center","alignItems":"center","fontWeight":"700","boxShadow":"none","borderRadius":"0px","fontColor":"#000000","text":"<h3>Experience &amp; Education</h3>"}},"text-c4ea6901-59fb-4596-9fcc-40a5cc8237aa":{"type":"text","data":{"fontSize":"18","textAlign":"left","alignItems":"center","fontWeight":"700","boxShadow":"none","borderRadius":"0px","fontColor":"#000000","text":"<h5>UI / UX Designer - Webflow</h5><p><br></p><p>Lorem ipsum dolor sit amet, consectetur adipiscing elit. Lorem ipsum dolor sit amet, consectetur adipiscing elit.</p>"}},"text-d952e3f1-2002-4825-8fa6-5f828743c460":{"type":"text","data":{"fontSize":"18","textAlign":"left","alignItems":"center","fontWeight":"700","boxShadow":"none","borderRadius":"0px","fontColor":"#000000","text":"<h5>Consultant - Webflow</h5><p><br></p><p>Lorem ipsum dolor sit amet, consectetur adipiscing elit.</p>"}},"text-cfa67deb-19e6-49f7-a55c-84fad62f8a66":{"type":"text","data":{"fontSize":"18","textAlign":"left","alignItems":"center","fontWeight":"700","boxShadow":"none","borderRadius":"0px","fontColor":"#000000","text":"<h5>Master Degree - NY University</h5><p><br></p><p>Lorem ipsum dolor sit amet, consectetur adipiscing elit.</p>"}},"text-c5e3dd62-db35-48b5-b0dd-fc9ca13e1df0":{"type":"text","data":{"fontSize":"18","textAlign":"left","alignItems":"center","fontWeight":"700","boxShadow":"none","borderRadius":"0px","fontColor":"#000000","text":"<h5>Engineer Degree - NY University</h5><p><br></p><p>Lorem ipsum dolor sit amet, consectetur adipiscing elit. Lorem ipsum dolor sit amet, consectetur adipiscing elit.</p>"}},"text-a2ebbb87-4cb4-4111-8106-f2adbd80ccb0":{"type":"text","data":{"fontSize":"18","textAlign":"left","alignItems":"center","fontWeight":"700","boxShadow":"none","borderRadius":"0px","fontColor":"#000000","text":"<h5>Art &amp; Design - Oxford University</h5><p><br></p><p>Lorem ipsum dolor sit amet, consectetur adipiscing elit.</p>"}},"text-9a311fe9-9fd6-4725-a035-b71aa38d8b55":{"type":"text","data":{"fontSize":"24","textAlign":"center","alignItems":"center","fontWeight":"700","boxShadow":"none","borderRadius":"0px","fontColor":"#000000","backgroundColor":"#FFFFFF","text":"<h2 class=\"ql-align-center\">🚀</h2><p class=\"ql-align-center\"><br></p><h4 class=\"ql-align-center\">Brand Identity</h4><h5 class=\"ql-align-center\"><br></h5><h5 class=\"ql-align-center\">Lorem ipsum dolor sit amet, adipiscing elit. Praesent vulputate pellentesque orci.</h5>"}},"text-3d41a7f1-8cf8-453c-a4ff-9a2262ca049d":{"type":"text","data":{"fontSize":"24","textAlign":"center","alignItems":"center","fontWeight":"700","boxShadow":"none","borderRadius":"0px","fontColor":"#000000","backgroundColor":"#FFFFFF","text":"<h3 class=\"ql-align-center\">🖥</h3><p class=\"ql-align-center\"><br></p><h4 class=\"ql-align-center\">Design Systems</h4><h5 class=\"ql-align-center\"><br></h5><h5 class=\"ql-align-center\">Lorem ipsum dolor sit amet, consectetur adipiscing elit. Praesent vulputate.</h5>"}},"text-21f0d92b-7001-4b4c-95eb-40f4b7fd8be9":{"type":"text","data":{"fontSize":"24","textAlign":"center","alignItems":"center","fontWeight":"400","boxShadow":"none","borderRadius":"0px","fontColor":"#000000","text":"<h5 class=\"ql-align-center\">“Many people feel that there is a limited amount of abundance, wealth, or chances to succeed in life.“</h5>"}},"text-3af57631-fb4e-4bb8-955e-6197d2656e7b":{"type":"text","data":{"fontSize":"24","textAlign":"center","alignItems":"center","fontWeight":"400","boxShadow":"none","borderRadius":"0px","fontColor":"#000000","text":"<h5><strong>Diana Briston</strong></h5><h6>Product Manager</h6>"}},"text-dd4d3638-7a20-4058-83e3-53ffab1ceb0b":{"type":"text","data":{"fontSize":"24","textAlign":"center","alignItems":"center","fontWeight":"400","boxShadow":"none","borderRadius":"0px","fontColor":"#000000","text":"<h5 class=\"ql-align-center\">“Hypnosis quit smoking methods maintain caused quite a stir in the medical world over the last two decades.”</h5>"}},"text-f1833042-b6de-4807-b86b-3facbb033b76":{"type":"text","data":{"fontSize":"24","textAlign":"center","alignItems":"center","fontWeight":"400","boxShadow":"none","borderRadius":"0px","fontColor":"#000000","text":"<h5><strong>Lei Skywalker</strong></h5><h6>Team Leader</h6>"}},"text-a49ee2c2-696d-4935-af9f-910ae398b67c":{"type":"text","data":{"fontSize":"24","textAlign":"center","alignItems":"center","fontWeight":"400","boxShadow":"none","borderRadius":"0px","fontColor":"#000000","text":"<h4 class=\"ql-align-center\">💼</h4>"}},"text-cd0b4841-37a4-43ad-93a4-c3e79bdcdf71":{"type":"text","data":{"fontSize":"24","textAlign":"center","alignItems":"center","fontWeight":"400","boxShadow":"none","borderRadius":"0px","fontColor":"#000000","text":"<h4 class=\"ql-align-center\">💼</h4>"}},"text-d7dae87c-0962-4f10-a814-14e2e0ebb1c3":{"type":"text","data":{"fontSize":"30","textAlign":"center","alignItems":"center","fontWeight":"400","boxShadow":"none","borderRadius":"0px","fontColor":"#000000","text":"<h4 class=\"ql-align-center\">🎓</h4>"}},"text-a56190a5-25ac-439a-ba1c-5f386dfe509c":{"type":"text","data":{"fontSize":"30","textAlign":"center","alignItems":"center","fontWeight":"400","boxShadow":"none","borderRadius":"0px","fontColor":"#000000","text":"<h4 class=\"ql-align-center\">🎓</h4>"}}},"hierarchy":{"inception-08b007e3-1549-4e10-bb25-fae15a6e7829":[],"inception-ccfbb5fd-3a6f-4789-99e0-4e22554f565e":["inception-d2550e2b-4b56-4deb-bebf-938ad97a7ff6","image-b056a324-fdb5-42b3-a3c3-596dc58138a4","image-58c0a593-4ff9-4b29-b3d8-3a7cc814dc9d","inception-e0436da4-ee93-44dd-aa73-713684b3284a","inception-144d30e7-435f-4ea2-a872-9c87255aa116","inception-73a73a5b-45e5-4aed-886a-1eee9dedb9c1","inception-3aa77017-00ca-4c8a-a8a9-68b20b6cff61","text-b2ea4204-f638-4ffc-82d4-81eaecee1a45","inception-5bee6560-be0e-4c84-a709-ad97a14b2c6a","inception-035f49fd-4f83-4c0d-8ec4-867f0faa476f","inception-6ab18c20-ba83-4249-85ed-a300111656d5","text-314da510-8055-4c59-9c11-1e2b4eb741db","text-4707e744-3dce-4af5-95ff-19b7d5838056","text-0b0b477d-5c0e-4f0d-86d0-76e4aca6c44d","text-7ce7266d-01cf-45f2-8f14-427583f9741a"],"inception-56dfc37c-5c9f-4df1-a04f-9c71142ca1cc":["image-1b7069f4-7259-4529-a8c1-7910866d9bba"],"inception-144d30e7-435f-4ea2-a872-9c87255aa116":["text-872d9c9d-7c13-41fc-a66f-cd7921708c35","text-9a311fe9-9fd6-4725-a035-b71aa38d8b55"],"inception-73a73a5b-45e5-4aed-886a-1eee9dedb9c1":["text-34bfd69b-dd88-460f-a7ef-300ec6fe2854","text-f540a3d6-42d8-4776-b849-bcbf7824ab79","text-7938e696-7915-4d57-9977-d4e50e041b7a"],"inception-3aa77017-00ca-4c8a-a8a9-68b20b6cff61":["text-f7f17d2f-8934-4be3-a524-3fc16a78772a","text-3d41a7f1-8cf8-453c-a4ff-9a2262ca049d"],"inception-3036db58-048a-4a5f-97c1-82e2a72ae934":["text-c8429cb7-7244-420a-878e-343bbf46163b","inception-f9561b72-911c-4fb9-a7e7-3315f8e1a286","inception-b43ec7a8-ef34-4126-867c-33820092879e","inception-e09b01da-12ef-44ea-afd3-4a3cf5b7fd48","inception-aa884908-5314-4eea-b688-584ce325db73","inception-61369b69-d093-477c-b94a-f4a0d5bf8d16","text-c4537cd7-9f1f-4e18-a8f1-ac8be3899947","text-d0264d1a-6445-490d-8639-3d7dcf8730b8","text-976b2d10-c6c0-420a-a59f-800820a61fc7"],"inception-d4720caa-1395-4fee-b808-e7dfe9fd46b2":["inception-89ba91f4-a2a5-494d-8926-f77ad7bfa0a0","inception-95efd073-bf37-48fc-9e22-acb11dea1f61","inception-29fa0cb9-3a22-4307-a62b-014bde77029f","inception-04785e6d-96c1-496a-883c-adfd0506f6ef","image-ea02ea14-fe6b-460c-a946-22e77cc64fec","image-a593051d-e8a4-4269-96b6-fa09d921124d","image-48b47c7b-78fe-4820-81c0-17f6d6a5849c","image-3c5148c0-4ec1-4dcc-b90e-e443c5f38939","inception-657a32d8-ac75-442e-bfec-e17b40977acc","inception-0b50cf56-9663-4715-86d3-5c5cd6c2fa78","inception-228ebcce-def0-48e4-9419-bb71acb6c0d3","inception-aebc868a-b508-4b54-a89f-204ddce48efc"],"inception-95efd073-bf37-48fc-9e22-acb11dea1f61":[],"inception-29fa0cb9-3a22-4307-a62b-014bde77029f":[],"inception-04785e6d-96c1-496a-883c-adfd0506f6ef":[],"inception-97590f5a-52aa-4bf6-84b8-5ebc33cb5854":["image-416946fe-468c-49bb-b7a2-bcf2ce4aa702","inception-97a6c52c-d7a7-4348-a0cd-cfcd2760ad7f","inception-31d09b2f-28f5-492f-bc74-0303292b926f","inception-df28c2ba-91f5-472a-bb38-d178138830f1","image-bec371a5-9b9f-4e05-b5cd-458d9c02fd7a","inception-2b014dd9-8eed-41d0-85cc-88d65995f7fb","text-4aba1511-51ce-48a6-a544-e160c5f26974","text-a3301145-953a-4288-b037-9091dc864ff5","text-419e9221-6e81-4a92-a258-49638dd309d2","text-7df07606-9b37-4be1-a525-af9e66b296cb"],"inception-df28c2ba-91f5-472a-bb38-d178138830f1":["inception-f2cba520-037e-4c00-8ff5-54351c9487e0","inception-66336c39-bd69-42a1-b55e-89103c25ec91","inception-cc95874a-c055-46eb-a8de-c831aab2424b","inception-31dd51ec-9efe-49b6-84f5-7a1a5c628d88","inception-5c90cf6f-1f6b-457d-a16e-47efbe6c6310","inception-ab3e83db-d4a4-49ff-8f5a-fd7aeefaea24","inception-a1cdc4df-6918-46b9-94de-6f49a8aeb1d8","inception-fdf97759-00a0-43ba-a3a0-70846b06bc99","text-6b316a7c-5d6e-4b32-9a67-36e96a16374e","text-9c95918b-6da7-42c9-ac1f-d91dac95f8f0","inception-83590536-097d-477b-acc4-5b6018f9d35c","text-d952e3f1-2002-4825-8fa6-5f828743c460","text-c4ea6901-59fb-4596-9fcc-40a5cc8237aa"],"inception-f2cba520-037e-4c00-8ff5-54351c9487e0":["text-48e351d3-a9aa-4bac-96ec-d8519f3d6f1c"],"inception-66336c39-bd69-42a1-b55e-89103c25ec91":["text-ee9da3c8-4fd8-4730-8b24-be37df9083bd"],"inception-31dd51ec-9efe-49b6-84f5-7a1a5c628d88":["text-9a3f5921-6fe7-4857-97f2-7cce206b411f","text-a49ee2c2-696d-4935-af9f-910ae398b67c"],"inception-ab3e83db-d4a4-49ff-8f5a-fd7aeefaea24":["text-a10367f5-fa62-42a6-badd-18dc4b3a1d34"],"inception-fdf97759-00a0-43ba-a3a0-70846b06bc99":["text-b9e72e29-a156-46b2-87bd-cf467f6e229e","inception-8d0479aa-d4f6-4941-98c1-4e94b90a77f6"],"inception-5c90cf6f-1f6b-457d-a16e-47efbe6c6310":["text-b8084650-e4b7-4cde-a4a4-278dbc870b66","text-cd0b4841-37a4-43ad-93a4-c3e79bdcdf71"],"inception-532b1eb0-8670-41c5-97f1-c41248d6d775":[],"inception-2b014dd9-8eed-41d0-85cc-88d65995f7fb":["inception-0d0df480-6300-4c3e-ab16-7bd88cfbef0a","inception-c02fbbb3-978b-4eea-8840-8f785e87d3da","inception-5921936f-2dca-4d22-a146-d48fcd51413a","inception-b45d920f-c942-4941-95c1-1a14f2a321f8","inception-c7b484f9-f255-41be-aa85-eb0a1579606a","inception-8b2bbed3-35a3-498f-93b2-9afec741b764","inception-a23eba9a-bdf7-4fff-8276-3a0705223a94","text-227456df-ee61-4441-bff5-2522e48cf948","text-2d1b2f24-6c8b-4371-bbe8-b5468ec7e195","inception-093dadf1-d5b1-4ad7-aa9c-6240b63d92df","text-cfa67deb-19e6-49f7-a55c-84fad62f8a66","text-c5e3dd62-db35-48b5-b0dd-fc9ca13e1df0","text-a2ebbb87-4cb4-4111-8106-f2adbd80ccb0","inception-314b5406-90f9-4c57-8a1b-7c09e9518b84"],"inception-0d0df480-6300-4c3e-ab16-7bd88cfbef0a":["text-f26cd0e8-db5d-4fcc-b73b-15ddf0b55ed1"],"inception-093dadf1-d5b1-4ad7-aa9c-6240b63d92df":["text-051e8bae-9b14-4783-8c35-e45c59028704"],"inception-5921936f-2dca-4d22-a146-d48fcd51413a":["text-a56190a5-25ac-439a-ba1c-5f386dfe509c"],"inception-b45d920f-c942-4941-95c1-1a14f2a321f8":["text-d7dae87c-0962-4f10-a814-14e2e0ebb1c3"],"inception-c7b484f9-f255-41be-aa85-eb0a1579606a":["text-c3315e5e-ff74-4e0f-aca2-625bf2397ebd"],"inception-8b2bbed3-35a3-498f-93b2-9afec741b764":["text-24c58350-8744-4a1b-9ca5-4b1d8c413f77"],"inception-82d1f536-4f45-4c1e-86ce-aa7a2bd3e058":["text-ef43f7d5-4963-4ded-8830-920ba45584aa","text-6e2c8f30-c51a-47f7-ae83-6d411d7757a5","text-a8882030-bdf3-4313-8926-005c12894f3c","text-582e85d7-76ba-4560-b947-93eb0981495f","text-2f5331db-2721-4652-acf8-f3229a78f323","inception-175906f9-86e0-4dc8-b978-0e1a99751d83","text-1fb90ea3-5d11-4720-8b7c-b63a6dff5042","inception-b7c88c2d-e83a-48a5-9094-4707219231d9","inception-e5b52b32-8fb3-4470-9cf3-2e02c81d870e","inception-878fd58f-1b2c-46c8-ac8b-e296c9ce006d","text-56e16e87-b149-43e5-bb35-b94f1cea5ea0","text-8fcf97a1-97c2-4cb4-a068-a2f415814566"],"inception-175906f9-86e0-4dc8-b978-0e1a99751d83":[],"inception-f9561b72-911c-4fb9-a7e7-3315f8e1a286":["image-67adf117-b6e8-49cc-8952-c5ddb4f02f35","text-ffbb47c1-4d14-4ce4-8c9e-839d48d4b2bc","text-053919f2-a430-458f-ae54-c1a1c9b4bb57","text-587040b6-39a6-45bb-b8d3-f1969544c499","text-79b8e2b0-0bcd-44b7-a531-57929c3a0d7e"],"text-587040b6-39a6-45bb-b8d3-f1969544c499":[],"inception-aa884908-5314-4eea-b688-584ce325db73":["image-139356aa-af23-43d1-838d-22e6e86e31cb","text-491baf9f-0b68-4b6c-9863-59a4380b2441","text-60a8d73a-7f99-40d3-be8b-c4e2e0a96ab3","text-21f0d92b-7001-4b4c-95eb-40f4b7fd8be9","text-3af57631-fb4e-4bb8-955e-6197d2656e7b"],"inception-61369b69-d093-477c-b94a-f4a0d5bf8d16":["image-1fc90f6d-ac54-48e7-b97a-e75241390390","text-7295b579-0567-459b-9319-924f43355c49","text-dd4d3638-7a20-4058-83e3-53ffab1ceb0b","text-f1833042-b6de-4807-b86b-3facbb033b76"],"text-484368ee-30aa-439a-b004-8e0b9152a96d":[],"text-c4ea6901-59fb-4596-9fcc-40a5cc8237aa":[],"text-d952e3f1-2002-4825-8fa6-5f828743c460":[],"text-cfa67deb-19e6-49f7-a55c-84fad62f8a66":[],"text-c5e3dd62-db35-48b5-b0dd-fc9ca13e1df0":[],"text-a2ebbb87-4cb4-4111-8106-f2adbd80ccb0":[],"text-9a311fe9-9fd6-4725-a035-b71aa38d8b55":[],"text-3d41a7f1-8cf8-453c-a4ff-9a2262ca049d":[],"text-21f0d92b-7001-4b4c-95eb-40f4b7fd8be9":[],"text-3af57631-fb4e-4bb8-955e-6197d2656e7b":[],"text-dd4d3638-7a20-4058-83e3-53ffab1ceb0b":[],"text-f1833042-b6de-4807-b86b-3facbb033b76":[]},"layouts":{"inception-ccfbb5fd-3a6f-4789-99e0-4e22554f565e":{"x":0,"y":118,"i":"inception-ccfbb5fd-3a6f-4789-99e0-4e22554f565e","w":200,"h":93},"inception-56dfc37c-5c9f-4df1-a04f-9c71142ca1cc":{"x":0,"y":224,"i":"inception-56dfc37c-5c9f-4df1-a04f-9c71142ca1cc","w":82,"h":100},"image-1b7069f4-7259-4529-a8c1-7910866d9bba":{"x":28,"y":242,"i":"image-1b7069f4-7259-4529-a8c1-7910866d9bba","w":70,"h":64},"inception-f5726e7f-23e0-4b79-9d78-7d177aa45d15":{"x":123,"y":0,"i":"inception-f5726e7f-23e0-4b79-9d78-7d177aa45d15","w":77,"h":114},"image-1a950332-488e-496a-9b13-bc8c37d1b01c":{"x":107.13888888888889,"y":24,"i":"image-1a950332-488e-496a-9b13-bc8c37d1b01c","w":57,"h":64},"text-0e5d684c-b544-4b58-b6a9-443137512d87":{"x":7.472222222222221,"y":32,"i":"text-0e5d684c-b544-4b58-b6a9-443137512d87","w":93.6111111111111,"h":43.61111534966363},"text-6bb66a5e-606f-4556-af67-537712cec451":{"x":79.27777777777777,"y":95.22222222222223,"i":"text-6bb66a5e-606f-4556-af67-537712cec451","w":41.25,"h":12.63888888888889},"inception-144d30e7-435f-4ea2-a872-9c87255aa116":{"x":18,"y":148.00000000000003,"i":"inception-144d30e7-435f-4ea2-a872-9c87255aa116","w":50,"h":50},"inception-73a73a5b-45e5-4aed-886a-1eee9dedb9c1":{"x":79.00000000000001,"y":148.00000000000003,"i":"inception-73a73a5b-45e5-4aed-886a-1eee9dedb9c1","w":50,"h":50},"inception-3aa77017-00ca-4c8a-a8a9-68b20b6cff61":{"x":140,"y":148.00000000000003,"i":"inception-3aa77017-00ca-4c8a-a8a9-68b20b6cff61","w":50,"h":50},"text-b2ea4204-f638-4ffc-82d4-81eaecee1a45":{"x":70.52777777777779,"y":126.8611111111111,"i":"text-b2ea4204-f638-4ffc-82d4-81eaecee1a45","w":67.22222222222221,"h":10.972222222222221},"inception-5bee6560-be0e-4c84-a709-ad97a14b2c6a":{"x":16,"y":146,"i":"inception-5bee6560-be0e-4c84-a709-ad97a14b2c6a","w":50,"h":50},"inception-035f49fd-4f83-4c0d-8ec4-867f0faa476f":{"x":77,"y":146,"i":"inception-035f49fd-4f83-4c0d-8ec4-867f0faa476f","w":50,"h":50},"inception-6ab18c20-ba83-4249-85ed-a300111656d5":{"x":138,"y":146,"i":"inception-6ab18c20-ba83-4249-85ed-a300111656d5","w":50,"h":50},"text-f540a3d6-42d8-4776-b849-bcbf7824ab79":{"x":83.33333333333333,"y":153.05555555555554,"i":"text-f540a3d6-42d8-4776-b849-bcbf7824ab79","w":38.75,"h":32.22222222222222},"text-ae1f2202-52e9-4436-a983-ff0ebba79a58":{"x":108.22222222222223,"y":238.41666666666669,"i":"text-ae1f2202-52e9-4436-a983-ff0ebba79a58","w":82.64322068956163,"h":70.9722391764323},"inception-97590f5a-52aa-4bf6-84b8-5ebc33cb5854":{"x":0,"y":337,"i":"inception-97590f5a-52aa-4bf6-84b8-5ebc33cb5854","w":200,"h":103},"inception-3036db58-048a-4a5f-97c1-82e2a72ae934":{"x":0,"y":605,"i":"inception-3036db58-048a-4a5f-97c1-82e2a72ae934","w":200,"h":94},"text-c8429cb7-7244-420a-878e-343bbf46163b":{"x":61.47222222222222,"y":616,"i":"text-c8429cb7-7244-420a-878e-343bbf46163b","w":80.91362847222221,"h":7.638888888888888},"inception-f9561b72-911c-4fb9-a7e7-3315f8e1a286":{"x":15,"y":635,"i":"inception-f9561b72-911c-4fb9-a7e7-3315f8e1a286","w":50,"h":50},"inception-d4720caa-1395-4fee-b808-e7dfe9fd46b2":{"x":0,"y":461,"i":"inception-d4720caa-1395-4fee-b808-e7dfe9fd46b2","w":200,"h":142},"image-3c5148c0-4ec1-4dcc-b90e-e443c5f38939":{"x":112,"y":467,"i":"image-3c5148c0-4ec1-4dcc-b90e-e443c5f38939","w":75,"h":50},"image-a593051d-e8a4-4269-96b6-fa09d921124d":{"x":11,"y":536,"i":"image-a593051d-e8a4-4269-96b6-fa09d921124d","w":75,"h":50},"image-48b47c7b-78fe-4820-81c0-17f6d6a5849c":{"x":112,"y":535,"i":"image-48b47c7b-78fe-4820-81c0-17f6d6a5849c","w":75,"h":50},"text-ee9da3c8-4fd8-4730-8b24-be37df9083bd":{"x":52.638888888888886,"y":353.6666666666667,"i":"text-ee9da3c8-4fd8-4730-8b24-be37df9083bd","w":17.69314236111111,"h":3.0555555555555554},"text-48e351d3-a9aa-4bac-96ec-d8519f3d6f1c":{"x":40.25,"y":352.55555555555554,"i":"text-48e351d3-a9aa-4bac-96ec-d8519f3d6f1c","w":7.387152777777778,"h":5},"inception-df28c2ba-91f5-472a-bb38-d178138830f1":{"x":17.36111111111111,"y":344.1388888888889,"i":"inception-df28c2ba-91f5-472a-bb38-d178138830f1","w":81,"h":91},"inception-f2cba520-037e-4c00-8ff5-54351c9487e0":{"x":40.361111111111114,"y":351.1388888888889,"i":"inception-f2cba520-037e-4c00-8ff5-54351c9487e0","w":8,"h":8},"inception-657a32d8-ac75-442e-bfec-e17b40977acc":{"x":32,"y":526,"i":"inception-657a32d8-ac75-442e-bfec-e17b40977acc","w":30,"h":1},"inception-66336c39-bd69-42a1-b55e-89103c25ec91":{"x":51.361111111111114,"y":352.1388888888889,"i":"inception-66336c39-bd69-42a1-b55e-89103c25ec91","w":19,"h":6},"inception-cc95874a-c055-46eb-a8de-c831aab2424b":{"x":44.361111111111114,"y":360.13888888888886,"i":"inception-cc95874a-c055-46eb-a8de-c831aab2424b","w":1,"h":14},"inception-31dd51ec-9efe-49b6-84f5-7a1a5c628d88":{"x":40.361111111111114,"y":375.13888888888886,"i":"inception-31dd51ec-9efe-49b6-84f5-7a1a5c628d88","w":8,"h":8},"inception-5c90cf6f-1f6b-457d-a16e-47efbe6c6310":{"x":41.361111111111114,"y":401.1388888888889,"i":"inception-5c90cf6f-1f6b-457d-a16e-47efbe6c6310","w":8,"h":8},"inception-ab3e83db-d4a4-49ff-8f5a-fd7aeefaea24":{"x":51.361111111111114,"y":376.1388888888889,"i":"inception-ab3e83db-d4a4-49ff-8f5a-fd7aeefaea24","w":19,"h":6},"inception-a1cdc4df-6918-46b9-94de-6f49a8aeb1d8":{"x":44.361111111111114,"y":385.13888888888886,"i":"inception-a1cdc4df-6918-46b9-94de-6f49a8aeb1d8","w":1,"h":14},"inception-fdf97759-00a0-43ba-a3a0-70846b06bc99":{"x":52.36111111111111,"y":402.1388888888889,"i":"inception-fdf97759-00a0-43ba-a3a0-70846b06bc99","w":19,"h":6},"text-a10367f5-fa62-42a6-badd-18dc4b3a1d34":{"x":54.02777777777778,"y":377.6666666666667,"i":"text-a10367f5-fa62-42a6-badd-18dc4b3a1d34","w":14.359809027777779,"h":3.0555555555555554},"text-6b316a7c-5d6e-4b32-9a67-36e96a16374e":{"x":51.361111111111114,"y":359.69444444444446,"i":"text-6b316a7c-5d6e-4b32-9a67-36e96a16374e","w":36.998697916666664,"h":14.583333333333332},"text-b9e72e29-a156-46b2-87bd-cf467f6e229e":{"x":55.166666666666664,"y":403.6666666666667,"i":"text-b9e72e29-a156-46b2-87bd-cf467f6e229e","w":14.359809027777779,"h":3.0555555555555554},"inception-83590536-097d-477b-acc4-5b6018f9d35c":{"x":44.361111111111114,"y":411.1388888888889,"i":"inception-83590536-097d-477b-acc4-5b6018f9d35c","w":1,"h":9},"image-ea02ea14-fe6b-460c-a946-22e77cc64fec":{"x":11,"y":467,"i":"image-ea02ea14-fe6b-460c-a946-22e77cc64fec","w":75,"h":50},"inception-0b50cf56-9663-4715-86d3-5c5cd6c2fa78":{"x":135,"y":526,"i":"inception-0b50cf56-9663-4715-86d3-5c5cd6c2fa78","w":30,"h":1},"inception-228ebcce-def0-48e4-9419-bb71acb6c0d3":{"x":98,"y":478,"i":"inception-228ebcce-def0-48e4-9419-bb71acb6c0d3","w":1,"h":30},"inception-aebc868a-b508-4b54-a89f-204ddce48efc":{"x":98,"y":547,"i":"inception-aebc868a-b508-4b54-a89f-204ddce48efc","w":1,"h":30},"text-e9553eee-7196-4f5d-a8d0-6e528c439ffe":{"x":86.38888888888889,"y":445.86111111111114,"i":"text-e9553eee-7196-4f5d-a8d0-6e528c439ffe","w":27.55425347222222,"h":10.972222222222221},"inception-2b014dd9-8eed-41d0-85cc-88d65995f7fb":{"x":102.83333333333333,"y":344.97222222222223,"i":"inception-2b014dd9-8eed-41d0-85cc-88d65995f7fb","w":85,"h":84},"inception-0d0df480-6300-4c3e-ab16-7bd88cfbef0a":{"x":125.83333333333331,"y":351.97222222222223,"i":"inception-0d0df480-6300-4c3e-ab16-7bd88cfbef0a","w":8,"h":8},"inception-093dadf1-d5b1-4ad7-aa9c-6240b63d92df":{"x":135.99999999999986,"y":353.3888888888889,"i":"inception-093dadf1-d5b1-4ad7-aa9c-6240b63d92df","w":19,"h":6},"inception-c02fbbb3-978b-4eea-8840-8f785e87d3da":{"x":129.41666666666669,"y":360.97222222222223,"i":"inception-c02fbbb3-978b-4eea-8840-8f785e87d3da","w":1,"h":14},"inception-5921936f-2dca-4d22-a146-d48fcd51413a":{"x":125.83333333333331,"y":375.97222222222223,"i":"inception-5921936f-2dca-4d22-a146-d48fcd51413a","w":8,"h":8},"inception-b45d920f-c942-4941-95c1-1a14f2a321f8":{"x":126.8333333333333,"y":401.97222222222223,"i":"inception-b45d920f-c942-4941-95c1-1a14f2a321f8","w":8,"h":8},"inception-c7b484f9-f255-41be-aa85-eb0a1579606a":{"x":136,"y":376.97222222222223,"i":"inception-c7b484f9-f255-41be-aa85-eb0a1579606a","w":19,"h":6},"inception-314b5406-90f9-4c57-8a1b-7c09e9518b84":{"x":129.55555555555557,"y":386.38888888888886,"i":"inception-314b5406-90f9-4c57-8a1b-7c09e9518b84","w":1,"h":14},"inception-8b2bbed3-35a3-498f-93b2-9afec741b764":{"x":136.0277777777778,"y":402.97222222222223,"i":"inception-8b2bbed3-35a3-498f-93b2-9afec741b764","w":19,"h":6},"inception-a23eba9a-bdf7-4fff-8276-3a0705223a94":{"x":129.8333333333333,"y":411.97222222222223,"i":"inception-a23eba9a-bdf7-4fff-8276-3a0705223a94","w":1,"h":9},"text-051e8bae-9b14-4783-8c35-e45c59028704":{"x":138.52777777777754,"y":354.6388888888889,"i":"text-051e8bae-9b14-4783-8c35-e45c59028704","w":14.08203125,"h":3.0555555555555554},"text-c3315e5e-ff74-4e0f-aca2-625bf2397ebd":{"x":138.11111111111097,"y":378.50000000000006,"i":"text-c3315e5e-ff74-4e0f-aca2-625bf2397ebd","w":14.22092013888889,"h":3.0555555555555554},"text-24c58350-8744-4a1b-9ca5-4b1d8c413f77":{"x":138.27777777777766,"y":404.5,"i":"text-24c58350-8744-4a1b-9ca5-4b1d8c413f77","w":14.637586805555557,"h":3.0555555555555554},"text-f26cd0e8-db5d-4fcc-b73b-15ddf0b55ed1":{"x":125.83333333333333,"y":353.6388888888889,"i":"text-f26cd0e8-db5d-4fcc-b73b-15ddf0b55ed1","w":7.999131944444445,"h":5},"inception-82d1f536-4f45-4c1e-86ce-aa7a2bd3e058":{"x":0,"y":704,"i":"inception-82d1f536-4f45-4c1e-86ce-aa7a2bd3e058","w":200,"h":42},"text-ef43f7d5-4963-4ded-8830-920ba45584aa":{"x":8,"y":716,"i":"text-ef43f7d5-4963-4ded-8830-920ba45584aa","w":40.998263888888886,"h":6.388888888888888},"text-a8882030-bdf3-4313-8926-005c12894f3c":{"x":8,"y":709,"i":"text-a8882030-bdf3-4313-8926-005c12894f3c","w":97.99913194444444,"h":7.083333333333333},"text-56e16e87-b149-43e5-bb35-b94f1cea5ea0":{"x":152,"y":732.0000000000001,"i":"text-56e16e87-b149-43e5-bb35-b94f1cea5ea0","w":41.998697916666664,"h":6.388888888888888},"image-67adf117-b6e8-49cc-8952-c5ddb4f02f35":{"x":19,"y":641,"i":"image-67adf117-b6e8-49cc-8952-c5ddb4f02f35","w":10,"h":10},"text-ffbb47c1-4d14-4ce4-8c9e-839d48d4b2bc":{"x":29.583333333333332,"y":640.4444444444445,"i":"text-ffbb47c1-4d14-4ce4-8c9e-839d48d4b2bc","w":26.666666666666664,"h":10.13888888888889},"text-79b8e2b0-0bcd-44b7-a531-57929c3a0d7e":{"x":19.694444444444446,"y":653.6111111111111,"i":"text-79b8e2b0-0bcd-44b7-a531-57929c3a0d7e","w":40,"h":22.083333333333332},"inception-aa884908-5314-4eea-b688-584ce325db73":{"x":77,"y":635,"i":"inception-aa884908-5314-4eea-b688-584ce325db73","w":50,"h":50},"image-139356aa-af23-43d1-838d-22e6e86e31cb":{"x":81,"y":641,"i":"image-139356aa-af23-43d1-838d-22e6e86e31cb","w":10.13888888888889,"h":10},"inception-61369b69-d093-477c-b94a-f4a0d5bf8d16":{"x":136,"y":635,"i":"inception-61369b69-d093-477c-b94a-f4a0d5bf8d16","w":50,"h":50},"image-1fc90f6d-ac54-48e7-b97a-e75241390390":{"x":139.86111111111111,"y":641,"i":"image-1fc90f6d-ac54-48e7-b97a-e75241390390","w":10,"h":10},"text-de19df66-be84-4007-8000-71c909795809":{"x":72.02777777777779,"y":333.13888888888886,"i":"text-de19df66-be84-4007-8000-71c909795809","w":63.99956597222222,"h":10.972222222222221},"text-c4ea6901-59fb-4596-9fcc-40a5cc8237aa":{"x":51.22222222222222,"y":384.1388888888889,"i":"text-c4ea6901-59fb-4596-9fcc-40a5cc8237aa","w":39.08203125,"h":17.083333333333332},"text-d952e3f1-2002-4825-8fa6-5f828743c460":{"x":51.5,"y":409.55555555555554,"i":"text-d952e3f1-2002-4825-8fa6-5f828743c460","w":39.08203125,"h":14.583333333333332},"text-cfa67deb-19e6-49f7-a55c-84fad62f8a66":{"x":136.0833333333333,"y":360.8055555555556,"i":"text-cfa67deb-19e6-49f7-a55c-84fad62f8a66","w":41.9987063937717,"h":14.583333333333332},"text-c5e3dd62-db35-48b5-b0dd-fc9ca13e1df0":{"x":135.94444444444443,"y":384.69444444444446,"i":"text-c5e3dd62-db35-48b5-b0dd-fc9ca13e1df0","w":45.054261949327255,"h":17.083333333333332},"text-a2ebbb87-4cb4-4111-8106-f2adbd80ccb0":{"x":136.0833333333334,"y":410.6666666666667,"i":"text-a2ebbb87-4cb4-4111-8106-f2adbd80ccb0","w":44.082039727105034,"h":14.583333333333332},"text-9a311fe9-9fd6-4725-a035-b71aa38d8b55":{"x":20.416666666666668,"y":153.19444444444443,"i":"text-9a311fe9-9fd6-4725-a035-b71aa38d8b55","w":41.11111111111111,"h":35.97222222222222},"text-3d41a7f1-8cf8-453c-a4ff-9a2262ca049d":{"x":143.47222222222223,"y":155.41666666666666,"i":"text-3d41a7f1-8cf8-453c-a4ff-9a2262ca049d","w":38.75,"h":33.47222222222222},"text-21f0d92b-7001-4b4c-95eb-40f4b7fd8be9":{"x":81.91666666666666,"y":655,"i":"text-21f0d92b-7001-4b4c-95eb-40f4b7fd8be9","w":40,"h":18.333333333333332},"text-3af57631-fb4e-4bb8-955e-6197d2656e7b":{"x":91.94444444444444,"y":641,"i":"text-3af57631-fb4e-4bb8-955e-6197d2656e7b","w":26.666666666666664,"h":10.13888888888889},"text-dd4d3638-7a20-4058-83e3-53ffab1ceb0b":{"x":142.61111111111111,"y":653.6111111111111,"i":"text-dd4d3638-7a20-4058-83e3-53ffab1ceb0b","w":40,"h":22.083333333333332},"text-f1833042-b6de-4807-b86b-3facbb033b76":{"x":150.83333333333334,"y":641,"i":"text-f1833042-b6de-4807-b86b-3facbb033b76","w":26.666666666666664,"h":10.13888888888889},"text-a49ee2c2-696d-4935-af9f-910ae398b67c":{"x":40.38888888888889,"y":376.44444444444446,"i":"text-a49ee2c2-696d-4935-af9f-910ae398b67c","w":7.387152777777778,"h":5},"text-cd0b4841-37a4-43ad-93a4-c3e79bdcdf71":{"x":41.77777777777778,"y":402.69444444444446,"i":"text-cd0b4841-37a4-43ad-93a4-c3e79bdcdf71","w":7.387152777777778,"h":5},"text-d7dae87c-0962-4f10-a814-14e2e0ebb1c3":{"x":126.80555555555557,"y":403.7777777777778,"i":"text-d7dae87c-0962-4f10-a814-14e2e0ebb1c3","w":7.999131944444445,"h":5},"text-a56190a5-25ac-439a-ba1c-5f386dfe509c":{"x":125.83333333333333,"y":377.8055555555556,"i":"text-a56190a5-25ac-439a-ba1c-5f386dfe509c","w":7.999131944444445,"h":5}},"mobileLayout":{"inception-ccfbb5fd-3a6f-4789-99e0-4e22554f565e":{"x":0,"y":204.8318318318318,"i":"inception-ccfbb5fd-3a6f-4789-99e0-4e22554f565e","w":99.45945945945945,"h":215.48498498498498},"inception-56dfc37c-5c9f-4df1-a04f-9c71142ca1cc":{"x":0,"y":420.4864864864865,"i":"inception-56dfc37c-5c9f-4df1-a04f-9c71142ca1cc","w":100,"h":199.6659159159159},"image-1b7069f4-7259-4529-a8c1-7910866d9bba":{"x":14.555555555555555,"y":424.18093093093097,"i":"image-1b7069f4-7259-4529-a8c1-7910866d9bba","w":74.16666666666666,"h":42.05555555555556},"inception-f5726e7f-23e0-4b79-9d78-7d177aa45d15":{"x":123,"y":0,"i":"inception-f5726e7f-23e0-4b79-9d78-7d177aa45d15","w":77,"h":114},"image-1a950332-488e-496a-9b13-bc8c37d1b01c":{"x":7.120495495495494,"y":95.63663663663665,"i":"image-1a950332-488e-496a-9b13-bc8c37d1b01c","w":86.22897897897897,"h":52.58108108108108},"text-0e5d684c-b544-4b58-b6a9-443137512d87":{"x":6.029654654654654,"y":8.118618618618619,"i":"text-0e5d684c-b544-4b58-b6a9-443137512d87","w":90.33408408408408,"h":79.45945945945945},"text-6bb66a5e-606f-4556-af67-537712cec451":{"x":21.316816816816818,"y":159.88063063063063,"i":"text-6bb66a5e-606f-4556-af67-537712cec451","w":63.59797297297297,"h":14.054054054054053},"inception-144d30e7-435f-4ea2-a872-9c87255aa116":{"x":18.57732732732733,"y":220.21096096096096,"i":"inception-144d30e7-435f-4ea2-a872-9c87255aa116","w":64.20795795795796,"h":52.312312312312315},"inception-73a73a5b-45e5-4aed-886a-1eee9dedb9c1":{"x":19.58258258258259,"y":286.7049549549548,"i":"inception-73a73a5b-45e5-4aed-886a-1eee9dedb9c1","w":64.20795795795797,"h":52.31231231231231},"inception-3aa77017-00ca-4c8a-a8a9-68b20b6cff61":{"x":19.774774774774762,"y":349.62537537537554,"i":"inception-3aa77017-00ca-4c8a-a8a9-68b20b6cff61","w":64.36186186186185,"h":52.312312312312315},"text-b2ea4204-f638-4ffc-82d4-81eaecee1a45":{"x":6.435060060060063,"y":193.08858858858855,"i":"text-b2ea4204-f638-4ffc-82d4-81eaecee1a45","w":89.36186186186185,"h":11.35135135135135},"inception-5bee6560-be0e-4c84-a709-ad97a14b2c6a":{"x":17.51951951951952,"y":216.58933933933923,"i":"inception-5bee6560-be0e-4c84-a709-ad97a14b2c6a","w":63.42717717717718,"h":53.81756756756757},"inception-035f49fd-4f83-4c0d-8ec4-867f0faa476f":{"x":18.560060060060056,"y":346.990990990991,"i":"inception-035f49fd-4f83-4c0d-8ec4-867f0faa476f","w":63.67492492492493,"h":52.830330330330334},"inception-6ab18c20-ba83-4249-85ed-a300111656d5":{"x":17.160660660660664,"y":282.5427927927928,"i":"inception-6ab18c20-ba83-4249-85ed-a300111656d5","w":64.756006006006,"h":54.489489489489486},"text-f540a3d6-42d8-4776-b849-bcbf7824ab79":{"x":22.860360360360357,"y":286.8993993993994,"i":"text-f540a3d6-42d8-4776-b849-bcbf7824ab79","w":52.708333333333336,"h":20.833333333333332},"text-ae1f2202-52e9-4436-a983-ff0ebba79a58":{"x":9.55780780780781,"y":473.6156156156156,"i":"text-ae1f2202-52e9-4436-a983-ff0ebba79a58","w":84.18572445889494,"h":136.2162162162162},"inception-97590f5a-52aa-4bf6-84b8-5ebc33cb5854":{"x":0,"y":622.9459459459459,"i":"inception-97590f5a-52aa-4bf6-84b8-5ebc33cb5854","w":100,"h":239.2162162162162},"inception-3036db58-048a-4a5f-97c1-82e2a72ae934":{"x":0,"y":1047.4324324324323,"i":"inception-3036db58-048a-4a5f-97c1-82e2a72ae934","w":100,"h":266.30480480480486},"text-c8429cb7-7244-420a-878e-343bbf46163b":{"x":20.554054054054056,"y":1049.2432432432433,"i":"text-c8429cb7-7244-420a-878e-343bbf46163b","w":58.52362893365167,"h":22.7027027027027},"inception-f9561b72-911c-4fb9-a7e7-3315f8e1a286":{"x":12.762762762762764,"y":1085.401651651652,"i":"inception-f9561b72-911c-4fb9-a7e7-3315f8e1a286","w":79.80105105105105,"h":55.345345345345336},"inception-d4720caa-1395-4fee-b808-e7dfe9fd46b2":{"x":0,"y":892.8918918918918,"i":"inception-d4720caa-1395-4fee-b808-e7dfe9fd46b2","w":100,"h":134.43243243243245},"image-3c5148c0-4ec1-4dcc-b90e-e443c5f38939":{"x":56,"y":898.891891891892,"i":"image-3c5148c0-4ec1-4dcc-b90e-e443c5f38939","w":37.5,"h":50},"image-a593051d-e8a4-4269-96b6-fa09d921124d":{"x":5.5,"y":967.8918918918918,"i":"image-a593051d-e8a4-4269-96b6-fa09d921124d","w":37.5,"h":50},"image-48b47c7b-78fe-4820-81c0-17f6d6a5849c":{"x":56,"y":966.8918918918919,"i":"image-48b47c7b-78fe-4820-81c0-17f6d6a5849c","w":37.5,"h":50},"text-ee9da3c8-4fd8-4730-8b24-be37df9083bd":{"x":29.204204204204206,"y":671.8911411411411,"i":"text-ee9da3c8-4fd8-4730-8b24-be37df9083bd","w":26.123222832207208,"h":4.594594594594595},"text-48e351d3-a9aa-4bac-96ec-d8519f3d6f1c":{"x":18.16366366366365,"y":669.9767267267268,"i":"text-48e351d3-a9aa-4bac-96ec-d8519f3d6f1c","w":6.332465277777777,"h":6.805555555555555},"inception-df28c2ba-91f5-472a-bb38-d178138830f1":{"x":9.799174174174173,"y":663.4744744744745,"i":"inception-df28c2ba-91f5-472a-bb38-d178138830f1","w":82.68843843843844,"h":100.1891891891892},"inception-f2cba520-037e-4c00-8ff5-54351c9487e0":{"x":17.207582582582585,"y":670.2267267267267,"i":"inception-f2cba520-037e-4c00-8ff5-54351c9487e0","w":7.982732732732732,"h":8.225225225225225},"inception-657a32d8-ac75-442e-bfec-e17b40977acc":{"x":16,"y":957.8918918918918,"i":"inception-657a32d8-ac75-442e-bfec-e17b40977acc","w":15,"h":1},"inception-66336c39-bd69-42a1-b55e-89103c25ec91":{"x":27.49361861861862,"y":671.4744744744744,"i":"inception-66336c39-bd69-42a1-b55e-89103c25ec91","w":29.63138138138138,"h":5.451951951951951},"inception-cc95874a-c055-46eb-a8de-c831aab2424b":{"x":21.13701201201201,"y":683.2582582582583,"i":"inception-cc95874a-c055-46eb-a8de-c831aab2424b","w":0.5,"h":14},"inception-31dd51ec-9efe-49b6-84f5-7a1a5c628d88":{"x":17.61674174174175,"y":702.605105105105,"i":"inception-31dd51ec-9efe-49b6-84f5-7a1a5c628d88","w":7.442192192192192,"h":7.684684684684685},"inception-5c90cf6f-1f6b-457d-a16e-47efbe6c6310":{"x":17.96283783783784,"y":733.4699699699698,"i":"inception-5c90cf6f-1f6b-457d-a16e-47efbe6c6310","w":7.442192192192191,"h":7.684684684684685},"inception-ab3e83db-d4a4-49ff-8f5a-fd7aeefaea24":{"x":27.091966966966964,"y":701.960960960961,"i":"inception-ab3e83db-d4a4-49ff-8f5a-fd7aeefaea24","w":28.55780780780781,"h":5.722222222222222},"inception-a1cdc4df-6918-46b9-94de-6f49a8aeb1d8":{"x":21.947822822822822,"y":714.2042042042042,"i":"inception-a1cdc4df-6918-46b9-94de-6f49a8aeb1d8","w":0.5,"h":14},"inception-fdf97759-00a0-43ba-a3a0-70846b06bc99":{"x":26.758633633633636,"y":734.4474474474478,"i":"inception-fdf97759-00a0-43ba-a3a0-70846b06bc99","w":30.04804804804805,"h":5.72972972972973},"text-a10367f5-fa62-42a6-badd-18dc4b3a1d34":{"x":32.07582582582584,"y":702.5165165165165,"i":"text-a10367f5-fa62-42a6-badd-18dc4b3a1d34","w":24.039889498873876,"h":4.594594594594595},"text-6b316a7c-5d6e-4b32-9a67-36e96a16374e":{"x":27.33971471471471,"y":679.9271771771772,"i":"text-6b316a7c-5d6e-4b32-9a67-36e96a16374e","w":58.73958919857357,"h":17.027027027027025},"text-b9e72e29-a156-46b2-87bd-cf467f6e229e":{"x":30.10585585585585,"y":735.141891891892,"i":"text-b9e72e29-a156-46b2-87bd-cf467f6e229e","w":24.670520129504506,"h":4.594594594594595},"inception-83590536-097d-477b-acc4-5b6018f9d35c":{"x":46.812687687687685,"y":764.7987987987988,"i":"inception-83590536-097d-477b-acc4-5b6018f9d35c","w":2.662162162162162,"h":13.324324324324325},"image-ea02ea14-fe6b-460c-a946-22e77cc64fec":{"x":5.5,"y":898.891891891892,"i":"image-ea02ea14-fe6b-460c-a946-22e77cc64fec","w":37.5,"h":50},"inception-0b50cf56-9663-4715-86d3-5c5cd6c2fa78":{"x":67.5,"y":957.8918918918918,"i":"inception-0b50cf56-9663-4715-86d3-5c5cd6c2fa78","w":15,"h":1},"inception-228ebcce-def0-48e4-9419-bb71acb6c0d3":{"x":49,"y":909.891891891892,"i":"inception-228ebcce-def0-48e4-9419-bb71acb6c0d3","w":0.5,"h":30},"inception-aebc868a-b508-4b54-a89f-204ddce48efc":{"x":49,"y":978.8918918918918,"i":"inception-aebc868a-b508-4b54-a89f-204ddce48efc","w":0.5,"h":30},"text-e9553eee-7196-4f5d-a8d0-6e528c439ffe":{"x":33.111861861861854,"y":879.9902402402403,"i":"text-e9553eee-7196-4f5d-a8d0-6e528c439ffe","w":32.45955916854354,"h":11.35135135135135},"inception-2b014dd9-8eed-41d0-85cc-88d65995f7fb":{"x":14.09121621621622,"y":781.9692192192193,"i":"inception-2b014dd9-8eed-41d0-85cc-88d65995f7fb","w":70.25525525525525,"h":88.13663663663664},"inception-82d1f536-4f45-4c1e-86ce-aa7a2bd3e058":{"x":0,"y":1307.4759759759759,"i":"inception-82d1f536-4f45-4c1e-86ce-aa7a2bd3e058","w":200,"h":42},"text-ef43f7d5-4963-4ded-8830-920ba45584aa":{"x":4.277777777777778,"y":1328.6651651651648,"i":"text-ef43f7d5-4963-4ded-8830-920ba45584aa","w":44.981113926426424,"h":4.594594594594595},"text-a8882030-bdf3-4313-8926-005c12894f3c":{"x":4,"y":1312.4759759759759,"i":"text-a8882030-bdf3-4313-8926-005c12894f3c","w":62.26908549174174,"h":11.35135135135135},"text-56e16e87-b149-43e5-bb35-b94f1cea5ea0":{"x":67.2162162162162,"y":1333.265015015015,"i":"text-56e16e87-b149-43e5-bb35-b94f1cea5ea0","w":29.681781390765764,"h":13.783783783783782},"image-67adf117-b6e8-49cc-8952-c5ddb4f02f35":{"x":18.463213213213216,"y":1087.7680180180182,"i":"image-67adf117-b6e8-49cc-8952-c5ddb4f02f35","w":17.2972972972973,"h":17.2972972972973},"text-ffbb47c1-4d14-4ce4-8c9e-839d48d4b2bc":{"x":40.62124624624624,"y":1091.2965465465463,"i":"text-ffbb47c1-4d14-4ce4-8c9e-839d48d4b2bc","w":33.55105105105105,"h":10.27027027027027},"text-79b8e2b0-0bcd-44b7-a531-57929c3a0d7e":{"x":21.206081081081084,"y":1107.8866366366365,"i":"text-79b8e2b0-0bcd-44b7-a531-57929c3a0d7e","w":63.30705705705706,"h":28.378378378378375},"inception-aa884908-5314-4eea-b688-584ce325db73":{"x":11.70195195195195,"y":1230.8596096096096,"i":"inception-aa884908-5314-4eea-b688-584ce325db73","w":79.80855855855856,"h":55.34534534534534},"inception-61369b69-d093-477c-b94a-f4a0d5bf8d16":{"x":11.216966966966972,"y":1157.3160660660662,"i":"inception-61369b69-d093-477c-b94a-f4a0d5bf8d16","w":79.66966966966967,"h":55.34534534534534},"text-de19df66-be84-4007-8000-71c909795809":{"x":8.10472972972973,"y":637.9924924924924,"i":"text-de19df66-be84-4007-8000-71c909795809","w":87.30759079391892,"h":11.35135135135135},"inception-0d0df480-6300-4c3e-ab16-7bd88cfbef0a":{"x":18.928303303303295,"y":790.0878378378377,"i":"inception-0d0df480-6300-4c3e-ab16-7bd88cfbef0a","w":6.361111111111111,"h":6.333333333333334},"inception-c02fbbb3-978b-4eea-8840-8f785e87d3da":{"x":22.043168168168176,"y":799.219219219219,"w":0.5,"h":14,"i":"inception-c02fbbb3-978b-4eea-8840-8f785e87d3da"},"inception-5921936f-2dca-4d22-a146-d48fcd51413a":{"x":19.754129129129137,"y":818.3896396396397,"i":"inception-5921936f-2dca-4d22-a146-d48fcd51413a","w":6.361111111111111,"h":6.333333333333334},"inception-b45d920f-c942-4941-95c1-1a14f2a321f8":{"x":19.83746246246248,"y":836.8295795795797,"i":"inception-b45d920f-c942-4941-95c1-1a14f2a321f8","w":7.171921921921921,"h":7.414414414414415},"inception-c7b484f9-f255-41be-aa85-eb0a1579606a":{"x":28.549924924924973,"y":790.1854354354351,"i":"inception-c7b484f9-f255-41be-aa85-eb0a1579606a","w":19.916666666666668,"h":6},"inception-8b2bbed3-35a3-498f-93b2-9afec741b764":{"x":30.254879879879947,"y":838.0773273273272,"i":"inception-8b2bbed3-35a3-498f-93b2-9afec741b764","w":19.22222222222222,"h":5.583333333333333},"inception-a23eba9a-bdf7-4fff-8276-3a0705223a94":{"x":22.726351351351358,"y":827.3475975975975,"i":"inception-a23eba9a-bdf7-4fff-8276-3a0705223a94","w":0.5,"h":9},"text-c4ea6901-59fb-4596-9fcc-40a5cc8237aa":{"x":27.007507507507505,"y":709.4917417417417,"i":"text-c4ea6901-59fb-4596-9fcc-40a5cc8237aa","w":63.3398144237988,"h":20.81081081081081},"text-d952e3f1-2002-4825-8fa6-5f828743c460":{"x":27.022522522522525,"y":744.1126126126125,"i":"text-d952e3f1-2002-4825-8fa6-5f828743c460","w":60.674649258633636,"h":17.027027027027025},"text-9a311fe9-9fd6-4725-a035-b71aa38d8b55":{"x":18.772147147147148,"y":217.68768768768766,"i":"text-9a311fe9-9fd6-4725-a035-b71aa38d8b55","w":61.44519519519518,"h":49.189189189189186},"text-3d41a7f1-8cf8-453c-a4ff-9a2262ca049d":{"x":23.52477477477477,"y":350.6531531531531,"i":"text-3d41a7f1-8cf8-453c-a4ff-9a2262ca049d","w":52.15277777777778,"h":21.666666666666668},"text-21f0d92b-7001-4b4c-95eb-40f4b7fd8be9":{"x":20.665540540540537,"y":1260.0075075075074,"i":"text-21f0d92b-7001-4b4c-95eb-40f4b7fd8be9","w":65.39414414414414,"h":22.7027027027027},"text-3af57631-fb4e-4bb8-955e-6197d2656e7b":{"x":33.78753753753755,"y":1239.0855855855855,"i":"text-3af57631-fb4e-4bb8-955e-6197d2656e7b","w":38.780030030030034,"h":10.27027027027027},"text-dd4d3638-7a20-4058-83e3-53ffab1ceb0b":{"x":21.17229729729732,"y":1181.1599099099096,"i":"text-dd4d3638-7a20-4058-83e3-53ffab1ceb0b","w":62.6951951951952,"h":22.7027027027027},"image-1fc90f6d-ac54-48e7-b97a-e75241390390":{"x":16.599099099099096,"y":1160.3843843843838,"i":"image-1fc90f6d-ac54-48e7-b97a-e75241390390","w":17.2972972972973,"h":17.2972972972973},"text-f1833042-b6de-4807-b86b-3facbb033b76":{"x":38.24324324324324,"y":1163.8903903903902,"i":"text-f1833042-b6de-4807-b86b-3facbb033b76","w":41.24249249249249,"h":10.27027027027027},"image-139356aa-af23-43d1-838d-22e6e86e31cb":{"x":13.563063063063067,"y":1237.418918918919,"i":"image-139356aa-af23-43d1-838d-22e6e86e31cb","w":17.359234234234236,"h":17.56756756756757},"text-a49ee2c2-696d-4935-af9f-910ae398b67c":{"x":18.84309309309309,"y":701.84984984985,"w":5.31519801051051,"h":7.5675675675675675,"i":"text-a49ee2c2-696d-4935-af9f-910ae398b67c"},"text-cd0b4841-37a4-43ad-93a4-c3e79bdcdf71":{"x":19.26726726726727,"y":732.9647147147145,"w":3.693576388888889,"h":5,"i":"text-cd0b4841-37a4-43ad-93a4-c3e79bdcdf71"},"text-7435887a-0599-487b-9573-350e499104c7":{"x":61.59722222222222,"y":403.08333333333337,"w":3.9995659722222223,"h":5,"i":"text-7435887a-0599-487b-9573-350e499104c7"},"text-c246c715-6abc-4435-b483-7ffcbd4da07a":{"x":41.31944444444446,"y":434.33333333333337,"w":3.9995659722222223,"h":5,"i":"text-c246c715-6abc-4435-b483-7ffcbd4da07a"},"text-f26cd0e8-db5d-4fcc-b73b-15ddf0b55ed1":{"x":19.440690690690708,"y":789.7237237237233,"w":3.9995659722222223,"h":5,"i":"text-f26cd0e8-db5d-4fcc-b73b-15ddf0b55ed1"},"text-d7dae87c-0962-4f10-a814-14e2e0ebb1c3":{"x":21.007882882882885,"y":836.6193693693696,"w":4.810376783033033,"h":7.5675675675675675,"i":"text-d7dae87c-0962-4f10-a814-14e2e0ebb1c3"},"text-a56190a5-25ac-439a-ba1c-5f386dfe509c":{"x":20.25150150150152,"y":818.2147147147149,"w":3.9995659722222223,"h":5,"i":"text-a56190a5-25ac-439a-ba1c-5f386dfe509c"}},"mobileHierarchy":{"inception-08b007e3-1549-4e10-bb25-fae15a6e7829":[],"inception-ccfbb5fd-3a6f-4789-99e0-4e22554f565e":["inception-d2550e2b-4b56-4deb-bebf-938ad97a7ff6","image-b056a324-fdb5-42b3-a3c3-596dc58138a4","image-58c0a593-4ff9-4b29-b3d8-3a7cc814dc9d","inception-e0436da4-ee93-44dd-aa73-713684b3284a","inception-144d30e7-435f-4ea2-a872-9c87255aa116","inception-73a73a5b-45e5-4aed-886a-1eee9dedb9c1","inception-3aa77017-00ca-4c8a-a8a9-68b20b6cff61","text-b2ea4204-f638-4ffc-82d4-81eaecee1a45","inception-5bee6560-be0e-4c84-a709-ad97a14b2c6a","inception-035f49fd-4f83-4c0d-8ec4-867f0faa476f","inception-6ab18c20-ba83-4249-85ed-a300111656d5","text-314da510-8055-4c59-9c11-1e2b4eb741db","text-4707e744-3dce-4af5-95ff-19b7d5838056","text-0b0b477d-5c0e-4f0d-86d0-76e4aca6c44d","text-7ce7266d-01cf-45f2-8f14-427583f9741a"],"inception-56dfc37c-5c9f-4df1-a04f-9c71142ca1cc":["image-1b7069f4-7259-4529-a8c1-7910866d9bba"],"inception-144d30e7-435f-4ea2-a872-9c87255aa116":["text-872d9c9d-7c13-41fc-a66f-cd7921708c35","text-9a311fe9-9fd6-4725-a035-b71aa38d8b55"],"inception-73a73a5b-45e5-4aed-886a-1eee9dedb9c1":["text-34bfd69b-dd88-460f-a7ef-300ec6fe2854","text-f540a3d6-42d8-4776-b849-bcbf7824ab79","text-7938e696-7915-4d57-9977-d4e50e041b7a"],"inception-3aa77017-00ca-4c8a-a8a9-68b20b6cff61":["text-f7f17d2f-8934-4be3-a524-3fc16a78772a","text-3d41a7f1-8cf8-453c-a4ff-9a2262ca049d"],"inception-3036db58-048a-4a5f-97c1-82e2a72ae934":["text-c8429cb7-7244-420a-878e-343bbf46163b","inception-f9561b72-911c-4fb9-a7e7-3315f8e1a286","inception-b43ec7a8-ef34-4126-867c-33820092879e","inception-e09b01da-12ef-44ea-afd3-4a3cf5b7fd48","inception-aa884908-5314-4eea-b688-584ce325db73","inception-61369b69-d093-477c-b94a-f4a0d5bf8d16","text-c4537cd7-9f1f-4e18-a8f1-ac8be3899947","text-d0264d1a-6445-490d-8639-3d7dcf8730b8","text-976b2d10-c6c0-420a-a59f-800820a61fc7"],"inception-d4720caa-1395-4fee-b808-e7dfe9fd46b2":["inception-89ba91f4-a2a5-494d-8926-f77ad7bfa0a0","inception-95efd073-bf37-48fc-9e22-acb11dea1f61","inception-29fa0cb9-3a22-4307-a62b-014bde77029f","inception-04785e6d-96c1-496a-883c-adfd0506f6ef","image-ea02ea14-fe6b-460c-a946-22e77cc64fec","image-a593051d-e8a4-4269-96b6-fa09d921124d","image-48b47c7b-78fe-4820-81c0-17f6d6a5849c","image-3c5148c0-4ec1-4dcc-b90e-e443c5f38939","inception-657a32d8-ac75-442e-bfec-e17b40977acc","inception-0b50cf56-9663-4715-86d3-5c5cd6c2fa78","inception-228ebcce-def0-48e4-9419-bb71acb6c0d3","inception-aebc868a-b508-4b54-a89f-204ddce48efc"],"inception-95efd073-bf37-48fc-9e22-acb11dea1f61":[],"inception-29fa0cb9-3a22-4307-a62b-014bde77029f":[],"inception-04785e6d-96c1-496a-883c-adfd0506f6ef":[],"inception-97590f5a-52aa-4bf6-84b8-5ebc33cb5854":["image-416946fe-468c-49bb-b7a2-bcf2ce4aa702","inception-97a6c52c-d7a7-4348-a0cd-cfcd2760ad7f","inception-31d09b2f-28f5-492f-bc74-0303292b926f","inception-df28c2ba-91f5-472a-bb38-d178138830f1","image-bec371a5-9b9f-4e05-b5cd-458d9c02fd7a","inception-2b014dd9-8eed-41d0-85cc-88d65995f7fb","text-4aba1511-51ce-48a6-a544-e160c5f26974","text-a3301145-953a-4288-b037-9091dc864ff5","text-419e9221-6e81-4a92-a258-49638dd309d2","text-7df07606-9b37-4be1-a525-af9e66b296cb"],"inception-df28c2ba-91f5-472a-bb38-d178138830f1":["inception-f2cba520-037e-4c00-8ff5-54351c9487e0","inception-66336c39-bd69-42a1-b55e-89103c25ec91","inception-cc95874a-c055-46eb-a8de-c831aab2424b","inception-31dd51ec-9efe-49b6-84f5-7a1a5c628d88","inception-5c90cf6f-1f6b-457d-a16e-47efbe6c6310","inception-ab3e83db-d4a4-49ff-8f5a-fd7aeefaea24","inception-a1cdc4df-6918-46b9-94de-6f49a8aeb1d8","inception-fdf97759-00a0-43ba-a3a0-70846b06bc99","text-6b316a7c-5d6e-4b32-9a67-36e96a16374e","text-9c95918b-6da7-42c9-ac1f-d91dac95f8f0","inception-83590536-097d-477b-acc4-5b6018f9d35c","text-d952e3f1-2002-4825-8fa6-5f828743c460","text-c4ea6901-59fb-4596-9fcc-40a5cc8237aa"],"inception-f2cba520-037e-4c00-8ff5-54351c9487e0":["text-48e351d3-a9aa-4bac-96ec-d8519f3d6f1c"],"inception-66336c39-bd69-42a1-b55e-89103c25ec91":["text-ee9da3c8-4fd8-4730-8b24-be37df9083bd"],"inception-31dd51ec-9efe-49b6-84f5-7a1a5c628d88":["text-9a3f5921-6fe7-4857-97f2-7cce206b411f","text-a49ee2c2-696d-4935-af9f-910ae398b67c"],"inception-ab3e83db-d4a4-49ff-8f5a-fd7aeefaea24":["text-a10367f5-fa62-42a6-badd-18dc4b3a1d34"],"inception-fdf97759-00a0-43ba-a3a0-70846b06bc99":["text-b9e72e29-a156-46b2-87bd-cf467f6e229e","inception-8d0479aa-d4f6-4941-98c1-4e94b90a77f6"],"inception-5c90cf6f-1f6b-457d-a16e-47efbe6c6310":["text-b8084650-e4b7-4cde-a4a4-278dbc870b66","text-cd0b4841-37a4-43ad-93a4-c3e79bdcdf71"],"inception-532b1eb0-8670-41c5-97f1-c41248d6d775":[],"inception-2b014dd9-8eed-41d0-85cc-88d65995f7fb":["inception-0d0df480-6300-4c3e-ab16-7bd88cfbef0a","inception-c02fbbb3-978b-4eea-8840-8f785e87d3da","inception-5921936f-2dca-4d22-a146-d48fcd51413a","inception-b45d920f-c942-4941-95c1-1a14f2a321f8","inception-c7b484f9-f255-41be-aa85-eb0a1579606a","inception-8b2bbed3-35a3-498f-93b2-9afec741b764","inception-a23eba9a-bdf7-4fff-8276-3a0705223a94","text-227456df-ee61-4441-bff5-2522e48cf948","text-2d1b2f24-6c8b-4371-bbe8-b5468ec7e195","inception-093dadf1-d5b1-4ad7-aa9c-6240b63d92df","text-cfa67deb-19e6-49f7-a55c-84fad62f8a66","text-c5e3dd62-db35-48b5-b0dd-fc9ca13e1df0","text-a2ebbb87-4cb4-4111-8106-f2adbd80ccb0","inception-314b5406-90f9-4c57-8a1b-7c09e9518b84"],"inception-0d0df480-6300-4c3e-ab16-7bd88cfbef0a":["text-f26cd0e8-db5d-4fcc-b73b-15ddf0b55ed1"],"inception-093dadf1-d5b1-4ad7-aa9c-6240b63d92df":["text-051e8bae-9b14-4783-8c35-e45c59028704"],"inception-5921936f-2dca-4d22-a146-d48fcd51413a":["text-a56190a5-25ac-439a-ba1c-5f386dfe509c"],"inception-b45d920f-c942-4941-95c1-1a14f2a321f8":["text-d7dae87c-0962-4f10-a814-14e2e0ebb1c3"],"inception-c7b484f9-f255-41be-aa85-eb0a1579606a":["text-c3315e5e-ff74-4e0f-aca2-625bf2397ebd"],"inception-8b2bbed3-35a3-498f-93b2-9afec741b764":["text-24c58350-8744-4a1b-9ca5-4b1d8c413f77"],"inception-82d1f536-4f45-4c1e-86ce-aa7a2bd3e058":["text-ef43f7d5-4963-4ded-8830-920ba45584aa","text-6e2c8f30-c51a-47f7-ae83-6d411d7757a5","text-a8882030-bdf3-4313-8926-005c12894f3c","text-582e85d7-76ba-4560-b947-93eb0981495f","text-2f5331db-2721-4652-acf8-f3229a78f323","inception-175906f9-86e0-4dc8-b978-0e1a99751d83","text-1fb90ea3-5d11-4720-8b7c-b63a6dff5042","inception-b7c88c2d-e83a-48a5-9094-4707219231d9","inception-e5b52b32-8fb3-4470-9cf3-2e02c81d870e","inception-878fd58f-1b2c-46c8-ac8b-e296c9ce006d","text-56e16e87-b149-43e5-bb35-b94f1cea5ea0","text-8fcf97a1-97c2-4cb4-a068-a2f415814566"],"inception-175906f9-86e0-4dc8-b978-0e1a99751d83":[],"inception-f9561b72-911c-4fb9-a7e7-3315f8e1a286":["image-67adf117-b6e8-49cc-8952-c5ddb4f02f35","text-ffbb47c1-4d14-4ce4-8c9e-839d48d4b2bc","text-053919f2-a430-458f-ae54-c1a1c9b4bb57","text-587040b6-39a6-45bb-b8d3-f1969544c499","text-79b8e2b0-0bcd-44b7-a531-57929c3a0d7e"],"text-587040b6-39a6-45bb-b8d3-f1969544c499":[],"inception-aa884908-5314-4eea-b688-584ce325db73":["image-139356aa-af23-43d1-838d-22e6e86e31cb","text-491baf9f-0b68-4b6c-9863-59a4380b2441","text-60a8d73a-7f99-40d3-be8b-c4e2e0a96ab3","text-21f0d92b-7001-4b4c-95eb-40f4b7fd8be9","text-3af57631-fb4e-4bb8-955e-6197d2656e7b"],"inception-61369b69-d093-477c-b94a-f4a0d5bf8d16":["image-1fc90f6d-ac54-48e7-b97a-e75241390390","text-7295b579-0567-459b-9319-924f43355c49","text-dd4d3638-7a20-4058-83e3-53ffab1ceb0b","text-f1833042-b6de-4807-b86b-3facbb033b76"],"text-484368ee-30aa-439a-b004-8e0b9152a96d":[],"text-c4ea6901-59fb-4596-9fcc-40a5cc8237aa":[],"text-d952e3f1-2002-4825-8fa6-5f828743c460":[],"text-cfa67deb-19e6-49f7-a55c-84fad62f8a66":[],"text-c5e3dd62-db35-48b5-b0dd-fc9ca13e1df0":[],"text-a2ebbb87-4cb4-4111-8106-f2adbd80ccb0":[],"text-9a311fe9-9fd6-4725-a035-b71aa38d8b55":[],"text-3d41a7f1-8cf8-453c-a4ff-9a2262ca049d":[],"text-21f0d92b-7001-4b4c-95eb-40f4b7fd8be9":[],"text-3af57631-fb4e-4bb8-955e-6197d2656e7b":[],"text-dd4d3638-7a20-4058-83e3-53ffab1ceb0b":[],"text-f1833042-b6de-4807-b86b-3facbb033b76":[]},"mobileEditedBlocks":["image-1a950332-488e-496a-9b13-bc8c37d1b01c","text-0e5d684c-b544-4b58-b6a9-443137512d87","text-6bb66a5e-606f-4556-af67-537712cec451","text-b2ea4204-f638-4ffc-82d4-81eaecee1a45","inception-ccfbb5fd-3a6f-4789-99e0-4e22554f565e","inception-56dfc37c-5c9f-4df1-a04f-9c71142ca1cc","image-1b7069f4-7259-4529-a8c1-7910866d9bba","text-ae1f2202-52e9-4436-a983-ff0ebba79a58","text-de19df66-be84-4007-8000-71c909795809","text-e9553eee-7196-4f5d-a8d0-6e528c439ffe","text-c8429cb7-7244-420a-878e-343bbf46163b","text-a8882030-bdf3-4313-8926-005c12894f3c","text-ef43f7d5-4963-4ded-8830-920ba45584aa","text-56e16e87-b149-43e5-bb35-b94f1cea5ea0","inception-3036db58-048a-4a5f-97c1-82e2a72ae934","inception-aa884908-5314-4eea-b688-584ce325db73","inception-f9561b72-911c-4fb9-a7e7-3315f8e1a286","text-79b8e2b0-0bcd-44b7-a531-57929c3a0d7e","text-ffbb47c1-4d14-4ce4-8c9e-839d48d4b2bc","image-67adf117-b6e8-49cc-8952-c5ddb4f02f35","inception-61369b69-d093-477c-b94a-f4a0d5bf8d16","text-f1833042-b6de-4807-b86b-3facbb033b76","image-1fc90f6d-ac54-48e7-b97a-e75241390390","text-dd4d3638-7a20-4058-83e3-53ffab1ceb0b","inception-82d1f536-4f45-4c1e-86ce-aa7a2bd3e058","inception-5bee6560-be0e-4c84-a709-ad97a14b2c6a","text-9a311fe9-9fd6-4725-a035-b71aa38d8b55","inception-035f49fd-4f83-4c0d-8ec4-867f0faa476f","inception-6ab18c20-ba83-4249-85ed-a300111656d5","text-f540a3d6-42d8-4776-b849-bcbf7824ab79","inception-144d30e7-435f-4ea2-a872-9c87255aa116","inception-73a73a5b-45e5-4aed-886a-1eee9dedb9c1","inception-3aa77017-00ca-4c8a-a8a9-68b20b6cff61","text-3d41a7f1-8cf8-453c-a4ff-9a2262ca049d","inception-df28c2ba-91f5-472a-bb38-d178138830f1","inception-2b014dd9-8eed-41d0-85cc-88d65995f7fb","inception-f2cba520-037e-4c00-8ff5-54351c9487e0","text-6b316a7c-5d6e-4b32-9a67-36e96a16374e","inception-66336c39-bd69-42a1-b55e-89103c25ec91","text-ee9da3c8-4fd8-4730-8b24-be37df9083bd","text-48e351d3-a9aa-4bac-96ec-d8519f3d6f1c","inception-97590f5a-52aa-4bf6-84b8-5ebc33cb5854","text-a10367f5-fa62-42a6-badd-18dc4b3a1d34","inception-ab3e83db-d4a4-49ff-8f5a-fd7aeefaea24","inception-31dd51ec-9efe-49b6-84f5-7a1a5c628d88","text-3af57631-fb4e-4bb8-955e-6197d2656e7b","text-21f0d92b-7001-4b4c-95eb-40f4b7fd8be9","image-139356aa-af23-43d1-838d-22e6e86e31cb","inception-0d0df480-6300-4c3e-ab16-7bd88cfbef0a","inception-5921936f-2dca-4d22-a146-d48fcd51413a","inception-c7b484f9-f255-41be-aa85-eb0a1579606a","inception-8b2bbed3-35a3-498f-93b2-9afec741b764","inception-b45d920f-c942-4941-95c1-1a14f2a321f8","text-d952e3f1-2002-4825-8fa6-5f828743c460","text-b9e72e29-a156-46b2-87bd-cf467f6e229e","inception-fdf97759-00a0-43ba-a3a0-70846b06bc99","inception-5c90cf6f-1f6b-457d-a16e-47efbe6c6310","text-c4ea6901-59fb-4596-9fcc-40a5cc8237aa","inception-d4720caa-1395-4fee-b808-e7dfe9fd46b2","text-d7dae87c-0962-4f10-a814-14e2e0ebb1c3","inception-83590536-097d-477b-acc4-5b6018f9d35c","text-a56190a5-25ac-439a-ba1c-5f386dfe509c","inception-a1cdc4df-6918-46b9-94de-6f49a8aeb1d8","inception-cc95874a-c055-46eb-a8de-c831aab2424b","text-a49ee2c2-696d-4935-af9f-910ae398b67c","text-cd0b4841-37a4-43ad-93a4-c3e79bdcdf71","text-f26cd0e8-db5d-4fcc-b73b-15ddf0b55ed1","inception-c02fbbb3-978b-4eea-8840-8f785e87d3da","inception-a23eba9a-bdf7-4fff-8276-3a0705223a94"]}