{"blocks":{"text-7b502fa7-6a39-47fd-87d4-94d59335beca":{"type":"text","data":{"fontSize":"52","textAlign":"left","alignItems":"center","fontWeight":"700","boxShadow":"none","borderRadius":"0px","fontColor":"#FFFFFF","backgroundColor":"transparent","text":"<h2 class=\"ql-align-center\"><strong style=\"color: rgb(0, 0, 0);\">Welcome to my world stranger! </strong>👋</h2><p class=\"ql-align-center\"><br></p><p class=\"ql-align-center\"><br></p><h3 class=\"ql-align-center\">My name is John Doe!</h3><h4 class=\"ql-align-center\">Full-Stack Developer 👾</h4><p class=\"ql-align-center\"><br></p><p class=\"ql-align-center\"><br></p><p class=\"ql-align-center\"><br></p><p class=\"ql-align-center\"><br></p><h3 class=\"ql-align-center\">Let's start 🎉</h3>"}},"text-48595dd7-2e15-476e-bbed-54a515326998":{"type":"text","data":{"fontSize":"30","textAlign":"left","alignItems":"center","fontWeight":"700","boxShadow":"none","borderRadius":"0px","fontColor":"#000000","backgroundColor":"transparent","text":"<h3>About me</h3>"}},"inception-0921c696-518f-4f99-9df9-ac6898caa90f":{"type":"inception","data":{"border":"0px solid black","boxShadow":"none","borderRadius":"0px","backgroundColor":"transparent"}},"inception-d5624527-b8e3-445f-b003-073c74eb86cd":{"type":"inception","data":{"border":"0px solid black","boxShadow":"rgba(0, 0, 0, 0.56) 0px 22px 70px 4px;","borderRadius":"100px","backgroundColor":"rgb(255, 195, 0)"}},"text-2e547849-9241-49f5-9336-157b6d4a7524":{"type":"text","data":{"fontSize":"18","textAlign":"left","alignItems":"center","fontWeight":"400","boxShadow":"none","borderRadius":"0px","fontColor":"#000000","backgroundColor":"transparent","text":"<h5 class=\"ql-align-justify\">I’m a self-taught developer from somewhere.</h5><p class=\"ql-align-justify\"><br></p><h5 class=\"ql-align-justify\">I'm a skilled and passionate Full-Stack Developer with a lot of experience designing, developing, and managing complex e-commerce sites. I learned everything myself due to my curiosity and my desire to build exceptional high-quality websites and applications.</h5><p class=\"ql-align-justify\"><br></p><h5 class=\"ql-align-justify\">Programming is not my only field of focus, I'm interested in architecture, photography, minimalism and sport.</h5><h5 class=\"ql-align-justify\">On my spare time, I love to attend conferences to meet new people, build projects and do freelance work.</h5><p class=\"ql-align-justify\"><br></p><h5 class=\"ql-align-justify\">I'm opened to share my experience with others, I write articles about what I have learned and I’m helping Ladies Learning Code as a mentor.</h5>"}},"inception-1831c2d0-0ce4-42e6-9f6b-a20f883b89c6":{"type":"inception","data":{"border":"0px solid black","boxShadow":"none","borderRadius":"0px","backgroundColor":"transparent","imageUrl":"https://ouch-cdn.icons8.com/preview/407/b8b99a42-fbbf-46c9-82b7-2b5b7916832b.png"}},"image-15da3b16-d2c0-40fd-b897-bdda3fb4c538":{"type":"image","data":{"boxShadow":"none","borderRadius":"0px","imageUrl":"https://ouch-cdn.icons8.com/preview/833/6545bcff-6117-44ea-83f6-d27d0d5dd49f.png"}},"text-75a9af07-a601-4811-ad43-7348f19774b1":{"type":"text","data":{"fontSize":"24","textAlign":"center","alignItems":"center","fontWeight":"700","boxShadow":"none","borderRadius":"0px","fontColor":"#FFFFFF","backgroundColor":"transparent","text":"<h4 class=\"ql-align-center\"><span style=\"color: rgb(255, 255, 255);\">&nbsp;I highly recommend Jon Doe! He's been able to update my Shopify store and improved it. I will definitely contact him again for any future work.</span></h4><h4 class=\"ql-align-center\"><span style=\"color: rgb(255, 255, 255);\">Jenny Doe.</span></h4>"}},"text-e4bb5c9c-8b3e-41ae-826d-7231bf29b804":{"type":"text","data":{"fontSize":"30","textAlign":"left","alignItems":"center","fontWeight":"400","boxShadow":"none","borderRadius":"0px","fontColor":"#000000","backgroundColor":"transparent","text":"<h3><strong>What do I do?</strong></h3>"}},"text-255edd8f-18fa-4569-bb2f-9304bd4fe4af":{"type":"text","data":{"fontSize":"24","textAlign":"left","alignItems":"center","fontWeight":"400","boxShadow":"none","borderRadius":"0px","fontColor":"#000000","backgroundColor":"transparent","text":"<h4>I can develop your idea from visual concept to a fully functional product.</h4><p><br></p><p><br></p><h4><em style=\"color: rgb(11, 110, 153);\">Keep it simple, stupid is my motto.&nbsp;</em></h4><h4><br></h4><h4>Below you will find a list of things I can do.</h4><h4>Websites Web apps Mobiles apps Design &amp; UX</h4>"}},"inception-ab8fda23-d0e2-469e-8876-e3ebc834015b":{"type":"inception","data":{"border":"0px solid black","boxShadow":"none","borderRadius":"0px","backgroundColor":"transparent"}},"inception-f081196b-e4be-41f0-b97b-bb469fab32de":{"type":"inception","data":{"border":"0px solid black","boxShadow":"none","borderRadius":"0px","backgroundColor":"#292929"}},"text-7c1eb40d-669a-4c97-833f-8129f9ac25d9":{"type":"text","data":{"fontSize":"52","textAlign":"center","alignItems":"center","fontWeight":"400","boxShadow":"none","borderRadius":"0px","fontColor":"rgb(223,171,1)","backgroundColor":"transparent","text":"<h3><span style=\"color: rgb(223, 171, 1);\">\"</span></h3>"}},"text-a8088520-982f-4a08-9caf-0a7abe3d72ce":{"type":"text","data":{"fontSize":"52","textAlign":"center","alignItems":"center","fontWeight":"400","boxShadow":"none","borderRadius":"0px","fontColor":"rgb(223,171,1)","backgroundColor":"transparent","text":"<h3><span style=\"color: rgb(223, 171, 1);\">\"</span></h3>"}},"inception-1aa5b3e8-b145-400f-b63d-fc50097f8c8a":{"type":"inception","data":{"border":"0px solid black","boxShadow":"none","borderRadius":"0px","backgroundColor":"rgb(255, 195, 0)"}},"inception-961993e3-fc7c-43a6-b731-21d35e50fa0b":{"type":"inception","data":{"border":"0px solid black","boxShadow":"none","borderRadius":"0px","backgroundColor":"#292929"}},"text-22ece8e0-4ca0-403f-9617-15c3c7b0ce47":{"type":"text","data":{"fontSize":"24","textAlign":"left","alignItems":"center","fontWeight":"500","boxShadow":"none","borderRadius":"0px","fontColor":"#FFFFFF","backgroundColor":"transparent","text":"<h4><span style=\"color: rgb(255, 255, 255);\">Frontend</span></h4><p><br></p><h5><span style=\"color: rgb(255, 255, 255);\">HTML</span></h5><h5><span style=\"color: rgb(255, 255, 255);\">CSS</span></h5><h5><span style=\"color: rgb(255, 255, 255);\">JS</span></h5>"}},"inception-dca30a4b-24f6-493a-b691-146222d3d05e":{"type":"inception","data":{"border":"0px solid black","boxShadow":"none","borderRadius":"0px","backgroundColor":"#4CB0EA"}},"inception-9768b473-0f6a-405a-af2d-7463ceeb4a3a":{"type":"inception","data":{"border":"0px solid black","boxShadow":"none","borderRadius":"0px","backgroundColor":"#292929"}},"text-ac99eab7-4b4f-4ca0-baf1-343320d34c7d":{"type":"text","data":{"fontSize":"24","textAlign":"left","alignItems":"center","fontWeight":"500","boxShadow":"none","borderRadius":"0px","fontColor":"#FFFFFF","backgroundColor":"transparent","text":"<h4><span style=\"color: rgb(255, 255, 255);\">Backend</span></h4><h5><span style=\"color: rgb(255, 255, 255);\">Go</span></h5><h5><span style=\"color: rgb(255, 255, 255);\">JavaScript</span></h5>"}},"inception-f930f0e2-7ab2-4025-9c35-52e1d9bdd74f":{"type":"inception","data":{"border":"0px solid black","boxShadow":"none","borderRadius":"0px","backgroundColor":"transparent"}},"text-de744199-5f44-4b9b-9e9b-11a4702f6a6e":{"type":"text","data":{"fontSize":"30","textAlign":"left","alignItems":"center","fontWeight":"700","boxShadow":"none","borderRadius":"0px","fontColor":"#000000","backgroundColor":"transparent","text":"<h3>My Skills</h3>"}},"inception-048332ce-a197-4db5-a6bb-489807197339":{"type":"inception","data":{"border":"0px solid black","boxShadow":"0 13px 27px -5px rgba(50,50,93,0.25),0 8px 16px -8px rgba(0,0,0,0.3)","borderRadius":"100px","backgroundColor":"rgb(255, 195, 0)"}},"text-88e1b2de-81d2-4c8c-8444-aa4dbf0e0b31":{"type":"text","data":{"fontSize":"24","textAlign":"left","alignItems":"center","fontWeight":"500","boxShadow":"none","borderRadius":"0px","fontColor":"#000000","backgroundColor":"transparent","text":"<h4>As a Full-Stack Developer, I can do the front and back end code, work with databases and everything in between, also, venturing as far as doing the design.</h4>"}},"text-793b394d-eeb9-4f57-8f81-8c710c3250ca":{"type":"text","data":{"fontSize":"42","textAlign":"center","alignItems":"center","fontWeight":"500","boxShadow":"none","borderRadius":"0px","fontColor":"#000000","backgroundColor":"transparent","text":"<h2 class=\"ql-align-center\">Portfolio</h2>"}},"inception-ff534655-e945-4c59-b1b4-91bb406dc2a4":{"type":"inception","data":{"border":"0px solid black","boxShadow":"none","borderRadius":"100px","backgroundColor":"rgb(255, 195, 0)"}},"inception-0e4affb9-9343-4b28-8864-ca5665397538":{"type":"inception","data":{"border":"0px solid black","boxShadow":"none","borderRadius":"0px","backgroundColor":"transparent"}},"inception-3ebe3d45-52b4-4e6e-9b28-520ede9902a9":{"type":"inception","data":{"border":"0px solid black","boxShadow":"none","borderRadius":"0px","backgroundColor":"transparent"}},"inception-a0a74d67-59be-4eeb-aa26-256c8e304173":{"type":"inception","data":{"border":"0px solid black","boxShadow":"none","borderRadius":"0px","backgroundColor":"transparent"}},"image-3dc8bda8-dc54-4a07-bdf3-9f4bd5457e48":{"type":"image","data":{"boxShadow":"0 13px 27px -5px rgba(50,50,93,0.25),0 8px 16px -8px rgba(0,0,0,0.3)","borderRadius":"10px","imageUrl":"https://images.unsplash.com/photo-1448932284983-0c7b152eba33?ixid=MXwxMjA3fDB8MHxwaG90by1wYWdlfHx8fGVufDB8fHw%3D&ixlib=rb-1.2.1&auto=format&fit=crop&w=1950&q=80"}},"image-6534824f-8d4d-444e-9d9a-b69689daaff3":{"type":"image","data":{"boxShadow":"0 13px 27px -5px rgba(50,50,93,0.25),0 8px 16px -8px rgba(0,0,0,0.3)","borderRadius":"10px","imageUrl":"https://images.unsplash.com/photo-1524230616393-d6229fcd2eff?ixlib=rb-1.2.1&ixid=MXwxMjA3fDB8MHxwaG90by1wYWdlfHx8fGVufDB8fHw%3D&auto=format&fit=crop&w=1950&q=80"}},"image-1db96685-2b68-4f13-85c3-ce8f412052db":{"type":"image","data":{"boxShadow":"0 13px 27px -5px rgba(50,50,93,0.25),0 8px 16px -8px rgba(0,0,0,0.3)","borderRadius":"10px","imageUrl":"https://images.unsplash.com/photo-1524850011238-e3d235c7d4c9?ixid=MXwxMjA3fDB8MHxwaG90by1wYWdlfHx8fGVufDB8fHw%3D&ixlib=rb-1.2.1&auto=format&fit=crop&w=1087&q=80"}},"text-af6243fd-a3c9-4bf1-944d-c41c78e7d2bd":{"type":"text","data":{"fontSize":"36","textAlign":"center","alignItems":"center","fontWeight":"700","boxShadow":"none","borderRadius":"0px","fontColor":"#000000","backgroundColor":"transparent","text":"<h4>NY central Coffe Shop</h4><h4>Website</h4>"}},"text-27d742a5-b23e-4158-923f-347fc6a422b1":{"type":"text","data":{"fontSize":"36","textAlign":"center","alignItems":"center","fontWeight":"700","boxShadow":"none","borderRadius":"0px","fontColor":"#000000","backgroundColor":"transparent","text":"<h4>London Blvd. Babershop</h4><h4>Website</h4>"}},"text-802eef29-26eb-447e-a6e2-ab1f4c439d45":{"type":"text","data":{"fontSize":"36","textAlign":"center","alignItems":"center","fontWeight":"700","boxShadow":"none","borderRadius":"0px","fontColor":"#000000","backgroundColor":"transparent","text":"<h4>Willy Fog Travel</h4><h4>Website</h4>"}},"text-05c75eeb-d396-482d-bb70-f67932e8647c":{"type":"text","data":{"fontSize":"24","textAlign":"center","alignItems":"center","fontWeight":"700","boxShadow":"none","borderRadius":"0px","fontColor":"#000000","backgroundColor":"transparent","text":"<h4>More coming soon...</h4>"}},"inception-98f2bfbf-3972-4f30-8bc7-eab19fd6d9d9":{"type":"inception","data":{"border":"0px solid black","boxShadow":"none","borderRadius":"0px","backgroundColor":"transparent","imageUrl":"https://www.jonathandion.com/assets/img/bg-contact.jpg"}},"text-944d2fcb-cbc4-4e54-8559-5cf0d99ee8c3":{"type":"text","data":{"fontSize":"24","textAlign":"center","alignItems":"center","fontWeight":"400","boxShadow":"none","borderRadius":"0px","fontColor":"#FFFFFF","backgroundColor":"transparent","text":"<h4 class=\"ql-align-center\"><strong style=\"color: rgb(255, 255, 255);\">Get in touch.</strong></h4><h4 class=\"ql-align-center\"><br></h4><p class=\"ql-align-center\"><br></p><h4 class=\"ql-align-center\"><span style=\"color: rgb(255, 255, 255);\">Don’t hesitate to drop me an email or contact me via my social profiles.</span></h4>"}},"text-1c7cdacf-bd34-41a9-91a5-9ca574550e1c":{"type":"text","data":{"fontSize":"52","textAlign":"center","alignItems":"center","fontWeight":"400","boxShadow":"none","borderRadius":"0px","fontColor":"rgb(223,171,1)","backgroundColor":"transparent","text":"<h3><span style=\"color: rgb(223, 171, 1);\">antfolio.app</span></h3>"}},"text-0571bfc0-2146-4b1e-95a8-4daa1d158539":{"type":"text","data":{"fontSize":"24","textAlign":"center","alignItems":"center","fontWeight":"400","boxShadow":"none","borderRadius":"0px","fontColor":"#FFFFFF","backgroundColor":"transparent","text":"<h4><span style=\"color: rgb(255, 255, 255);\">Made with ❤️ by:</span></h4>"}},"inception-253aeee3-b5d9-4879-9f27-6df87f91a9a3":{"type":"inception","data":{"border":"none","boxShadow":"none","borderRadius":"0px","backgroundColor":"transparent","gradientColor":["#f96f5d","#ffd151"]}},"inception-f3368b47-75d8-4b8f-8b4c-978d62209691":{"type":"inception","data":{"border":"none","boxShadow":"none","borderRadius":"100px","backgroundColor":"rgb(255, 195, 0)"}},"image-5115ec42-4a2f-4095-ad30-6aafce6d6875":{"type":"image","data":{"boxShadow":"none","borderRadius":"0px","imageUrl":"https://antfolio.s3.amazonaws.com/call-to-action.png"}},"inception-5fb63eb6-bf4e-41da-8d14-cf1379e55a71":{"type":"inception","data":{"border":"1px solid #cdd3d8","boxShadow":"none","borderRadius":"10px","backgroundColor":"transparent"}},"inception-335a5a8c-aa1e-4e5e-99c1-dbd1d71ad723":{"type":"inception","data":{"border":"0px solid black","boxShadow":"0 13px 27px -5px rgba(50,50,93,0.25),0 8px 16px -8px rgba(0,0,0,0.3)","borderRadius":"100px","backgroundColor":"rgb(255, 195, 0)"}}},"hierarchy":{"inception-08b007e3-1549-4e10-bb25-fae15a6e7829":[],"inception-0921c696-518f-4f99-9df9-ac6898caa90f":["inception-d5624527-b8e3-445f-b003-073c74eb86cd","text-aeeda195-1e22-4dc7-8d35-f8396afa3150","text-4d0449ab-9bf1-452e-8ec0-a63ebe118c02","text-cf34a160-4a26-42f0-a746-f9a392dd0f61","text-77d4582d-ee5e-4b23-a03c-0ac628a8d9b2","text-2e547849-9241-49f5-9336-157b6d4a7524","text-48595dd7-2e15-476e-bbed-54a515326998"],"inception-0a4771d6-339b-423a-8344-ea09c4aa16d6":[],"inception-ab8fda23-d0e2-469e-8876-e3ebc834015b":["text-e4bb5c9c-8b3e-41ae-826d-7231bf29b804","text-255edd8f-18fa-4569-bb2f-9304bd4fe4af","text-616fd162-15d1-4cdf-85ad-7d1dfed0e2ca","inception-fbbc81b7-d726-491c-8067-ca7121141fca","text-009925e4-65ef-4116-854b-13a37c13204f","inception-f3368b47-75d8-4b8f-8b4c-978d62209691"],"inception-f081196b-e4be-41f0-b97b-bb469fab32de":["text-1f231412-b78f-4269-8d8c-0163b9953a69","text-7c1eb40d-669a-4c97-833f-8129f9ac25d9","text-a8088520-982f-4a08-9caf-0a7abe3d72ce","text-75a9af07-a601-4811-ad43-7348f19774b1"],"inception-1aa5b3e8-b145-400f-b63d-fc50097f8c8a":["inception-961993e3-fc7c-43a6-b731-21d35e50fa0b"],"inception-961993e3-fc7c-43a6-b731-21d35e50fa0b":["text-9f95a337-7e5d-497a-bbc3-c55e9800c301","text-22ece8e0-4ca0-403f-9617-15c3c7b0ce47","text-b89c02fc-d7ba-47be-928b-957e912e4ff9","text-98553f17-c2e6-4ff6-820b-8c12a070c5ba"],"inception-9768b473-0f6a-405a-af2d-7463ceeb4a3a":[],"inception-dca30a4b-24f6-493a-b691-146222d3d05e":["text-c8e9a216-90f8-4431-ba7b-d5f0ba99a6bc","text-923ecdf0-08d6-45cd-a20d-987de87346ca","text-ac99eab7-4b4f-4ca0-baf1-343320d34c7d","inception-9768b473-0f6a-405a-af2d-7463ceeb4a3a"],"inception-f930f0e2-7ab2-4025-9c35-52e1d9bdd74f":["text-de744199-5f44-4b9b-9e9b-11a4702f6a6e","inception-048332ce-a197-4db5-a6bb-489807197339","text-88e1b2de-81d2-4c8c-8444-aa4dbf0e0b31","text-25bba160-24b1-4ce6-9da5-1e9f7f6ccba7"],"inception-0e4affb9-9343-4b28-8864-ca5665397538":["image-3dc8bda8-dc54-4a07-bdf3-9f4bd5457e48","text-af6243fd-a3c9-4bf1-944d-c41c78e7d2bd","text-9b1c3969-8cfa-4d21-a750-b6964dfbb71c"],"inception-3ebe3d45-52b4-4e6e-9b28-520ede9902a9":["image-6534824f-8d4d-444e-9d9a-b69689daaff3","text-27d742a5-b23e-4158-923f-347fc6a422b1","text-9e9b1ca8-667c-43b1-9ca1-959d9d978d52"],"inception-a0a74d67-59be-4eeb-aa26-256c8e304173":["image-1db96685-2b68-4f13-85c3-ce8f412052db","text-802eef29-26eb-447e-a6e2-ab1f4c439d45","text-1e558c87-e011-4d1d-98a4-ba5976d0e566"],"inception-98f2bfbf-3972-4f30-8bc7-eab19fd6d9d9":["text-88223e22-985e-46b6-abc6-ab844dee144c","text-944d2fcb-cbc4-4e54-8559-5cf0d99ee8c3","text-1c7cdacf-bd34-41a9-91a5-9ca574550e1c","text-0571bfc0-2146-4b1e-95a8-4daa1d158539"],"inception-253aeee3-b5d9-4879-9f27-6df87f91a9a3":["text-7b502fa7-6a39-47fd-87d4-94d59335beca"],"inception-335a5a8c-aa1e-4e5e-99c1-dbd1d71ad723":[],"inception-5fb63eb6-bf4e-41da-8d14-cf1379e55a71":["image-5115ec42-4a2f-4095-ad30-6aafce6d6875","text-05c75eeb-d396-482d-bb70-f67932e8647c","inception-335a5a8c-aa1e-4e5e-99c1-dbd1d71ad723"]},"layouts":{"text-7b502fa7-6a39-47fd-87d4-94d59335beca":{"w":101.66448805067274,"h":55.55555555555556,"x":49.194444444444414,"y":13.444444444444438,"i":"text-7b502fa7-6a39-47fd-87d4-94d59335beca","moved":false,"static":false,"isDraggable":true},"text-48595dd7-2e15-476e-bbed-54a515326998":{"w":28.387586805555554,"h":7.638888888888888,"x":99.58333333333333,"y":318.83333333333337,"i":"text-48595dd7-2e15-476e-bbed-54a515326998","moved":false,"static":false,"isDraggable":true},"inception-0921c696-518f-4f99-9df9-ac6898caa90f":{"w":100,"h":84,"x":95,"y":307.97222222222223,"i":"inception-0921c696-518f-4f99-9df9-ac6898caa90f","moved":false,"static":false,"isDraggable":true},"inception-d5624527-b8e3-445f-b003-073c74eb86cd":{"w":23.555555555555554,"h":1.4166666666666665,"x":99.72222222222221,"y":327.58333333333326,"i":"inception-d5624527-b8e3-445f-b003-073c74eb86cd","moved":false,"static":false,"isDraggable":true},"text-2e547849-9241-49f5-9336-157b6d4a7524":{"w":91.19357638888889,"h":52.08333333333333,"x":99.72222222222221,"y":334.8055555555556,"i":"text-2e547849-9241-49f5-9336-157b6d4a7524","moved":false,"static":false,"isDraggable":true},"inception-1831c2d0-0ce4-42e6-9f6b-a20f883b89c6":{"w":80,"h":69,"x":109.22222222222221,"y":94.91666666666667,"i":"inception-1831c2d0-0ce4-42e6-9f6b-a20f883b89c6","moved":false,"static":false,"isDraggable":true},"image-15da3b16-d2c0-40fd-b897-bdda3fb4c538":{"w":95.22222222222223,"h":48.5,"x":0,"y":334.4722222222222,"i":"image-15da3b16-d2c0-40fd-b897-bdda3fb4c538","moved":false,"static":false,"isDraggable":true},"text-75a9af07-a601-4811-ad43-7348f19774b1":{"w":96.9987063937717,"h":23.333333333333332,"x":51.361111111111114,"y":187.08333333333334,"i":"text-75a9af07-a601-4811-ad43-7348f19774b1","moved":false,"static":false,"isDraggable":true},"text-e4bb5c9c-8b3e-41ae-826d-7231bf29b804":{"w":35.38845486111111,"h":7.638888888888888,"x":18.694444444444443,"y":104.55555555555554,"i":"text-e4bb5c9c-8b3e-41ae-826d-7231bf29b804","moved":false,"static":false,"isDraggable":true},"text-255edd8f-18fa-4569-bb2f-9304bd4fe4af":{"w":73.984375,"h":43.333333333333336,"x":18.833333333333332,"y":120.6388888888889,"i":"text-255edd8f-18fa-4569-bb2f-9304bd4fe4af","moved":false,"static":false,"isDraggable":true},"inception-ab8fda23-d0e2-469e-8876-e3ebc834015b":{"w":102.52777777777777,"h":79.22222222222223,"x":7.361111111111111,"y":88.61111111111111,"i":"inception-ab8fda23-d0e2-469e-8876-e3ebc834015b","moved":false,"static":false,"isDraggable":true},"inception-f081196b-e4be-41f0-b97b-bb469fab32de":{"w":200,"h":37.583333333333336,"x":0,"y":179.83333333333334,"i":"inception-f081196b-e4be-41f0-b97b-bb469fab32de","moved":false,"static":false,"isDraggable":true},"text-7c1eb40d-669a-4c97-833f-8129f9ac25d9":{"w":7.999131944444445,"h":10.972222222222221,"x":52.75,"y":188.66666666666669,"i":"text-7c1eb40d-669a-4c97-833f-8129f9ac25d9","moved":false,"static":false,"isDraggable":true},"text-a8088520-982f-4a08-9caf-0a7abe3d72ce":{"w":10.638020833333334,"h":10.972222222222221,"x":131.3611111111111,"y":200.33333333333334,"i":"text-a8088520-982f-4a08-9caf-0a7abe3d72ce","moved":false,"static":false,"isDraggable":true},"inception-1aa5b3e8-b145-400f-b63d-fc50097f8c8a":{"w":30,"h":30,"x":105.3888888888889,"y":263.6944444444444,"i":"inception-1aa5b3e8-b145-400f-b63d-fc50097f8c8a","moved":false,"static":false,"isDraggable":true},"inception-961993e3-fc7c-43a6-b731-21d35e50fa0b":{"w":30,"h":30,"x":107.52777777777779,"y":261.833333333333,"i":"inception-961993e3-fc7c-43a6-b731-21d35e50fa0b","moved":false,"static":false,"isDraggable":true},"text-22ece8e0-4ca0-403f-9617-15c3c7b0ce47":{"w":22.55425347222222,"h":22.083333333333332,"x":110.83333333333333,"y":265.5833333333327,"i":"text-22ece8e0-4ca0-403f-9617-15c3c7b0ce47","moved":false,"static":false,"isDraggable":true},"inception-dca30a4b-24f6-493a-b691-146222d3d05e":{"w":30,"h":30,"x":148.80555555555557,"y":239.63888888888889,"i":"inception-dca30a4b-24f6-493a-b691-146222d3d05e","moved":false,"static":false,"isDraggable":true},"inception-9768b473-0f6a-405a-af2d-7463ceeb4a3a":{"w":30,"h":30,"x":151.80555555555554,"y":237.63888888888889,"i":"inception-9768b473-0f6a-405a-af2d-7463ceeb4a3a","moved":false,"static":false,"isDraggable":true},"text-ac99eab7-4b4f-4ca0-baf1-343320d34c7d":{"w":21.38888888888889,"h":15.833333333333332,"x":154.44444444444443,"y":243.3888888888889,"i":"text-ac99eab7-4b4f-4ca0-baf1-343320d34c7d","moved":false,"static":false,"isDraggable":true},"inception-f930f0e2-7ab2-4025-9c35-52e1d9bdd74f":{"w":100,"h":68,"x":0,"y":235.16666666666669,"i":"inception-f930f0e2-7ab2-4025-9c35-52e1d9bdd74f","moved":false,"static":false,"isDraggable":true},"text-de744199-5f44-4b9b-9e9b-11a4702f6a6e":{"w":27.999134063720703,"h":7.638888888888888,"x":24.333333333333336,"y":244.8888888888889,"i":"text-de744199-5f44-4b9b-9e9b-11a4702f6a6e","moved":false,"static":false,"isDraggable":true},"inception-048332ce-a197-4db5-a6bb-489807197339":{"w":19.805555555555554,"h":1.4166666666666665,"x":24.472222222222225,"y":253.80555555555554,"i":"inception-048332ce-a197-4db5-a6bb-489807197339","moved":false,"static":false,"isDraggable":true},"text-88e1b2de-81d2-4c8c-8444-aa4dbf0e0b31":{"w":61.83159722222222,"h":28.333333333333332,"x":23.361111111111114,"y":258.74999999999994,"i":"text-88e1b2de-81d2-4c8c-8444-aa4dbf0e0b31","moved":false,"static":false,"isDraggable":true},"text-793b394d-eeb9-4f57-8f81-8c710c3250ca":{"w":31.553819444444443,"h":10.13888888888889,"x":84.25,"y":416.80555555555554,"i":"text-793b394d-eeb9-4f57-8f81-8c710c3250ca","moved":false,"static":false,"isDraggable":true},"inception-ff534655-e945-4c59-b1b4-91bb406dc2a4":{"w":26.083333333333332,"h":1.4166666666666665,"x":87.02777777777779,"y":428.41666666666663,"i":"inception-ff534655-e945-4c59-b1b4-91bb406dc2a4","moved":false,"static":false,"isDraggable":true},"inception-0e4affb9-9343-4b28-8864-ca5665397538":{"w":100,"h":50,"x":0,"y":439.77777777777777,"i":"inception-0e4affb9-9343-4b28-8864-ca5665397538","moved":false,"static":false,"isDraggable":true},"inception-3ebe3d45-52b4-4e6e-9b28-520ede9902a9":{"w":99,"h":50,"x":100.99999999999999,"y":458.6666666666667,"i":"inception-3ebe3d45-52b4-4e6e-9b28-520ede9902a9","moved":false,"static":false,"isDraggable":true},"inception-a0a74d67-59be-4eeb-aa26-256c8e304173":{"w":100,"h":61,"x":0,"y":507.55555555555554,"i":"inception-a0a74d67-59be-4eeb-aa26-256c8e304173","moved":false,"static":false,"isDraggable":true},"image-3dc8bda8-dc54-4a07-bdf3-9f4bd5457e48":{"w":65,"h":41,"x":24.583333333333332,"y":442.94444444444446,"i":"image-3dc8bda8-dc54-4a07-bdf3-9f4bd5457e48","moved":false,"static":false,"isDraggable":true},"image-6534824f-8d4d-444e-9d9a-b69689daaff3":{"w":65,"h":41,"x":116.99999999999997,"y":462.6666666666667,"i":"image-6534824f-8d4d-444e-9d9a-b69689daaff3","moved":false,"static":false,"isDraggable":true},"image-1db96685-2b68-4f13-85c3-ce8f412052db":{"w":65,"h":41,"x":23,"y":515.4166666666665,"i":"image-1db96685-2b68-4f13-85c3-ce8f412052db","moved":false,"static":false,"isDraggable":true},"text-af6243fd-a3c9-4bf1-944d-c41c78e7d2bd":{"w":42.658418019612625,"h":13.333333333333332,"x":13.166666666666666,"y":485,"i":"text-af6243fd-a3c9-4bf1-944d-c41c78e7d2bd","moved":false,"static":false,"isDraggable":true},"text-27d742a5-b23e-4158-923f-347fc6a422b1":{"w":42.361111111111114,"h":10,"x":107.38888888888887,"y":504.5833333333333,"i":"text-27d742a5-b23e-4158-923f-347fc6a422b1","moved":false,"static":false,"isDraggable":true},"text-802eef29-26eb-447e-a6e2-ab1f4c439d45":{"w":33.7977409362793,"h":13.333333333333332,"x":13.027777777777777,"y":557.6666666666667,"i":"text-802eef29-26eb-447e-a6e2-ab1f4c439d45","moved":false,"static":false,"isDraggable":true},"text-05c75eeb-d396-482d-bb70-f67932e8647c":{"w":32.86024305555555,"h":5,"x":128.97222222222223,"y":558.9166666666675,"i":"text-05c75eeb-d396-482d-bb70-f67932e8647c","moved":false,"static":false,"isDraggable":true},"inception-98f2bfbf-3972-4f30-8bc7-eab19fd6d9d9":{"w":200,"h":80,"x":0,"y":595.6111111111112,"i":"inception-98f2bfbf-3972-4f30-8bc7-eab19fd6d9d9","moved":false,"static":false,"isDraggable":true},"text-944d2fcb-cbc4-4e54-8559-5cf0d99ee8c3":{"w":70.98089853922527,"h":22.5,"x":64.52777777777779,"y":610.4444444444445,"i":"text-944d2fcb-cbc4-4e54-8559-5cf0d99ee8c3","moved":false,"static":false,"isDraggable":true},"text-1c7cdacf-bd34-41a9-91a5-9ca574550e1c":{"w":43.99956597222222,"h":7.638888888888888,"x":101.02777777777777,"y":646.9722222222222,"i":"text-1c7cdacf-bd34-41a9-91a5-9ca574550e1c","moved":false,"static":false,"isDraggable":true},"text-0571bfc0-2146-4b1e-95a8-4daa1d158539":{"w":28.637152777777775,"h":5,"x":71.80555555555556,"y":648.6944444444445,"i":"text-0571bfc0-2146-4b1e-95a8-4daa1d158539","moved":false,"static":false,"isDraggable":true},"inception-253aeee3-b5d9-4879-9f27-6df87f91a9a3":{"x":0,"y":0.1388888888888889,"w":200,"h":81.24999999999999,"i":"inception-253aeee3-b5d9-4879-9f27-6df87f91a9a3"},"inception-f3368b47-75d8-4b8f-8b4c-978d62209691":{"x":18.88888888888889,"y":113.05555555555556,"w":33.888888888888886,"h":1.3888888888888893,"i":"inception-f3368b47-75d8-4b8f-8b4c-978d62209691"},"image-5115ec42-4a2f-4095-ad30-6aafce6d6875":{"x":133.05555555555557,"y":533.7500000000007,"w":23.61111111111111,"h":22.5,"i":"image-5115ec42-4a2f-4095-ad30-6aafce6d6875"},"inception-5fb63eb6-bf4e-41da-8d14-cf1379e55a71":{"x":124.86111111111111,"y":529.7222222222223,"w":41.111111111111114,"h":42.91666666666667,"i":"inception-5fb63eb6-bf4e-41da-8d14-cf1379e55a71"},"inception-335a5a8c-aa1e-4e5e-99c1-dbd1d71ad723":{"w":31,"h":1,"x":129.86111111111111,"y":565.6111111111118,"i":"inception-335a5a8c-aa1e-4e5e-99c1-dbd1d71ad723","moved":false,"static":false,"isDraggable":true}},"mobileLayout":{"text-48595dd7-2e15-476e-bbed-54a515326998":{"x":3.913288288288282,"y":580.9954954954956,"w":49.05865826764264,"h":11.35135135135135,"i":"text-48595dd7-2e15-476e-bbed-54a515326998"},"inception-0921c696-518f-4f99-9df9-ac6898caa90f":{"x":0.27027027027027023,"y":576.6208708708708,"w":99.72972972972973,"h":151.2972972972973,"i":"inception-0921c696-518f-4f99-9df9-ac6898caa90f"},"inception-d5624527-b8e3-445f-b003-073c74eb86cd":{"x":4.523273273273277,"y":593.7995495495495,"w":11.777777777777777,"h":1.4166666666666665,"i":"inception-d5624527-b8e3-445f-b003-073c74eb86cd"},"text-2e547849-9241-49f5-9336-157b6d4a7524":{"x":3.1719219219219226,"y":606.6974474474473,"w":93.43462603228228,"h":102.16216216216216,"i":"text-2e547849-9241-49f5-9336-157b6d4a7524"},"inception-1831c2d0-0ce4-42e6-9f6b-a20f883b89c6":{"x":14.74249249249249,"y":342.28903903903904,"w":67.63513513513513,"h":71.10585585585586,"i":"inception-1831c2d0-0ce4-42e6-9f6b-a20f883b89c6"},"image-15da3b16-d2c0-40fd-b897-bdda3fb4c538":{"x":0,"y":120.16291291291293,"w":100,"h":59.562312312312315,"i":"image-15da3b16-d2c0-40fd-b897-bdda3fb4c538"},"text-75a9af07-a601-4811-ad43-7348f19774b1":{"x":6.5289039039039025,"y":187.5900900900901,"w":88.49935319688583,"h":37.83783783783784,"i":"text-75a9af07-a601-4811-ad43-7348f19774b1"},"text-e4bb5c9c-8b3e-41ae-826d-7231bf29b804":{"x":19.061936936936938,"y":246.3911411411412,"w":59.43409229542041,"h":11.35135135135135,"i":"text-e4bb5c9c-8b3e-41ae-826d-7231bf29b804"},"text-255edd8f-18fa-4569-bb2f-9304bd4fe4af":{"x":4.904654654654655,"y":268.7845345345345,"w":90.94489020270271,"h":68.1081081081081,"i":"text-255edd8f-18fa-4569-bb2f-9304bd4fe4af"},"inception-ab8fda23-d0e2-469e-8876-e3ebc834015b":{"x":0,"y":280,"w":3.972222222222225,"h":77.55555555555556,"i":"inception-ab8fda23-d0e2-469e-8876-e3ebc834015b"},"inception-f081196b-e4be-41f0-b97b-bb469fab32de":{"x":0,"y":178.481981981982,"w":100,"h":57.85360360360361,"i":"inception-f081196b-e4be-41f0-b97b-bb469fab32de"},"text-7c1eb40d-669a-4c97-833f-8129f9ac25d9":{"x":6.375000000000001,"y":184.07207207207207,"w":3.9995659722222223,"h":10.972222222222221,"i":"text-7c1eb40d-669a-4c97-833f-8129f9ac25d9"},"text-a8088520-982f-4a08-9caf-0a7abe3d72ce":{"x":64.32920420420419,"y":216.009009009009,"w":5.319010416666667,"h":10.972222222222221,"i":"text-a8088520-982f-4a08-9caf-0a7abe3d72ce"},"inception-1aa5b3e8-b145-400f-b63d-fc50097f8c8a":{"x":6.245495495495499,"y":518.8295795795794,"w":34.60585585585586,"h":37.578828828828826,"i":"inception-1aa5b3e8-b145-400f-b63d-fc50097f8c8a"},"inception-961993e3-fc7c-43a6-b731-21d35e50fa0b":{"x":8.936561561561557,"y":516.9684684684685,"w":32.8978978978979,"h":36.86186186186186,"i":"inception-961993e3-fc7c-43a6-b731-21d35e50fa0b"},"text-22ece8e0-4ca0-403f-9617-15c3c7b0ce47":{"x":11.940690690690687,"y":520.9887387387388,"w":27.793643252627632,"h":28.378378378378375,"i":"text-22ece8e0-4ca0-403f-9617-15c3c7b0ce47"},"inception-dca30a4b-24f6-493a-b691-146222d3d05e":{"x":53.28791291291293,"y":518.1373873873873,"w":32.436186186186184,"h":37.409909909909906,"i":"inception-dca30a4b-24f6-493a-b691-146222d3d05e"},"inception-9768b473-0f6a-405a-af2d-7463ceeb4a3a":{"x":56.139264264264284,"y":516.1373873873879,"w":34.358108108108105,"h":36.83933933933933,"i":"inception-9768b473-0f6a-405a-af2d-7463ceeb4a3a"},"text-ac99eab7-4b4f-4ca0-baf1-343320d34c7d":{"x":60.43168168168168,"y":520.5360360360364,"w":28.641141141141137,"h":18.91891891891892,"i":"text-ac99eab7-4b4f-4ca0-baf1-343320d34c7d"},"inception-f930f0e2-7ab2-4025-9c35-52e1d9bdd74f":{"x":0.34159159159158303,"y":427.62162162162167,"w":99.6584084084084,"h":74.48648648648648,"i":"inception-f930f0e2-7ab2-4025-9c35-52e1d9bdd74f"},"text-de744199-5f44-4b9b-9e9b-11a4702f6a6e":{"x":5.004504504504506,"y":430.85735735735733,"w":35.86893640122972,"h":11.35135135135135,"i":"text-de744199-5f44-4b9b-9e9b-11a4702f6a6e"},"inception-048332ce-a197-4db5-a6bb-489807197339":{"x":5.4512012012011954,"y":444.09834834834834,"w":15.25,"h":1.4166666666666665,"i":"inception-048332ce-a197-4db5-a6bb-489807197339"},"text-88e1b2de-81d2-4c8c-8444-aa4dbf0e0b31":{"x":4.484609609609604,"y":454.0315315315315,"w":86.98186467717719,"h":37.83783783783784,"i":"text-88e1b2de-81d2-4c8c-8444-aa4dbf0e0b31"},"text-793b394d-eeb9-4f57-8f81-8c710c3250ca":{"x":19.94406906906907,"y":728.382132132132,"w":57.1582911036036,"h":15.135135135135135,"i":"text-793b394d-eeb9-4f57-8f81-8c710c3250ca"},"inception-ff534655-e945-4c59-b1b4-91bb406dc2a4":{"x":30.351351351351354,"y":743.7394894894894,"w":17.833333333333332,"h":1.4166666666666665,"i":"inception-ff534655-e945-4c59-b1b4-91bb406dc2a4"},"inception-0e4affb9-9343-4b28-8864-ca5665397538":{"w":100,"h":176.48648648648648,"x":0,"y":930.4864864864865,"i":"inception-0e4affb9-9343-4b28-8864-ca5665397538","moved":false,"static":false,"isDraggable":true},"inception-3ebe3d45-52b4-4e6e-9b28-520ede9902a9":{"x":0,"y":857.5855855855855,"w":100,"h":75.4054054054054,"i":"inception-3ebe3d45-52b4-4e6e-9b28-520ede9902a9"},"inception-a0a74d67-59be-4eeb-aa26-256c8e304173":{"x":8.108108108108107,"y":954.3123123123122,"w":85.13513513513513,"h":60.729729729729726,"i":"inception-a0a74d67-59be-4eeb-aa26-256c8e304173"},"image-3dc8bda8-dc54-4a07-bdf3-9f4bd5457e48":{"x":7.723348348348351,"y":763.8340840840838,"w":82.84909909909909,"h":54.5960960960961,"i":"image-3dc8bda8-dc54-4a07-bdf3-9f4bd5457e48"},"image-6534824f-8d4d-444e-9d9a-b69689daaff3":{"x":7.999999999999995,"y":861.5855855855856,"w":82.77027027027026,"h":52.351351351351354,"i":"image-6534824f-8d4d-444e-9d9a-b69689daaff3"},"image-1db96685-2b68-4f13-85c3-ce8f412052db":{"x":7.716216216216219,"y":952.7139639639638,"w":84.66216216216216,"h":51.810810810810814,"i":"image-1db96685-2b68-4f13-85c3-ce8f412052db"},"text-af6243fd-a3c9-4bf1-944d-c41c78e7d2bd":{"x":7.945945945945947,"y":823.0668168168169,"w":59.073203003800316,"h":15.135135135135135,"i":"text-af6243fd-a3c9-4bf1-944d-c41c78e7d2bd"},"text-27d742a5-b23e-4158-923f-347fc6a422b1":{"x":7.789039039039034,"y":918.367117117117,"w":65.2346096096096,"h":15.135135135135135,"i":"text-27d742a5-b23e-4158-923f-347fc6a422b1"},"text-802eef29-26eb-447e-a6e2-ab1f4c439d45":{"x":7.86524024024024,"y":1010.6396396396395,"w":49.87184344111262,"h":15.135135135135135,"i":"text-802eef29-26eb-447e-a6e2-ab1f4c439d45"},"text-05c75eeb-d396-482d-bb70-f67932e8647c":{"x":25.837462462462465,"y":1075.132882882884,"w":55.34904044669669,"h":7.5675675675675675,"i":"text-05c75eeb-d396-482d-bb70-f67932e8647c"},"inception-98f2bfbf-3972-4f30-8bc7-eab19fd6d9d9":{"x":0,"y":1107.5442942942943,"w":100,"h":80,"i":"inception-98f2bfbf-3972-4f30-8bc7-eab19fd6d9d9"},"text-944d2fcb-cbc4-4e54-8559-5cf0d99ee8c3":{"x":11.471846846846848,"y":1113.1096096096098,"w":79.09305578237539,"h":41.62162162162162,"i":"text-944d2fcb-cbc4-4e54-8559-5cf0d99ee8c3"},"text-1c7cdacf-bd34-41a9-91a5-9ca574550e1c":{"x":49.4009009009009,"y":1164.8663663663665,"w":45.87365685998498,"h":11.35135135135135,"i":"text-1c7cdacf-bd34-41a9-91a5-9ca574550e1c"},"text-0571bfc0-2146-4b1e-95a8-4daa1d158539":{"x":7.522522522522521,"y":1167.6471471471468,"w":42.04004786036037,"h":7.5675675675675675,"i":"text-0571bfc0-2146-4b1e-95a8-4daa1d158539"},"text-7b502fa7-6a39-47fd-87d4-94d59335beca":{"x":10.002627627627612,"y":12.903903903903897,"w":81.10251429560664,"h":98.37837837837837,"i":"text-7b502fa7-6a39-47fd-87d4-94d59335beca"},"inception-253aeee3-b5d9-4879-9f27-6df87f91a9a3":{"x":0,"y":0.1388888888888889,"w":100,"h":119.62837837837837,"i":"inception-253aeee3-b5d9-4879-9f27-6df87f91a9a3"},"inception-f3368b47-75d8-4b8f-8b4c-978d62209691":{"x":19.984984984984987,"y":258.7312312312312,"w":16.944444444444443,"h":1.3888888888888893,"i":"inception-f3368b47-75d8-4b8f-8b4c-978d62209691"},"image-5115ec42-4a2f-4095-ad30-6aafce6d6875":{"x":33.01426426426427,"y":1041.0472972972987,"w":32.88663663663664,"h":32.229729729729726,"i":"image-5115ec42-4a2f-4095-ad30-6aafce6d6875"},"inception-5fb63eb6-bf4e-41da-8d14-cf1379e55a71":{"x":7.565690690690695,"y":1036.478978978979,"w":85.42042042042041,"h":57.781531531531535,"i":"inception-5fb63eb6-bf4e-41da-8d14-cf1379e55a71"},"inception-335a5a8c-aa1e-4e5e-99c1-dbd1d71ad723":{"x":26.01163663663663,"y":1084.8003003003012,"w":15.5,"h":1,"i":"inception-335a5a8c-aa1e-4e5e-99c1-dbd1d71ad723"}},"mobileEditedBlocks":["text-05c75eeb-d396-482d-bb70-f67932e8647c","text-255edd8f-18fa-4569-bb2f-9304bd4fe4af","text-e4bb5c9c-8b3e-41ae-826d-7231bf29b804","inception-ab8fda23-d0e2-469e-8876-e3ebc834015b","image-15da3b16-d2c0-40fd-b897-bdda3fb4c538","text-2e547849-9241-49f5-9336-157b6d4a7524","text-48595dd7-2e15-476e-bbed-54a515326998","inception-d5624527-b8e3-445f-b003-073c74eb86cd","text-75a9af07-a601-4811-ad43-7348f19774b1","inception-1831c2d0-0ce4-42e6-9f6b-a20f883b89c6","inception-f930f0e2-7ab2-4025-9c35-52e1d9bdd74f","text-de744199-5f44-4b9b-9e9b-11a4702f6a6e","inception-048332ce-a197-4db5-a6bb-489807197339","text-88e1b2de-81d2-4c8c-8444-aa4dbf0e0b31","inception-1aa5b3e8-b145-400f-b63d-fc50097f8c8a","inception-dca30a4b-24f6-493a-b691-146222d3d05e","inception-961993e3-fc7c-43a6-b731-21d35e50fa0b","inception-9768b473-0f6a-405a-af2d-7463ceeb4a3a","text-22ece8e0-4ca0-403f-9617-15c3c7b0ce47","text-ac99eab7-4b4f-4ca0-baf1-343320d34c7d","text-793b394d-eeb9-4f57-8f81-8c710c3250ca","inception-ff534655-e945-4c59-b1b4-91bb406dc2a4","image-3dc8bda8-dc54-4a07-bdf3-9f4bd5457e48","text-af6243fd-a3c9-4bf1-944d-c41c78e7d2bd","image-6534824f-8d4d-444e-9d9a-b69689daaff3","text-27d742a5-b23e-4158-923f-347fc6a422b1","image-1db96685-2b68-4f13-85c3-ce8f412052db","text-802eef29-26eb-447e-a6e2-ab1f4c439d45","inception-98f2bfbf-3972-4f30-8bc7-eab19fd6d9d9","text-1c7cdacf-bd34-41a9-91a5-9ca574550e1c","text-0571bfc0-2146-4b1e-95a8-4daa1d158539","text-944d2fcb-cbc4-4e54-8559-5cf0d99ee8c3","inception-0e4affb9-9343-4b28-8864-ca5665397538","inception-f081196b-e4be-41f0-b97b-bb469fab32de","text-7c1eb40d-669a-4c97-833f-8129f9ac25d9","text-a8088520-982f-4a08-9caf-0a7abe3d72ce","inception-f3368b47-75d8-4b8f-8b4c-978d62209691","inception-253aeee3-b5d9-4879-9f27-6df87f91a9a3","text-7b502fa7-6a39-47fd-87d4-94d59335beca","inception-5fb63eb6-bf4e-41da-8d14-cf1379e55a71","image-5115ec42-4a2f-4095-ad30-6aafce6d6875","inception-335a5a8c-aa1e-4e5e-99c1-dbd1d71ad723","inception-a0a74d67-59be-4eeb-aa26-256c8e304173","inception-3ebe3d45-52b4-4e6e-9b28-520ede9902a9","inception-0921c696-518f-4f99-9df9-ac6898caa90f"],"mobileHierarchy":{"inception-08b007e3-1549-4e10-bb25-fae15a6e7829":[],"inception-0921c696-518f-4f99-9df9-ac6898caa90f":["inception-d5624527-b8e3-445f-b003-073c74eb86cd","text-aeeda195-1e22-4dc7-8d35-f8396afa3150","text-4d0449ab-9bf1-452e-8ec0-a63ebe118c02","text-cf34a160-4a26-42f0-a746-f9a392dd0f61","text-77d4582d-ee5e-4b23-a03c-0ac628a8d9b2","text-2e547849-9241-49f5-9336-157b6d4a7524","text-48595dd7-2e15-476e-bbed-54a515326998"],"inception-0a4771d6-339b-423a-8344-ea09c4aa16d6":[],"inception-ab8fda23-d0e2-469e-8876-e3ebc834015b":["text-e4bb5c9c-8b3e-41ae-826d-7231bf29b804","text-255edd8f-18fa-4569-bb2f-9304bd4fe4af","text-616fd162-15d1-4cdf-85ad-7d1dfed0e2ca","inception-fbbc81b7-d726-491c-8067-ca7121141fca","text-009925e4-65ef-4116-854b-13a37c13204f","inception-f3368b47-75d8-4b8f-8b4c-978d62209691"],"inception-f081196b-e4be-41f0-b97b-bb469fab32de":["text-1f231412-b78f-4269-8d8c-0163b9953a69","text-7c1eb40d-669a-4c97-833f-8129f9ac25d9","text-a8088520-982f-4a08-9caf-0a7abe3d72ce","text-75a9af07-a601-4811-ad43-7348f19774b1"],"inception-1aa5b3e8-b145-400f-b63d-fc50097f8c8a":["inception-961993e3-fc7c-43a6-b731-21d35e50fa0b"],"inception-961993e3-fc7c-43a6-b731-21d35e50fa0b":["text-9f95a337-7e5d-497a-bbc3-c55e9800c301","text-22ece8e0-4ca0-403f-9617-15c3c7b0ce47","text-b89c02fc-d7ba-47be-928b-957e912e4ff9","text-98553f17-c2e6-4ff6-820b-8c12a070c5ba"],"inception-9768b473-0f6a-405a-af2d-7463ceeb4a3a":[],"inception-dca30a4b-24f6-493a-b691-146222d3d05e":["text-c8e9a216-90f8-4431-ba7b-d5f0ba99a6bc","text-923ecdf0-08d6-45cd-a20d-987de87346ca","text-ac99eab7-4b4f-4ca0-baf1-343320d34c7d","inception-9768b473-0f6a-405a-af2d-7463ceeb4a3a"],"inception-f930f0e2-7ab2-4025-9c35-52e1d9bdd74f":["text-de744199-5f44-4b9b-9e9b-11a4702f6a6e","inception-048332ce-a197-4db5-a6bb-489807197339","text-88e1b2de-81d2-4c8c-8444-aa4dbf0e0b31","text-25bba160-24b1-4ce6-9da5-1e9f7f6ccba7"],"inception-0e4affb9-9343-4b28-8864-ca5665397538":["image-3dc8bda8-dc54-4a07-bdf3-9f4bd5457e48","text-af6243fd-a3c9-4bf1-944d-c41c78e7d2bd","text-9b1c3969-8cfa-4d21-a750-b6964dfbb71c"],"inception-3ebe3d45-52b4-4e6e-9b28-520ede9902a9":["image-6534824f-8d4d-444e-9d9a-b69689daaff3","text-27d742a5-b23e-4158-923f-347fc6a422b1","text-9e9b1ca8-667c-43b1-9ca1-959d9d978d52"],"inception-a0a74d67-59be-4eeb-aa26-256c8e304173":["image-1db96685-2b68-4f13-85c3-ce8f412052db","text-802eef29-26eb-447e-a6e2-ab1f4c439d45","text-1e558c87-e011-4d1d-98a4-ba5976d0e566"],"inception-98f2bfbf-3972-4f30-8bc7-eab19fd6d9d9":["text-88223e22-985e-46b6-abc6-ab844dee144c","text-944d2fcb-cbc4-4e54-8559-5cf0d99ee8c3","text-1c7cdacf-bd34-41a9-91a5-9ca574550e1c","text-0571bfc0-2146-4b1e-95a8-4daa1d158539"],"inception-253aeee3-b5d9-4879-9f27-6df87f91a9a3":["text-7b502fa7-6a39-47fd-87d4-94d59335beca"],"inception-335a5a8c-aa1e-4e5e-99c1-dbd1d71ad723":[],"inception-5fb63eb6-bf4e-41da-8d14-cf1379e55a71":["image-5115ec42-4a2f-4095-ad30-6aafce6d6875","text-05c75eeb-d396-482d-bb70-f67932e8647c","inception-335a5a8c-aa1e-4e5e-99c1-dbd1d71ad723"]}}