{"blocks":{"text-27a20aed-a6c1-45e6-ad75-4daf5bf4040b":{"type":"text","data":{"fontSize":"42","textAlign":"center","alignItems":"center","fontWeight":"500","boxShadow":"none","borderRadius":"0px","fontColor":"#000000","backgroundColor":"transparent","text":"<h2>W</h2>","textShadow":"2px 2px #565656"}},"text-4748966c-2b06-4e3f-8627-0a487fed8c33":{"type":"text","data":{"fontSize":"52","textAlign":"left","alignItems":"center","fontWeight":"900","boxShadow":"none","borderRadius":"0px","fontColor":"#000000","backgroundColor":"transparent","text":"<h1><strong>SHIFTING BRANDS FROM&nbsp;</strong></h1><h1><strong>GIVING UP TO MOVING</strong></h1><h1><strong>&nbsp;FORWARD.</strong></h1>"}},"inception-434af8dd-8d65-4bd8-9743-2daa4b861c05":{"type":"inception","data":{"border":"0px solid black","boxShadow":"none","borderRadius":"0px","backgroundColor":"transparent"}},"inception-2b7cca7a-9c74-4405-b66a-55dd25e019b9":{"type":"inception","data":{"border":"0px solid black","boxShadow":"none","borderRadius":"0px","backgroundColor":"#292929"}},"inception-4973e66a-6eb5-4c5c-bdea-feb35e73b966":{"type":"inception","data":{"border":"0px solid black","boxShadow":"none","borderRadius":"0px","backgroundColor":"#000000"}},"inception-58d2c555-e7f0-449b-bbc4-ef585ee76238":{"type":"inception","data":{"border":"0px solid black","boxShadow":"none","borderRadius":"0px","backgroundColor":"#000000"}},"inception-dfd2aee4-12f9-496e-b3ae-2b6ea9c0cc1a":{"type":"inception","data":{"border":"0px solid black","boxShadow":"none","borderRadius":"0px","backgroundColor":"#000000"}},"inception-a90eaefb-53bb-4c45-b035-27edcf26c648":{"type":"inception","data":{"border":"0px solid black","boxShadow":"none","borderRadius":"0px","backgroundColor":"#000000"}},"image-fa548ecc-25c3-458a-a8f5-b987da77baff":{"type":"image","data":{"boxShadow":"none","borderRadius":"0px","imageUrl":"https://www.seekpng.com/png/full/1-15578_nike-logo-png-nike-logo-white-png.png"}},"image-2dc4f588-6034-4531-8910-dd1d42782700":{"type":"image","data":{"boxShadow":"none","borderRadius":"0px","imageUrl":"https://storage.googleapis.com/pr-newsroom-wp/1/2018/11/Spotify_Logo_RGB_White.png"}},"image-e6fb4ec0-becb-4b58-b6dd-769d90e3dd72":{"type":"image","data":{"boxShadow":"none","borderRadius":"0px","imageUrl":"https://cdn.kustomerhostedcontent.com/media/5aecd7338a0607779d1ec9cc/9bfa468a94a8b1498236c738b243321c.png"}},"inception-8d11f887-8e72-4a75-b7da-957f78af5b70":{"type":"inception","data":{"border":"0px solid black","boxShadow":"none","borderRadius":"0px","backgroundColor":"#000000"}},"image-32bc6396-dd8c-46d0-98e0-1056ea214f43":{"type":"image","data":{"boxShadow":"none","borderRadius":"0px","imageUrl":"https://pngimg.com/uploads/walt_disney/walt_disney_PNG3.png"}},"inception-d516fc71-18bb-4118-89bd-19d6be5fb0b3":{"type":"inception","data":{"border":"0px solid black","boxShadow":"none","borderRadius":"0px","backgroundColor":"#000000"}},"image-27ebe235-58fd-42d7-b68e-0f8a5566941a":{"type":"image","data":{"boxShadow":"none","borderRadius":"0px","imageUrl":"https://pngimg.com/uploads/tesla_logo/tesla_logo_PNG18.png"}},"inception-f9b074f8-b15a-4e65-b4e4-66131e65a380":{"type":"inception","data":{"border":"0px solid black","boxShadow":"none","borderRadius":"0px","backgroundColor":"#000000"}},"image-e69ee178-4d27-42bf-8efa-c6ed96c68446":{"type":"image","data":{"boxShadow":"none","borderRadius":"0px","imageUrl":"https://www.pikpng.com/pngl/b/481-4819263_product-hunt-logo-white-clipart.png"}},"inception-bd46d961-676a-4e2b-a030-5f64e4219964":{"type":"inception","data":{"border":"0px solid black","boxShadow":"none","borderRadius":"0px","backgroundColor":"#000000"}},"image-c79806ce-e076-42b5-9227-403891131e68":{"type":"image","data":{"boxShadow":"none","borderRadius":"0px","imageUrl":"https://theme.zdassets.com/theme_assets/574945/77036ea3eede4ba43f61cd7fc708d0e161c8710c.png"}},"inception-9428bb4d-bca1-4158-9743-7478bc1e3cec":{"type":"inception","data":{"border":"0px solid black","boxShadow":"none","borderRadius":"0px","backgroundColor":"#000000"}},"image-ac8fea2b-915b-41e8-b34f-430b0336f924":{"type":"image","data":{"boxShadow":"none","borderRadius":"0px","imageUrl":"https://1l84rj2eepdd3xktbl163vrw-wpengine.netdna-ssl.com/wp-content/uploads/2018/10/invision_logo_white-e1544217499126.png"}},"image-bccf85ff-c346-4c66-8d28-ab23c4097cdf":{"type":"image","data":{"boxShadow":"none","borderRadius":"0px","imageUrl":"https://emea.landor.com/culture/wp-content/uploads/sites/17/2020/04/LANDOR_WHITE_RGB.png"}},"image-0f97e972-1500-432c-9882-9abdda08d594":{"type":"image","data":{"boxShadow":"none","borderRadius":"20px","imageUrl":"https://images.unsplash.com/photo-1611162617213-7d7a39e9b1d7?ixid=MXwxMjA3fDB8MHxwaG90by1wYWdlfHx8fGVufDB8fHw%3D&ixlib=rb-1.2.1&auto=format&fit=crop&w=1567&q=80"}},"inception-7b3b60b9-def6-4379-9c5c-bacebe706872":{"type":"inception","data":{"border":"0px solid black","boxShadow":"none","borderRadius":"0px","backgroundColor":"transparent"}},"image-cd3aac65-4282-4778-8b8f-eefae2e08e83":{"type":"image","data":{"boxShadow":"none","borderRadius":"20px","imageUrl":"https://images.unsplash.com/photo-1611162616475-46b635cb6868?ixlib=rb-1.2.1&ixid=MXwxMjA3fDB8MHxwaG90by1wYWdlfHx8fGVufDB8fHw%3D&auto=format&fit=crop&w=1567&q=80"}},"image-32c0f9e8-1a4f-43c2-96ff-3f9afd6d7c0b":{"type":"image","data":{"boxShadow":"none","borderRadius":"20px","imageUrl":"https://images.unsplash.com/photo-1611606063065-ee7946f0787a?ixid=MXwxMjA3fDB8MHxwaG90by1wYWdlfHx8fGVufDB8fHw%3D&ixlib=rb-1.2.1&auto=format&fit=crop&w=1567&q=80"}},"image-f9198061-ebc4-47fd-a1cf-eae51508ac36":{"type":"image","data":{"boxShadow":"none","borderRadius":"20px","imageUrl":"https://images.unsplash.com/photo-1611944212129-29977ae1398c?ixlib=rb-1.2.1&ixid=MXwxMjA3fDB8MHxwaG90by1wYWdlfHx8fGVufDB8fHw%3D&auto=format&fit=crop&w=1567&q=80"}},"image-c25f9703-b20a-4b95-885d-57587d786703":{"type":"image","data":{"boxShadow":"none","borderRadius":"20px","imageUrl":"https://images.unsplash.com/photo-1611262588024-d12430b98920?ixid=MXwxMjA3fDB8MHxwaG90by1wYWdlfHx8fGVufDB8fHw%3D&ixlib=rb-1.2.1&auto=format&fit=crop&w=1567&q=80"}},"text-63064cf7-6637-4253-986f-7682757f97a9":{"type":"text","data":{"fontSize":"52","textAlign":"left","alignItems":"center","fontWeight":"700","boxShadow":"none","borderRadius":"0px","fontColor":"#000000","backgroundColor":"transparent","text":"<h3>Up to Date with New Trends</h3>"}},"inception-6dd0b93b-790a-4ca6-9baf-0f53a089787d":{"type":"inception","data":{"border":"0px solid black","boxShadow":"none","borderRadius":"0px","backgroundColor":"#000000"}},"text-60e0c9fc-dacd-4e70-bfb8-6b07e44be6e0":{"type":"text","data":{"fontSize":"18","textAlign":"left","alignItems":"center","fontWeight":"700","boxShadow":"none","borderRadius":"0px","fontColor":"#FFFFFF","backgroundColor":"transparent","text":"<h4><span style=\"color: rgb(255, 255, 255);\">Be in touch</span></h4>"}},"text-b795f6fe-105b-41ab-9045-c534b802240c":{"type":"text","data":{"fontSize":"42","textAlign":"center","alignItems":"center","fontWeight":"900","boxShadow":"none","borderRadius":"0px","fontColor":"#FFFFFF","backgroundColor":"transparent","text":"<h4><strong style=\"color: rgb(255, 255, 255);\">TW</strong></h4>"}},"inception-a23fada4-1445-4411-a9ac-33795a7efdaa":{"type":"inception","data":{"border":"0px solid black","boxShadow":"none","borderRadius":"0px","backgroundColor":"#4CB0EA"}},"text-a93a733e-a15a-45e1-b268-b1c6c7a4fbc0":{"type":"text","data":{"fontSize":"52","textAlign":"left","alignItems":"center","fontWeight":"700","boxShadow":"none","borderRadius":"0px","fontColor":"#000000","backgroundColor":"transparent","text":"<h3>Helping Brands with new Designs</h3>"}},"inception-e5e4bcb3-061e-4220-849a-5bc3dbdeb25b":{"type":"inception","data":{"border":"0px solid black","boxShadow":"none","borderRadius":"0px","backgroundColor":"#693c72"}},"inception-de0f5026-c260-4f37-8084-83169ad4372c":{"type":"inception","data":{"border":"0px solid black","boxShadow":"none","borderRadius":"0px","backgroundColor":"#f7484e"}},"inception-adbac0b8-0733-47c3-852d-7ead6ed8cd4b":{"type":"inception","data":{"border":"0px solid black","boxShadow":"none","borderRadius":"0px","backgroundColor":"#00BA5E"}},"text-6cb7be82-66b3-4c8b-95fd-6b4539f0748b":{"type":"text","data":{"fontSize":"18","textAlign":"left","alignItems":"center","fontWeight":"500","boxShadow":"none","borderRadius":"0px","fontColor":"#FFFFFF","backgroundColor":"transparent","text":"<h5><span style=\"color: rgb(255, 255, 255);\">Available for remote work. Feel free to contact me.</span></h5>"}},"text-69f0712a-5391-419a-bba2-00a0247befdd":{"type":"text","data":{"fontSize":"12","textAlign":"left","alignItems":"center","fontWeight":"700","boxShadow":"none","borderRadius":"0px","fontColor":"#FFFFFF","backgroundColor":"transparent","text":"<h6><span style=\"color: rgb(255, 255, 255);\">example@gmail.com</span></h6>"}},"text-e8f37042-0875-455a-8a7d-68de6dfe169e":{"type":"text","data":{"fontSize":"42","textAlign":"center","alignItems":"center","fontWeight":"900","boxShadow":"none","borderRadius":"0px","fontColor":"#FFFFFF","backgroundColor":"transparent","text":"<h4><strong style=\"color: rgb(255, 255, 255);\">IG</strong></h4>"}},"text-c166baeb-05f7-4c54-9563-8d605e89987e":{"type":"text","data":{"fontSize":"42","textAlign":"center","alignItems":"center","fontWeight":"900","boxShadow":"none","borderRadius":"0px","fontColor":"#FFFFFF","backgroundColor":"transparent","text":"<h4><strong style=\"color: rgb(255, 255, 255);\">LN</strong></h4>"}},"text-9fad6083-1f9c-466b-ba2f-d3c37a6bba6d":{"type":"text","data":{"fontSize":"42","textAlign":"center","alignItems":"center","fontWeight":"900","boxShadow":"none","borderRadius":"0px","fontColor":"#FFFFFF","backgroundColor":"transparent","text":"<h4><strong style=\"color: rgb(255, 255, 255);\">BE</strong></h4>"}}},"hierarchy":{"inception-08b007e3-1549-4e10-bb25-fae15a6e7829":[],"inception-434af8dd-8d65-4bd8-9743-2daa4b861c05":["inception-2b7cca7a-9c74-4405-b66a-55dd25e019b9","image-9f649b18-22a4-48ca-8990-9fd74b1d09a2","image-9f71f3be-03fd-4f26-9d04-64ca948bfb02","inception-4973e66a-6eb5-4c5c-bdea-feb35e73b966","inception-58d2c555-e7f0-449b-bbc4-ef585ee76238","inception-dfd2aee4-12f9-496e-b3ae-2b6ea9c0cc1a"],"inception-2b7cca7a-9c74-4405-b66a-55dd25e019b9":["image-efa6a3b1-cc78-463c-a4ef-747f63f89fea","image-2dc4f588-6034-4531-8910-dd1d42782700","image-e6fb4ec0-becb-4b58-b6dd-769d90e3dd72","inception-8d11f887-8e72-4a75-b7da-957f78af5b70","inception-a90eaefb-53bb-4c45-b035-27edcf26c648","inception-d516fc71-18bb-4118-89bd-19d6be5fb0b3","inception-f9b074f8-b15a-4e65-b4e4-66131e65a380","inception-9428bb4d-bca1-4158-9743-7478bc1e3cec","inception-bd46d961-676a-4e2b-a030-5f64e4219964","image-fa548ecc-25c3-458a-a8f5-b987da77baff"],"inception-4973e66a-6eb5-4c5c-bdea-feb35e73b966":[],"inception-58d2c555-e7f0-449b-bbc4-ef585ee76238":[],"inception-8d11f887-8e72-4a75-b7da-957f78af5b70":["image-32bc6396-dd8c-46d0-98e0-1056ea214f43"],"inception-a90eaefb-53bb-4c45-b035-27edcf26c648":["image-9296ecfa-440d-49c6-863d-9195fd600346","image-bccf85ff-c346-4c66-8d28-ab23c4097cdf"],"inception-d516fc71-18bb-4118-89bd-19d6be5fb0b3":["inception-d91b709f-35f2-410f-a628-df895a3289f8","image-27ebe235-58fd-42d7-b68e-0f8a5566941a"],"inception-f9b074f8-b15a-4e65-b4e4-66131e65a380":["image-e69ee178-4d27-42bf-8efa-c6ed96c68446"],"inception-bd46d961-676a-4e2b-a030-5f64e4219964":["image-c79806ce-e076-42b5-9227-403891131e68"],"inception-9428bb4d-bca1-4158-9743-7478bc1e3cec":["image-ac8fea2b-915b-41e8-b34f-430b0336f924"],"inception-7b3b60b9-def6-4379-9c5c-bacebe706872":["image-0f97e972-1500-432c-9882-9abdda08d594","image-cd3aac65-4282-4778-8b8f-eefae2e08e83","image-32c0f9e8-1a4f-43c2-96ff-3f9afd6d7c0b","image-f9198061-ebc4-47fd-a1cf-eae51508ac36","image-c25f9703-b20a-4b95-885d-57587d786703","text-e5715dfd-0734-4538-b0c0-b954b24436f2","text-63064cf7-6637-4253-986f-7682757f97a9","text-ebd6ad64-b368-4411-a09d-f72076f46dbc","text-a93a733e-a15a-45e1-b268-b1c6c7a4fbc0"],"inception-6dd0b93b-790a-4ca6-9baf-0f53a089787d":["text-60e0c9fc-dacd-4e70-bfb8-6b07e44be6e0","text-b795f6fe-105b-41ab-9045-c534b802240c","text-d7bd61f9-9a21-4cf0-b3b6-182684b22eb7","text-0a6e7159-ba9a-4713-a457-4b05263c4ef6","text-5cffcb37-8e77-4981-a25a-b06fd0dc4239","inception-a23fada4-1445-4411-a9ac-33795a7efdaa","inception-e5e4bcb3-061e-4220-849a-5bc3dbdeb25b","inception-de0f5026-c260-4f37-8084-83169ad4372c","inception-adbac0b8-0733-47c3-852d-7ead6ed8cd4b","text-6cb7be82-66b3-4c8b-95fd-6b4539f0748b","text-69f0712a-5391-419a-bba2-00a0247befdd","text-e8f37042-0875-455a-8a7d-68de6dfe169e","text-c166baeb-05f7-4c54-9563-8d605e89987e","text-9fad6083-1f9c-466b-ba2f-d3c37a6bba6d"],"text-e8f37042-0875-455a-8a7d-68de6dfe169e":[],"text-c166baeb-05f7-4c54-9563-8d605e89987e":[],"text-9fad6083-1f9c-466b-ba2f-d3c37a6bba6d":[]},"layouts":{"text-27a20aed-a6c1-45e6-ad75-4daf5bf4040b":{"x":3.0277777777777795,"y":1.1666666666666674,"i":"text-27a20aed-a6c1-45e6-ad75-4daf5bf4040b","w":11.664494408501518,"h":13.472221162584093},"text-4748966c-2b06-4e3f-8627-0a487fed8c33":{"x":12.444444444444445,"y":16.444444444444446,"i":"text-4748966c-2b06-4e3f-8627-0a487fed8c33","w":133.99956597222223,"h":45.833333333333336},"inception-434af8dd-8d65-4bd8-9743-2daa4b861c05":{"x":0,"y":81,"i":"inception-434af8dd-8d65-4bd8-9743-2daa4b861c05","w":200,"h":192},"inception-2b7cca7a-9c74-4405-b66a-55dd25e019b9":{"x":0,"y":103.66638865721434,"i":"inception-2b7cca7a-9c74-4405-b66a-55dd25e019b9","w":200,"h":170.33361134278564},"inception-4973e66a-6eb5-4c5c-bdea-feb35e73b966":{"x":12.333611342785654,"y":84.16680567139282,"i":"inception-4973e66a-6eb5-4c5c-bdea-feb35e73b966","w":55,"h":55},"inception-58d2c555-e7f0-449b-bbc4-ef585ee76238":{"x":73.16680567139282,"y":84.16680567139282,"i":"inception-58d2c555-e7f0-449b-bbc4-ef585ee76238","w":55,"h":55},"inception-dfd2aee4-12f9-496e-b3ae-2b6ea9c0cc1a":{"x":133.1668056713928,"y":84,"i":"inception-dfd2aee4-12f9-496e-b3ae-2b6ea9c0cc1a","w":55,"h":55},"inception-a90eaefb-53bb-4c45-b035-27edcf26c648":{"x":134,"y":143.6663886572142,"i":"inception-a90eaefb-53bb-4c45-b035-27edcf26c648","w":55,"h":55},"image-fa548ecc-25c3-458a-a8f5-b987da77baff":{"x":22.998331943286072,"y":103.16597164303586,"i":"image-fa548ecc-25c3-458a-a8f5-b987da77baff","w":38.50625521267723,"h":13.668890742285237},"image-2dc4f588-6034-4531-8910-dd1d42782700":{"x":80.16680567139284,"y":106.66638865721436,"i":"image-2dc4f588-6034-4531-8910-dd1d42782700","w":38,"h":11},"image-e6fb4ec0-becb-4b58-b6dd-769d90e3dd72":{"x":143.33361134278564,"y":105.66638865721434,"i":"image-e6fb4ec0-becb-4b58-b6dd-769d90e3dd72","w":36,"h":11},"inception-8d11f887-8e72-4a75-b7da-957f78af5b70":{"x":73.16680567139282,"y":143.6663886572142,"i":"inception-8d11f887-8e72-4a75-b7da-957f78af5b70","w":55,"h":55},"image-32bc6396-dd8c-46d0-98e0-1056ea214f43":{"x":79.16680567139282,"y":164.66638865721444,"i":"image-32bc6396-dd8c-46d0-98e0-1056ea214f43","w":43,"h":18},"inception-d516fc71-18bb-4118-89bd-19d6be5fb0b3":{"x":12.333611342785654,"y":143.6663886572142,"i":"inception-d516fc71-18bb-4118-89bd-19d6be5fb0b3","w":55,"h":55},"image-27ebe235-58fd-42d7-b68e-0f8a5566941a":{"x":26.333611342785655,"y":158.6663886572143,"i":"image-27ebe235-58fd-42d7-b68e-0f8a5566941a","w":27,"h":25},"inception-f9b074f8-b15a-4e65-b4e4-66131e65a380":{"x":73,"y":203.66638865721436,"i":"inception-f9b074f8-b15a-4e65-b4e4-66131e65a380","w":55,"h":55},"image-e69ee178-4d27-42bf-8efa-c6ed96c68446":{"x":78.99999999999999,"y":225.66638865721436,"i":"image-e69ee178-4d27-42bf-8efa-c6ed96c68446","w":43,"h":10},"inception-bd46d961-676a-4e2b-a030-5f64e4219964":{"x":135.50125104253544,"y":204.66722268557132,"i":"inception-bd46d961-676a-4e2b-a030-5f64e4219964","w":55,"h":55},"image-c79806ce-e076-42b5-9227-403891131e68":{"x":145.50125104253564,"y":228.6672226855713,"i":"image-c79806ce-e076-42b5-9227-403891131e68","w":38,"h":6},"inception-9428bb4d-bca1-4158-9743-7478bc1e3cec":{"x":12.166805671392828,"y":203.66638865721436,"i":"inception-9428bb4d-bca1-4158-9743-7478bc1e3cec","w":55,"h":55},"image-ac8fea2b-915b-41e8-b34f-430b0336f924":{"x":22.16680567139283,"y":226.66638865721436,"i":"image-ac8fea2b-915b-41e8-b34f-430b0336f924","w":29,"h":9},"image-bccf85ff-c346-4c66-8d28-ab23c4097cdf":{"x":142.9999999999999,"y":167.6663886572142,"i":"image-bccf85ff-c346-4c66-8d28-ab23c4097cdf","w":40,"h":13},"image-0f97e972-1500-432c-9882-9abdda08d594":{"x":12,"y":302,"i":"image-0f97e972-1500-432c-9882-9abdda08d594","w":175,"h":100},"inception-7b3b60b9-def6-4379-9c5c-bacebe706872":{"x":0,"y":274,"i":"inception-7b3b60b9-def6-4379-9c5c-bacebe706872","w":200,"h":208},"image-cd3aac65-4282-4778-8b8f-eefae2e08e83":{"x":4,"y":434,"i":"image-cd3aac65-4282-4778-8b8f-eefae2e08e83","w":45,"h":35},"image-32c0f9e8-1a4f-43c2-96ff-3f9afd6d7c0b":{"x":103,"y":434,"i":"image-32c0f9e8-1a4f-43c2-96ff-3f9afd6d7c0b","w":45,"h":35},"image-f9198061-ebc4-47fd-a1cf-eae51508ac36":{"x":54,"y":434,"i":"image-f9198061-ebc4-47fd-a1cf-eae51508ac36","w":45,"h":35},"image-c25f9703-b20a-4b95-885d-57587d786703":{"x":152,"y":434,"i":"image-c25f9703-b20a-4b95-885d-57587d786703","w":45,"h":35},"text-63064cf7-6637-4253-986f-7682757f97a9":{"x":61.13652580854416,"y":411.69361041608744,"i":"text-63064cf7-6637-4253-986f-7682757f97a9","w":87.37233646673154,"h":13.177648040033361},"inception-6dd0b93b-790a-4ca6-9baf-0f53a089787d":{"x":0,"y":483,"i":"inception-6dd0b93b-790a-4ca6-9baf-0f53a089787d","w":200,"h":74},"text-60e0c9fc-dacd-4e70-bfb8-6b07e44be6e0":{"x":7.998609952738392,"y":494.75,"i":"text-60e0c9fc-dacd-4e70-bfb8-6b07e44be6e0","w":30.416666666666664,"h":8.333333333333334},"text-b795f6fe-105b-41ab-9045-c534b802240c":{"x":8.054443517746268,"y":503.69444444444434,"i":"text-b795f6fe-105b-41ab-9045-c534b802240c","w":11.861200134677514,"h":10.008340283569641},"inception-a23fada4-1445-4411-a9ac-33795a7efdaa":{"x":18,"y":509,"i":"inception-a23fada4-1445-4411-a9ac-33795a7efdaa","w":2,"h":2},"text-a93a733e-a15a-45e1-b268-b1c6c7a4fbc0":{"x":53.29888332869985,"y":282.3333333333333,"i":"text-a93a733e-a15a-45e1-b268-b1c6c7a4fbc0","w":103.01174734732646,"h":13.177648040033361},"inception-e5e4bcb3-061e-4220-849a-5bc3dbdeb25b":{"x":56.669724770642205,"y":509.3336113427856,"i":"inception-e5e4bcb3-061e-4220-849a-5bc3dbdeb25b","w":2,"h":2},"inception-de0f5026-c260-4f37-8084-83169ad4372c":{"x":43.168473728106754,"y":509,"i":"inception-de0f5026-c260-4f37-8084-83169ad4372c","w":2,"h":2},"inception-adbac0b8-0733-47c3-852d-7ead6ed8cd4b":{"x":30.000834028356962,"y":509,"i":"inception-adbac0b8-0733-47c3-852d-7ead6ed8cd4b","w":2,"h":2},"text-6cb7be82-66b3-4c8b-95fd-6b4539f0748b":{"x":7.000000000000001,"y":521.9999999999999,"i":"text-6cb7be82-66b3-4c8b-95fd-6b4539f0748b","w":82.1700737304235,"h":8.507089241034196},"text-69f0712a-5391-419a-bba2-00a0247befdd":{"x":7.416666666666666,"y":529.8611111111111,"i":"text-69f0712a-5391-419a-bba2-00a0247befdd","w":37.99913194444444,"h":6.388888888888888},"text-e8f37042-0875-455a-8a7d-68de6dfe169e":{"x":21.63902789361505,"y":503.5555555555556,"i":"text-e8f37042-0875-455a-8a7d-68de6dfe169e","w":10.19314236111111,"h":8.333333333333334},"text-c166baeb-05f7-4c54-9563-8d605e89987e":{"x":33.6672226855713,"y":503.5555555555556,"i":"text-c166baeb-05f7-4c54-9563-8d605e89987e","w":11.360782060860902,"h":10.008340283569641},"text-9fad6083-1f9c-466b-ba2f-d3c37a6bba6d":{"x":46.44569548697989,"y":503.5555555555556,"i":"text-9fad6083-1f9c-466b-ba2f-d3c37a6bba6d","w":11.694393403646558,"h":10.008340283569641}},"mobileLayout":{"text-27a20aed-a6c1-45e6-ad75-4daf5bf4040b":{"x":1.0277777777777786,"y":0.3333333333333341,"i":"text-27a20aed-a6c1-45e6-ad75-4daf5bf4040b","w":11.670445702999716,"h":12.510425354462052},"text-4748966c-2b06-4e3f-8627-0a487fed8c33":{"x":5.945945945945946,"y":29.972972972972965,"i":"text-4748966c-2b06-4e3f-8627-0a487fed8c33","w":88.42484441117254,"h":160.8108108108108},"inception-434af8dd-8d65-4bd8-9743-2daa4b861c05":{"x":0,"y":0,"i":"inception-434af8dd-8d65-4bd8-9743-2daa4b861c05","w":200,"h":192},"inception-2b7cca7a-9c74-4405-b66a-55dd25e019b9":{"x":0,"y":256.52816536302765,"i":"inception-2b7cca7a-9c74-4405-b66a-55dd25e019b9","w":200,"h":170},"inception-4973e66a-6eb5-4c5c-bdea-feb35e73b966":{"x":7.461127516173389,"y":243.1433627121702,"w":33.33819849874896,"h":33.31526271893244,"i":"inception-4973e66a-6eb5-4c5c-bdea-feb35e73b966"},"inception-58d2c555-e7f0-449b-bbc4-ef585ee76238":{"x":32.580066722268555,"y":414.7800870094448,"w":33.33819849874896,"h":33.315262718932445,"i":"inception-58d2c555-e7f0-449b-bbc4-ef585ee76238"},"inception-dfd2aee4-12f9-496e-b3ae-2b6ea9c0cc1a":{"x":54.740200166805664,"y":242.87309244189981,"w":33.33819849874896,"h":33.315262718932445,"i":"inception-dfd2aee4-12f9-496e-b3ae-2b6ea9c0cc1a"},"inception-a90eaefb-53bb-4c45-b035-27edcf26c648":{"x":54.82318598832361,"y":328.7216599418434,"w":33.33819849874895,"h":33.315262718932445,"i":"inception-a90eaefb-53bb-4c45-b035-27edcf26c648"},"image-fa548ecc-25c3-458a-a8f5-b987da77baff":{"x":13.500834028356964,"y":257.0285823772063,"w":23.089658048373646,"h":8.164303586321935,"i":"image-fa548ecc-25c3-458a-a8f5-b987da77baff"},"image-2dc4f588-6034-4531-8910-dd1d42782700":{"x":37.58131776480401,"y":428.0018934697833,"w":22.836530442035027,"h":6.9966638865721436,"i":"image-2dc4f588-6034-4531-8910-dd1d42782700"},"image-e6fb4ec0-becb-4b58-b6dd-769d90e3dd72":{"x":61.49165971643036,"y":257.36052566327805,"w":20.335279399499584,"h":6.329441201000834,"i":"image-e6fb4ec0-becb-4b58-b6dd-769d90e3dd72"},"inception-8d11f887-8e72-4a75-b7da-957f78af5b70":{"x":54.59841534612177,"y":286.0194080652797,"w":33.33819849874896,"h":33.315262718932445,"i":"inception-8d11f887-8e72-4a75-b7da-957f78af5b70"},"image-32bc6396-dd8c-46d0-98e0-1056ea214f43":{"x":59.266472060050035,"y":297.6782904672816,"w":24.502502085070894,"h":10.160133444537115,"i":"image-32bc6396-dd8c-46d0-98e0-1056ea214f43"},"inception-d516fc71-18bb-4118-89bd-19d6be5fb0b3":{"x":7.834862385321101,"y":285.8526023938869,"w":33.33819849874896,"h":33.31526271893244,"i":"inception-d516fc71-18bb-4118-89bd-19d6be5fb0b3"},"image-27ebe235-58fd-42d7-b68e-0f8a5566941a":{"x":16.00250208507089,"y":293.0127358384239,"w":17.33653044203503,"h":19.32860717264387,"i":"image-27ebe235-58fd-42d7-b68e-0f8a5566941a"},"inception-f9b074f8-b15a-4e65-b4e4-66131e65a380":{"x":7.976230191826521,"y":328.8384239118184,"w":33.33819849874896,"h":33.315262718932445,"i":"inception-f9b074f8-b15a-4e65-b4e4-66131e65a380"},"image-e69ee178-4d27-42bf-8efa-c6ed96c68446":{"x":11.476647206005005,"y":341.49730631382,"w":27.004587155963304,"h":6.330275229357799,"i":"image-e69ee178-4d27-42bf-8efa-c6ed96c68446"},"inception-bd46d961-676a-4e2b-a030-5f64e4219964":{"x":55.07339449541285,"y":371.3738701169894,"w":33.33819849874896,"h":33.315262718932445,"i":"inception-bd46d961-676a-4e2b-a030-5f64e4219964"},"image-c79806ce-e076-42b5-9227-403891131e68":{"x":59.072560467055936,"y":386.1995581903842,"w":25.505421184320266,"h":3.998331943286072,"i":"image-c79806ce-e076-42b5-9227-403891131e68"},"inception-9428bb4d-bca1-4158-9743-7478bc1e3cec":{"x":8.085070892410341,"y":371.2070644455966,"w":33.50500417014179,"h":33.315262718932445,"i":"inception-9428bb4d-bca1-4158-9743-7478bc1e3cec"},"image-ac8fea2b-915b-41e8-b34f-430b0336f924":{"x":14.419516263552964,"y":384.6991411762058,"w":20.505004170141785,"h":6.49791492910759,"i":"image-ac8fea2b-915b-41e8-b34f-430b0336f924"},"image-bccf85ff-c346-4c66-8d28-ab23c4097cdf":{"x":58.65596330275221,"y":340.8784572729526,"w":26.33861551292744,"h":8.996663886572144,"i":"image-bccf85ff-c346-4c66-8d28-ab23c4097cdf"},"image-0f97e972-1500-432c-9882-9abdda08d594":{"x":6.810810810810811,"y":529.6832044721955,"w":87.22972972972973,"h":94.32432432432434,"i":"image-0f97e972-1500-432c-9882-9abdda08d594"},"inception-7b3b60b9-def6-4379-9c5c-bacebe706872":{"x":0,"y":478.7102314992223,"w":100,"h":426.1081081081081,"i":"inception-7b3b60b9-def6-4379-9c5c-bacebe706872"},"image-cd3aac65-4282-4778-8b8f-eefae2e08e83":{"x":20.648648648648646,"y":681.9534747424657,"w":62.229729729729726,"h":39.05405405405405,"i":"image-cd3aac65-4282-4778-8b8f-eefae2e08e83"},"image-32c0f9e8-1a4f-43c2-96ff-3f9afd6d7c0b":{"x":20.41891891891892,"y":793.0345558235468,"w":62.22972972972973,"h":37.972972972972975,"i":"image-32c0f9e8-1a4f-43c2-96ff-3f9afd6d7c0b"},"image-f9198061-ebc4-47fd-a1cf-eae51508ac36":{"x":20.783783783783786,"y":738.1696909586819,"w":62.22972972972973,"h":37.97297297297297,"i":"image-f9198061-ebc4-47fd-a1cf-eae51508ac36"},"image-c25f9703-b20a-4b95-885d-57587d786703":{"x":20.59459459459459,"y":846.8183396073306,"w":62.77027027027027,"h":37.7027027027027,"i":"image-c25f9703-b20a-4b95-885d-57587d786703"},"text-63064cf7-6637-4253-986f-7682757f97a9":{"x":7.730537772968971,"y":646.7374532580955,"w":65.27803532982001,"h":22.7027027027027,"i":"text-63064cf7-6637-4253-986f-7682757f97a9"},"inception-6dd0b93b-790a-4ca6-9baf-0f53a089787d":{"x":0,"y":922.5349728377251,"w":100,"h":74,"i":"inception-6dd0b93b-790a-4ca6-9baf-0f53a089787d"},"text-60e0c9fc-dacd-4e70-bfb8-6b07e44be6e0":{"x":3.498887962190714,"y":931.4449935757275,"w":44.29608664127012,"h":7.5675675675675675,"i":"text-60e0c9fc-dacd-4e70-bfb8-6b07e44be6e0"},"text-b795f6fe-105b-41ab-9045-c534b802240c":{"x":37.05474469465296,"y":944.5638626533122,"w":10.267547523552267,"h":8.17347789824854,"i":"text-b795f6fe-105b-41ab-9045-c534b802240c"},"inception-a23fada4-1445-4411-a9ac-33795a7efdaa":{"x":11.50208507089241,"y":948.8685841805107,"w":2.334445371142619,"h":2.333611342785655,"i":"inception-a23fada4-1445-4411-a9ac-33795a7efdaa"},"text-a93a733e-a15a-45e1-b268-b1c6c7a4fbc0":{"x":9.234027918660951,"y":494.84127914403155,"w":72.98999332292048,"h":22.70266971072635,"i":"text-a93a733e-a15a-45e1-b268-b1c6c7a4fbc0"},"inception-e5e4bcb3-061e-4220-849a-5bc3dbdeb25b":{"x":45.34904086738949,"y":949.3690011946892,"w":2.334445371142619,"h":2.333611342785655,"i":"inception-e5e4bcb3-061e-4220-849a-5bc3dbdeb25b"},"inception-de0f5026-c260-4f37-8084-83169ad4372c":{"x":32.59341117597999,"y":949.2021955232963,"w":2.334445371142619,"h":2.333611342785655,"i":"inception-de0f5026-c260-4f37-8084-83169ad4372c"},"inception-adbac0b8-0733-47c3-852d-7ead6ed8cd4b":{"x":21.172226855713095,"y":949.0353898519035,"w":2.334445371142619,"h":2.333611342785655,"i":"inception-adbac0b8-0733-47c3-852d-7ead6ed8cd4b"},"text-6cb7be82-66b3-4c8b-95fd-6b4539f0748b":{"x":3.1663886572143456,"y":961.5349728377251,"w":80.19803643692691,"h":11.35135135135135,"i":"text-6cb7be82-66b3-4c8b-95fd-6b4539f0748b"},"text-69f0712a-5391-419a-bba2-00a0247befdd":{"x":3.438063063063063,"y":979.6431366729533,"w":37.83395499009748,"h":4.594594594594595,"i":"text-69f0712a-5391-419a-bba2-00a0247befdd"},"text-e8f37042-0875-455a-8a7d-68de6dfe169e":{"x":26.309223840187144,"y":944.2581680930306,"w":8.933101622590584,"h":8.17347789824854,"i":"text-e8f37042-0875-455a-8a7d-68de6dfe169e"},"text-c166baeb-05f7-4c54-9563-8d605e89987e":{"x":3.822768974145119,"y":943.9245567502448,"w":9.850532815251135,"h":8.17347789824854,"i":"text-c166baeb-05f7-4c54-9563-8d605e89987e"},"text-9fad6083-1f9c-466b-ba2f-d3c37a6bba6d":{"x":14.692540956302418,"y":943.9245567502448,"w":9.850532815251137,"h":8.17347789824854,"i":"text-9fad6083-1f9c-466b-ba2f-d3c37a6bba6d"}},"mobileHierarchy":{"inception-08b007e3-1549-4e10-bb25-fae15a6e7829":[],"inception-434af8dd-8d65-4bd8-9743-2daa4b861c05":["inception-2b7cca7a-9c74-4405-b66a-55dd25e019b9","image-9f649b18-22a4-48ca-8990-9fd74b1d09a2","image-9f71f3be-03fd-4f26-9d04-64ca948bfb02","inception-4973e66a-6eb5-4c5c-bdea-feb35e73b966","inception-58d2c555-e7f0-449b-bbc4-ef585ee76238","inception-dfd2aee4-12f9-496e-b3ae-2b6ea9c0cc1a"],"inception-2b7cca7a-9c74-4405-b66a-55dd25e019b9":["image-efa6a3b1-cc78-463c-a4ef-747f63f89fea","image-2dc4f588-6034-4531-8910-dd1d42782700","image-e6fb4ec0-becb-4b58-b6dd-769d90e3dd72","inception-8d11f887-8e72-4a75-b7da-957f78af5b70","inception-a90eaefb-53bb-4c45-b035-27edcf26c648","inception-d516fc71-18bb-4118-89bd-19d6be5fb0b3","inception-f9b074f8-b15a-4e65-b4e4-66131e65a380","inception-9428bb4d-bca1-4158-9743-7478bc1e3cec","inception-bd46d961-676a-4e2b-a030-5f64e4219964","image-fa548ecc-25c3-458a-a8f5-b987da77baff"],"inception-4973e66a-6eb5-4c5c-bdea-feb35e73b966":[],"inception-58d2c555-e7f0-449b-bbc4-ef585ee76238":[],"inception-8d11f887-8e72-4a75-b7da-957f78af5b70":["image-32bc6396-dd8c-46d0-98e0-1056ea214f43"],"inception-a90eaefb-53bb-4c45-b035-27edcf26c648":["image-9296ecfa-440d-49c6-863d-9195fd600346","image-bccf85ff-c346-4c66-8d28-ab23c4097cdf"],"inception-d516fc71-18bb-4118-89bd-19d6be5fb0b3":["inception-d91b709f-35f2-410f-a628-df895a3289f8","image-27ebe235-58fd-42d7-b68e-0f8a5566941a"],"inception-f9b074f8-b15a-4e65-b4e4-66131e65a380":["image-e69ee178-4d27-42bf-8efa-c6ed96c68446"],"inception-bd46d961-676a-4e2b-a030-5f64e4219964":["image-c79806ce-e076-42b5-9227-403891131e68"],"inception-9428bb4d-bca1-4158-9743-7478bc1e3cec":["image-ac8fea2b-915b-41e8-b34f-430b0336f924"],"inception-7b3b60b9-def6-4379-9c5c-bacebe706872":["image-0f97e972-1500-432c-9882-9abdda08d594","image-cd3aac65-4282-4778-8b8f-eefae2e08e83","image-32c0f9e8-1a4f-43c2-96ff-3f9afd6d7c0b","image-f9198061-ebc4-47fd-a1cf-eae51508ac36","image-c25f9703-b20a-4b95-885d-57587d786703","text-e5715dfd-0734-4538-b0c0-b954b24436f2","text-63064cf7-6637-4253-986f-7682757f97a9","text-ebd6ad64-b368-4411-a09d-f72076f46dbc","text-a93a733e-a15a-45e1-b268-b1c6c7a4fbc0"],"inception-6dd0b93b-790a-4ca6-9baf-0f53a089787d":["text-60e0c9fc-dacd-4e70-bfb8-6b07e44be6e0","text-b795f6fe-105b-41ab-9045-c534b802240c","text-d7bd61f9-9a21-4cf0-b3b6-182684b22eb7","text-0a6e7159-ba9a-4713-a457-4b05263c4ef6","text-5cffcb37-8e77-4981-a25a-b06fd0dc4239","inception-a23fada4-1445-4411-a9ac-33795a7efdaa","inception-e5e4bcb3-061e-4220-849a-5bc3dbdeb25b","inception-de0f5026-c260-4f37-8084-83169ad4372c","inception-adbac0b8-0733-47c3-852d-7ead6ed8cd4b","text-6cb7be82-66b3-4c8b-95fd-6b4539f0748b","text-69f0712a-5391-419a-bba2-00a0247befdd","text-e8f37042-0875-455a-8a7d-68de6dfe169e","text-c166baeb-05f7-4c54-9563-8d605e89987e","text-9fad6083-1f9c-466b-ba2f-d3c37a6bba6d"],"text-e8f37042-0875-455a-8a7d-68de6dfe169e":[],"text-c166baeb-05f7-4c54-9563-8d605e89987e":[],"text-9fad6083-1f9c-466b-ba2f-d3c37a6bba6d":[]},"mobileEditedBlocks":["text-4748966c-2b06-4e3f-8627-0a487fed8c33","text-a93a733e-a15a-45e1-b268-b1c6c7a4fbc0","image-fa548ecc-25c3-458a-a8f5-b987da77baff","inception-4973e66a-6eb5-4c5c-bdea-feb35e73b966","inception-58d2c555-e7f0-449b-bbc4-ef585ee76238","image-2dc4f588-6034-4531-8910-dd1d42782700","inception-9428bb4d-bca1-4158-9743-7478bc1e3cec","inception-7b3b60b9-def6-4379-9c5c-bacebe706872","text-63064cf7-6637-4253-986f-7682757f97a9","inception-6dd0b93b-790a-4ca6-9baf-0f53a089787d","text-60e0c9fc-dacd-4e70-bfb8-6b07e44be6e0","text-9fad6083-1f9c-466b-ba2f-d3c37a6bba6d","inception-e5e4bcb3-061e-4220-849a-5bc3dbdeb25b","text-c166baeb-05f7-4c54-9563-8d605e89987e","text-e8f37042-0875-455a-8a7d-68de6dfe169e","text-b795f6fe-105b-41ab-9045-c534b802240c","inception-a23fada4-1445-4411-a9ac-33795a7efdaa","inception-adbac0b8-0733-47c3-852d-7ead6ed8cd4b","inception-de0f5026-c260-4f37-8084-83169ad4372c","text-6cb7be82-66b3-4c8b-95fd-6b4539f0748b","text-69f0712a-5391-419a-bba2-00a0247befdd","inception-2b7cca7a-9c74-4405-b66a-55dd25e019b9","inception-bd46d961-676a-4e2b-a030-5f64e4219964","inception-f9b074f8-b15a-4e65-b4e4-66131e65a380","inception-a90eaefb-53bb-4c45-b035-27edcf26c648","inception-8d11f887-8e72-4a75-b7da-957f78af5b70","inception-434af8dd-8d65-4bd8-9743-2daa4b861c05","image-e6fb4ec0-becb-4b58-b6dd-769d90e3dd72","inception-dfd2aee4-12f9-496e-b3ae-2b6ea9c0cc1a","inception-d516fc71-18bb-4118-89bd-19d6be5fb0b3","image-27ebe235-58fd-42d7-b68e-0f8a5566941a","image-32bc6396-dd8c-46d0-98e0-1056ea214f43","image-e69ee178-4d27-42bf-8efa-c6ed96c68446","image-bccf85ff-c346-4c66-8d28-ab23c4097cdf","image-ac8fea2b-915b-41e8-b34f-430b0336f924","image-c79806ce-e076-42b5-9227-403891131e68","text-27a20aed-a6c1-45e6-ad75-4daf5bf4040b","image-c25f9703-b20a-4b95-885d-57587d786703","image-32c0f9e8-1a4f-43c2-96ff-3f9afd6d7c0b","image-f9198061-ebc4-47fd-a1cf-eae51508ac36","image-cd3aac65-4282-4778-8b8f-eefae2e08e83","image-0f97e972-1500-432c-9882-9abdda08d594"]}