{
  "blocks": {
    "inception-263bac39-183c-43af-bcb8-fbba1617a54a": {
      "type": "inception",
      "data": {
        "border": "none",
        "boxShadow": "none",
        "borderRadius": "0px",
        "backgroundColor": "#292929"
      }
    },
    "inception-2f024fe7-3ef4-4510-99be-fb4ed456b392": {
      "type": "inception",
      "data": {
        "border": "none",
        "boxShadow": "none",
        "borderRadius": "0px",
        "backgroundColor": "rgb(255, 195, 0)",
        "opacity": "0"
      }
    },
    "inception-58937448-73b4-4371-b2d2-18ab665aa7bc": {
      "type": "inception",
      "data": {
        "border": "none",
        "boxShadow": "none",
        "borderRadius": "0px",
        "backgroundColor": "#292929"
      }
    },
    "text-bb5d733c-cc2d-4ea1-9e9a-2bf3fea90af1": {
      "type": "text",
      "data": {
        "text": "<h2><strong style=\"color: rgb(255, 255, 255);\">Hi, my name is&nbsp;</strong><strong style=\"color: rgb(223, 171, 1);\">Jackob Entel</strong></h2><h2><strong style=\"color: rgb(255, 255, 255);\">{ Software Developer; }</strong></h2>",
        "boxShadow": "none",
        "borderRadius": "0px",
        "fontColor": "#000000"
      }
    },
    "button-75f170c9-deed-4338-88df-4d42cfa158fe": {
      "type": "button",
      "data": {
        "border": "none",
        "boxShadow": "rgba(50, 50, 93, 0.25) 0px 2px 5px -1px, rgba(0, 0, 0, 0.3) 0px 1px 3px -1px",
        "borderRadius": "0px",
        "backgroundColor": "rgb(255, 195, 0)",
        "buttonText": "Send",
        "inputPlaceholder": "eg: your@email.com",
        "fontColor": "#000000",
        "text": "Github",
        "gradientColor": [""],
        "redirect": "github.com"
      }
    },
    "image-ea012d98-25c0-4817-a6cf-5f0a88d4964c": {
      "type": "image",
      "data": {
        "boxShadow": "rgba(50, 50, 93, 0.25) 0px 2px 5px -1px, rgba(0, 0, 0, 0.3) 0px 1px 3px -1px",
        "borderRadius": "0px",
        "imageUrl": "https://images.unsplash.com/photo-1581803118522-7b72a50f7e9f?crop=entropy&cs=srgb&fm=jpg&ixid=MnwyMjU5ODR8MHwxfHNlYXJjaHwzfHxtYW58ZW58MHx8fHwxNjIxOTM5NDU5&ixlib=rb-1.2.1&q=85"
      }
    },
    "text-079e6ea0-d8fd-435c-ad85-98e369da767b": {
      "type": "text",
      "data": {
        "text": "<h4>Backend Developer with 7 years experience.</h4><p><br></p><h4>I'm into traveling, photography, reading. Tech enthusiast, overthinker, and adventure seeker.</h4><p><br></p><h4>#GeekGang</h4><h4>📍 Location: Brasov, Romania</h4>",
        "boxShadow": "none",
        "borderRadius": "0px",
        "fontColor": "#000000"
      }
    },
    "button-3ce83c64-4940-41b0-89f5-e701adb2a48e": {
      "type": "button",
      "data": {
        "border": "none",
        "boxShadow": "none",
        "borderRadius": "0px",
        "backgroundColor": "#292929",
        "buttonText": "Send",
        "inputPlaceholder": "eg: your@email.com",
        "fontColor": "#ffffff",
        "text": "Linkedin"
      }
    },
    "text-c9d9edcf-12ca-4936-bdec-da773d37d091": {
      "type": "text",
      "data": {
        "text": "<h4><strong style=\"color: rgb(255, 255, 255);\">Javascript</strong></h4>",
        "boxShadow": "none",
        "borderRadius": "0px",
        "fontColor": "#000000"
      }
    },
    "text-792baa5b-c840-4341-a3d2-42e55955b23c": {
      "type": "text",
      "data": {
        "text": "<h4><strong style=\"color: rgb(255, 255, 255);\">Github</strong></h4><p><em style=\"color: rgb(96, 96, 96);\">open source projects</em></p>",
        "boxShadow": "none",
        "borderRadius": "0px",
        "fontColor": "#000000"
      }
    },
    "text-b9089802-a3bf-4c26-8bae-6159f8e2dafe": {
      "type": "text",
      "data": {
        "text": "<h4><strong style=\"color: rgb(255, 255, 255);\">Microservices</strong></h4>",
        "boxShadow": "none",
        "borderRadius": "0px",
        "fontColor": "#000000"
      }
    },
    "text-d45f54b6-8a25-4b02-b491-5149c28342a2": {
      "type": "text",
      "data": {
        "text": "<h4><strong style=\"color: rgb(255, 255, 255);\">Nodejs</strong></h4>",
        "boxShadow": "none",
        "borderRadius": "0px",
        "fontColor": "#000000"
      }
    },
    "text-1acaa010-7aa6-46ab-939f-8d0de187b4f0": {
      "type": "text",
      "data": {
        "text": "<h4><strong style=\"color: rgb(255, 255, 255);\">Docker</strong></h4>",
        "boxShadow": "none",
        "borderRadius": "0px",
        "fontColor": "#000000"
      }
    },
    "text-479c9c98-8a82-46ae-866b-743cd30045cb": {
      "type": "text",
      "data": {
        "text": "<h4><strong style=\"color: rgb(255, 255, 255);\">jackob.com</strong></h4><p><em style=\"color: rgb(96, 96, 96);\">personal website</em></p>",
        "boxShadow": "none",
        "borderRadius": "0px",
        "fontColor": "#000000"
      }
    },
    "text-7015fe22-75ea-4bde-bd53-cd6fe02a0a05": {
      "type": "text",
      "data": {
        "text": "<h4><strong style=\"color: rgb(255, 255, 255);\">Unsplash</strong></h4><p><em style=\"color: rgb(96, 96, 96);\">pictures portfolio</em></p>",
        "boxShadow": "none",
        "borderRadius": "0px",
        "fontColor": "#000000"
      }
    },
    "text-781b88c0-83cc-4902-af01-92accbef8bd8": {
      "type": "text",
      "data": {
        "text": "<h4><strong style=\"color: rgb(255, 255, 255);\">Twitter</strong></h4><p><em style=\"color: rgb(96, 96, 96);\">contact me</em></p>",
        "boxShadow": "none",
        "borderRadius": "0px",
        "fontColor": "#000000"
      }
    }
  },
  "layouts": {
    "inception-263bac39-183c-43af-bcb8-fbba1617a54a": {
      "x": 0,
      "y": 0,
      "i": "inception-263bac39-183c-43af-bcb8-fbba1617a54a",
      "w": 200,
      "h": 114.44444444444446
    },
    "inception-2f024fe7-3ef4-4510-99be-fb4ed456b392": {
      "x": 0,
      "y": 114.16666666666666,
      "i": "inception-2f024fe7-3ef4-4510-99be-fb4ed456b392",
      "w": 200,
      "h": 114.44444444444446
    },
    "inception-58937448-73b4-4371-b2d2-18ab665aa7bc": {
      "x": 0,
      "y": 228.19444444444443,
      "i": "inception-58937448-73b4-4371-b2d2-18ab665aa7bc",
      "w": 200,
      "h": 86.11111111111111
    },
    "text-bb5d733c-cc2d-4ea1-9e9a-2bf3fea90af1": {
      "x": 16.388888888888886,
      "y": 36.52777777777778,
      "i": "text-bb5d733c-cc2d-4ea1-9e9a-2bf3fea90af1",
      "w": 97.63888888888889,
      "h": 20.27777777777778
    },
    "button-75f170c9-deed-4338-88df-4d42cfa158fe": {
      "x": 16.25,
      "y": 64.72222222222223,
      "i": "button-75f170c9-deed-4338-88df-4d42cfa158fe",
      "w": 24.166666666666668,
      "h": 6.666666666666667
    },
    "image-ea012d98-25c0-4817-a6cf-5f0a88d4964c": {
      "x": 19.02777777777778,
      "y": 133.8888888888889,
      "i": "image-ea012d98-25c0-4817-a6cf-5f0a88d4964c",
      "w": 52.22222222222222,
      "h": 64.30555555555556
    },
    "text-079e6ea0-d8fd-435c-ad85-98e369da767b": {
      "x": 86.80555555555556,
      "y": 143.19444444444443,
      "i": "text-079e6ea0-d8fd-435c-ad85-98e369da767b",
      "w": 90.83333333333333,
      "h": 30
    },
    "button-3ce83c64-4940-41b0-89f5-e701adb2a48e": {
      "x": 86.94444444444444,
      "y": 180.27777777777777,
      "i": "button-3ce83c64-4940-41b0-89f5-e701adb2a48e",
      "w": 20.13888888888889,
      "h": 6.944444444444445
    },
    "text-c9d9edcf-12ca-4936-bdec-da773d37d091": {
      "x": 12.63888888888889,
      "y": 244.30555555555554,
      "i": "text-c9d9edcf-12ca-4936-bdec-da773d37d091",
      "w": 29.02777777777778,
      "h": 5
    },
    "text-792baa5b-c840-4341-a3d2-42e55955b23c": {
      "x": 160.55555555555554,
      "y": 244.16666666666666,
      "i": "text-792baa5b-c840-4341-a3d2-42e55955b23c",
      "w": 29.02777777777778,
      "h": 7.5
    },
    "text-b9089802-a3bf-4c26-8bae-6159f8e2dafe": {
      "x": 12.36111111111111,
      "y": 258.47222222222223,
      "i": "text-b9089802-a3bf-4c26-8bae-6159f8e2dafe",
      "w": 29.02777777777778,
      "h": 5
    },
    "text-d45f54b6-8a25-4b02-b491-5149c28342a2": {
      "x": 12.36111111111111,
      "y": 271.5277777777778,
      "i": "text-d45f54b6-8a25-4b02-b491-5149c28342a2",
      "w": 29.02777777777778,
      "h": 5
    },
    "text-1acaa010-7aa6-46ab-939f-8d0de187b4f0": {
      "x": 12.5,
      "y": 285.8333333333333,
      "i": "text-1acaa010-7aa6-46ab-939f-8d0de187b4f0",
      "w": 29.02777777777778,
      "h": 5
    },
    "text-479c9c98-8a82-46ae-866b-743cd30045cb": {
      "x": 160.69444444444443,
      "y": 258.19444444444434,
      "i": "text-479c9c98-8a82-46ae-866b-743cd30045cb",
      "w": 29.02777777777778,
      "h": 7.5
    },
    "text-7015fe22-75ea-4bde-bd53-cd6fe02a0a05": {
      "x": 160.55555555555554,
      "y": 271.94444444444446,
      "i": "text-7015fe22-75ea-4bde-bd53-cd6fe02a0a05",
      "w": 29.02777777777778,
      "h": 7.5
    },
    "text-781b88c0-83cc-4902-af01-92accbef8bd8": {
      "x": 160.69444444444443,
      "y": 285.69444444444446,
      "i": "text-781b88c0-83cc-4902-af01-92accbef8bd8",
      "w": 29.02777777777778,
      "h": 7.5
    }
  },
  "mobileLayout": {
    "inception-263bac39-183c-43af-bcb8-fbba1617a54a": {
      "x": 0,
      "y": 0,
      "w": 100,
      "h": 114.44444444444446,
      "i": "inception-263bac39-183c-43af-bcb8-fbba1617a54a"
    },
    "inception-2f024fe7-3ef4-4510-99be-fb4ed456b392": {
      "x": 0,
      "y": 114.16666666666666,
      "i": "inception-2f024fe7-3ef4-4510-99be-fb4ed456b392",
      "w": 100,
      "h": 154.71471471471472
    },
    "inception-58937448-73b4-4371-b2d2-18ab665aa7bc": {
      "x": 0,
      "y": 268.734984984985,
      "w": 100,
      "h": 86.11111111111111,
      "i": "inception-58937448-73b4-4371-b2d2-18ab665aa7bc"
    },
    "text-bb5d733c-cc2d-4ea1-9e9a-2bf3fea90af1": {
      "x": 6.843093093093091,
      "y": 18.960210210210214,
      "w": 87.46809309309309,
      "h": 60.54054054054054,
      "i": "text-bb5d733c-cc2d-4ea1-9e9a-2bf3fea90af1"
    },
    "button-75f170c9-deed-4338-88df-4d42cfa158fe": {
      "x": 6.773648648648648,
      "y": 88.77627627627629,
      "w": 25.056306306306304,
      "h": 10.72072072072072,
      "i": "button-75f170c9-deed-4338-88df-4d42cfa158fe"
    },
    "image-ea012d98-25c0-4817-a6cf-5f0a88d4964c": {
      "x": 11.67605105105105,
      "y": 211.996996996997,
      "i": "image-ea012d98-25c0-4817-a6cf-5f0a88d4964c",
      "w": 76.38138138138137,
      "h": 49.17042042042043
    },
    "text-079e6ea0-d8fd-435c-ad85-98e369da767b": {
      "x": 3.502252252252247,
      "y": 122.38363363363364,
      "i": "text-079e6ea0-d8fd-435c-ad85-98e369da767b",
      "w": 94.06531531531532,
      "h": 60.54054054054054
    },
    "button-3ce83c64-4940-41b0-89f5-e701adb2a48e": {
      "x": 3.742492492492494,
      "y": 190.81831831831832,
      "i": "button-3ce83c64-4940-41b0-89f5-e701adb2a48e",
      "w": 24.66403903903904,
      "h": 12.07957957957958
    },
    "text-c9d9edcf-12ca-4936-bdec-da773d37d091": {
      "x": 6.319444444444445,
      "y": 284.8460960960961,
      "w": 31.270645645645644,
      "h": 7.5675675675675675,
      "i": "text-c9d9edcf-12ca-4936-bdec-da773d37d091"
    },
    "text-792baa5b-c840-4341-a3d2-42e55955b23c": {
      "x": 65.4129129129129,
      "y": 284.70720720720726,
      "w": 29.919294294294296,
      "h": 11.35135135135135,
      "i": "text-792baa5b-c840-4341-a3d2-42e55955b23c"
    },
    "text-b9089802-a3bf-4c26-8bae-6159f8e2dafe": {
      "x": 6.180555555555555,
      "y": 299.01276276276275,
      "w": 39.10848348348348,
      "h": 7.5675675675675675,
      "i": "text-b9089802-a3bf-4c26-8bae-6159f8e2dafe"
    },
    "text-d45f54b6-8a25-4b02-b491-5149c28342a2": {
      "x": 6.180555555555555,
      "y": 312.0683183183184,
      "w": 28.29767267267267,
      "h": 7.5675675675675675,
      "i": "text-d45f54b6-8a25-4b02-b491-5149c28342a2"
    },
    "text-1acaa010-7aa6-46ab-939f-8d0de187b4f0": {
      "x": 6.25,
      "y": 326.37387387387383,
      "w": 29.378753753753756,
      "h": 7.5675675675675675,
      "i": "text-1acaa010-7aa6-46ab-939f-8d0de187b4f0"
    },
    "text-479c9c98-8a82-46ae-866b-743cd30045cb": {
      "x": 65.75262762762763,
      "y": 299.00525525525524,
      "w": 31.540915915915914,
      "h": 11.35135135135135,
      "i": "text-479c9c98-8a82-46ae-866b-743cd30045cb"
    },
    "text-7015fe22-75ea-4bde-bd53-cd6fe02a0a05": {
      "x": 65.68318318318317,
      "y": 313.29579579579587,
      "w": 28.838213213213212,
      "h": 11.35135135135135,
      "i": "text-7015fe22-75ea-4bde-bd53-cd6fe02a0a05"
    },
    "text-781b88c0-83cc-4902-af01-92accbef8bd8": {
      "x": 65.21208708708708,
      "y": 326.5052552552553,
      "w": 25.59496996996997,
      "h": 11.35135135135135,
      "i": "text-781b88c0-83cc-4902-af01-92accbef8bd8"
    }
  },
  "hierarchy": {
    "inception-263bac39-183c-43af-bcb8-fbba1617a54a": [
      "text-bb5d733c-cc2d-4ea1-9e9a-2bf3fea90af1",
      "button-75f170c9-deed-4338-88df-4d42cfa158fe"
    ],
    "inception-2f024fe7-3ef4-4510-99be-fb4ed456b392": [
      "image-ea012d98-25c0-4817-a6cf-5f0a88d4964c",
      "text-079e6ea0-d8fd-435c-ad85-98e369da767b",
      "button-3ce83c64-4940-41b0-89f5-e701adb2a48e"
    ],
    "inception-58937448-73b4-4371-b2d2-18ab665aa7bc": [
      "text-c9d9edcf-12ca-4936-bdec-da773d37d091",
      "text-792baa5b-c840-4341-a3d2-42e55955b23c",
      "text-b9089802-a3bf-4c26-8bae-6159f8e2dafe",
      "text-d45f54b6-8a25-4b02-b491-5149c28342a2",
      "text-1acaa010-7aa6-46ab-939f-8d0de187b4f0",
      "text-479c9c98-8a82-46ae-866b-743cd30045cb",
      "text-7015fe22-75ea-4bde-bd53-cd6fe02a0a05",
      "text-781b88c0-83cc-4902-af01-92accbef8bd8",
      "image-01a08e09-42ab-4426-8ff4-df72f4a5c637"
    ]
  },
  "mobileHierarchy": {
    "inception-263bac39-183c-43af-bcb8-fbba1617a54a": [
      "text-bb5d733c-cc2d-4ea1-9e9a-2bf3fea90af1",
      "button-75f170c9-deed-4338-88df-4d42cfa158fe"
    ],
    "inception-2f024fe7-3ef4-4510-99be-fb4ed456b392": [
      "image-ea012d98-25c0-4817-a6cf-5f0a88d4964c",
      "text-079e6ea0-d8fd-435c-ad85-98e369da767b",
      "button-3ce83c64-4940-41b0-89f5-e701adb2a48e"
    ],
    "inception-58937448-73b4-4371-b2d2-18ab665aa7bc": [
      "text-c9d9edcf-12ca-4936-bdec-da773d37d091",
      "text-792baa5b-c840-4341-a3d2-42e55955b23c",
      "text-b9089802-a3bf-4c26-8bae-6159f8e2dafe",
      "text-d45f54b6-8a25-4b02-b491-5149c28342a2",
      "text-1acaa010-7aa6-46ab-939f-8d0de187b4f0",
      "text-479c9c98-8a82-46ae-866b-743cd30045cb",
      "text-7015fe22-75ea-4bde-bd53-cd6fe02a0a05",
      "text-781b88c0-83cc-4902-af01-92accbef8bd8",
      "image-01a08e09-42ab-4426-8ff4-df72f4a5c637"
    ]
  },
  "mobileEditedBlocks": [
    "text-bb5d733c-cc2d-4ea1-9e9a-2bf3fea90af1",
    "button-75f170c9-deed-4338-88df-4d42cfa158fe",
    "inception-263bac39-183c-43af-bcb8-fbba1617a54a",
    "text-079e6ea0-d8fd-435c-ad85-98e369da767b",
    "inception-58937448-73b4-4371-b2d2-18ab665aa7bc",
    "text-c9d9edcf-12ca-4936-bdec-da773d37d091",
    "text-b9089802-a3bf-4c26-8bae-6159f8e2dafe",
    "text-d45f54b6-8a25-4b02-b491-5149c28342a2",
    "text-1acaa010-7aa6-46ab-939f-8d0de187b4f0",
    "text-792baa5b-c840-4341-a3d2-42e55955b23c",
    "text-479c9c98-8a82-46ae-866b-743cd30045cb",
    "text-7015fe22-75ea-4bde-bd53-cd6fe02a0a05",
    "text-781b88c0-83cc-4902-af01-92accbef8bd8",
    "inception-2f024fe7-3ef4-4510-99be-fb4ed456b392",
    "button-3ce83c64-4940-41b0-89f5-e701adb2a48e",
    "image-ea012d98-25c0-4817-a6cf-5f0a88d4964c"
  ]
}
