{"blocks":{"text-664e08d1-3e6a-4c49-99aa-8d876f699425":{"type":"text","data":{"fontSize":"52","textAlign":"center","alignItems":"center","fontWeight":"700","boxShadow":"none","borderRadius":"0px","fontColor":"#FFFFFF","backgroundColor":"transparent","text":"<h1 class=\"ql-align-center\"><span style=\"color: rgb(255, 255, 255);\">I’m Sascha 🤟</span></h1><p class=\"ql-align-center\"><br></p><h2 class=\"ql-align-center\"><span style=\"color: rgb(255, 255, 255);\">I elevate products through human-centered design &amp; storytelling.</span></h2>"}},"image-025c673b-d62c-4606-8171-dc8937f29390":{"type":"image","data":{"boxShadow":"none","borderRadius":"0px","imageUrl":"https://images.unsplash.com/photo-1497377825569-02ad2f9edb81?ixid=MnwxMjA3fDB8MHxwaG90by1wYWdlfHx8fGVufDB8fHx8&ixlib=rb-1.2.1&auto=format&fit=crop&w=1666&q=80","opacity":"0.6"}},"image-7e98a8c3-6f55-42a1-a1d5-93bf5624be31":{"type":"image","data":{"boxShadow":"none","borderRadius":"0px","imageUrl":"https://lh3.googleusercontent.com/proxy/kXsH-QVYZ006H87qvc_APKPov1CcWSld0E1XcNfaSkbHDvqAbLLePpXBxupIRZA-8r5vhZapAY8v3q0Dlj858P7Jsj0rOgJQ8TJOLyEMii6-qK72pqmleKafRHHKUNw"}},"inception-ccfbb5fd-3a6f-4789-99e0-4e22554f565e":{"type":"inception","data":{"border":"0px solid black","boxShadow":"none","borderRadius":"0px","backgroundColor":"#000000"}},"text-deed8c0d-d4ca-4e19-b0ad-395854f00462":{"type":"text","data":{"fontSize":"24","textAlign":"left","alignItems":"center","fontWeight":"300","boxShadow":"none","borderRadius":"0px","fontColor":"#FFFFFF","backgroundColor":"transparent","text":"<h3><span style=\"color: rgb(255, 255, 255);\">Promo — Video Maker App</span></h3><p><br></p><h4><span style=\"color: rgb(255, 255, 255);\">Promo Video Maker is an app focused on creating high-quality marketing video ads, promotional videos, and captivating visual content that bring measurable results.</span></h4><p><br></p><h4><span style=\"color: rgb(224, 62, 62);\">Case study →</span></h4>"}},"inception-e89ed090-5d66-4eb9-a63b-66404850a6fc":{"type":"inception","data":{"border":"0px solid black","boxShadow":"none","borderRadius":"0px","backgroundColor":"#000000"}},"image-ca764269-60c5-48b9-888c-24379b8a5643":{"type":"image","data":{"boxShadow":"none","borderRadius":"0px","imageUrl":"https://saschas.ai/wp-content/uploads/2020/04/Preview-Slidely-VR-2x.png"}},"text-42dc5655-9917-485b-be80-fe2ba6526917":{"type":"text","data":{"fontSize":"24","textAlign":"left","alignItems":"center","fontWeight":"300","boxShadow":"none","borderRadius":"0px","fontColor":"#FFFFFF","backgroundColor":"transparent","text":"<h3><span style=\"color: rgb(255, 255, 255);\">Slidely VR Gallery</span></h3><p><br></p><h4><span style=\"color: rgb(255, 255, 255);\">Daydream app for sharing favorite photos, exploring your exhibition in different gallery areas and then posting a high resolution social panoramas to your Facebook.</span></h4><p><br></p><h4><span style=\"color: rgb(224, 62, 62);\">Case study →</span></h4>"}},"image-58c0a593-4ff9-4b29-b3d8-3a7cc814dc9d":{"type":"image","data":{"boxShadow":"none","borderRadius":"0px","imageUrl":"https://saschas.ai/wp-content/uploads/2020/04/Cover-PRM-Mobile-2x.png"}},"text-b73c8b52-86b5-470d-b66c-78460fb29849":{"type":"text","data":{"text":"<h3 class=\"ql-align-center\"><strong style=\"color: rgb(255, 255, 255);\">KEEP IN TOUCH</strong></h3><p class=\"ql-align-center\"><br></p><h6 class=\"ql-align-center\"><span style=\"color: rgb(255, 255, 255);\">Stay updated and get my treasure chest full of Procreate freebies, like brushes, color palettes, exclusive videos and my ebook about color theory!</span></h6>","boxShadow":"none","borderRadius":"0px","fontColor":"#000000"}},"text-7f8d0c3b-75a5-4639-be6b-1a0d87eae439":{"type":"text","data":{"text":"<h5 class=\"ql-align-center\"><strong style=\"color: rgb(255, 255, 255);\">example@business.com</strong></h5><h4><br></h4>","boxShadow":"none","borderRadius":"0px","fontColor":"#000000"}},"image-8f504b85-d4ed-43c4-b386-ed69e91d3a92":{"type":"image","data":{"boxShadow":"none","borderRadius":"0px","imageUrl":"https://images.unsplash.com/photo-1504384308090-c894fdcc538d?ixid=MnwxMjA3fDB8MHxwaG90by1wYWdlfHx8fGVufDB8fHx8&ixlib=rb-1.2.1&auto=format&fit=crop&w=1650&q=80","opacity":"0.6"}},"text-10fb4650-916c-4a39-8ac5-be1c6db3a271":{"type":"text","data":{"text":"<h3><span style=\"color: rgb(255, 255, 255);\">Promo.com Web Editor &amp; Pricing</span></h3><p><br></p><h4><span style=\"color: rgb(255, 255, 255);\">Social and video ad creation platform with ready-made video templates, high-quality footage and music, eye-catching customizable text, and an award-winning editor.</span></h4><p><br></p><h4><span style=\"color: rgb(224, 62, 62);\">← Case study</span></h4><h4><br></h4>","boxShadow":"none","borderRadius":"0px","fontColor":"#000000"}},"image-20ab5d96-85d4-4a22-8339-cc2c230f616b":{"type":"image","data":{"boxShadow":"none","borderRadius":"0px","imageUrl":"https://saschas.ai/wp-content/uploads/2020/04/Cover_PRM-Web-x2.png"}},"image-0a129549-34b8-4848-9c62-f058a6aad4d3":{"type":"image","data":{"boxShadow":"none","borderRadius":"0px","imageUrl":"https://images.unsplash.com/photo-1527474305487-b87b222841cc?ixid=MnwxMjA3fDB8MHxwaG90by1wYWdlfHx8fGVufDB8fHx8&ixlib=rb-1.2.1&auto=format&fit=crop&w=1567&q=80","opacity":"0.6"}}},"hierarchy":{"inception-08b007e3-1549-4e10-bb25-fae15a6e7829":[],"inception-ccfbb5fd-3a6f-4789-99e0-4e22554f565e":["inception-d2550e2b-4b56-4deb-bebf-938ad97a7ff6","image-b056a324-fdb5-42b3-a3c3-596dc58138a4","image-58c0a593-4ff9-4b29-b3d8-3a7cc814dc9d","inception-e0436da4-ee93-44dd-aa73-713684b3284a","text-deed8c0d-d4ca-4e19-b0ad-395854f00462"],"inception-e89ed090-5d66-4eb9-a63b-66404850a6fc":["image-ca764269-60c5-48b9-888c-24379b8a5643","text-f600a6e5-76c3-4a60-9de9-67fbbcb3274b","text-42dc5655-9917-485b-be80-fe2ba6526917","text-7e511817-b106-46b6-9361-52f5f1093eb1"]},"layouts":{"text-664e08d1-3e6a-4c49-99aa-8d876f699425":{"x":29.86111111111111,"y":38.47222222222222,"i":"text-664e08d1-3e6a-4c49-99aa-8d876f699425","w":139.88715277777777,"h":38.05555555555556},"image-025c673b-d62c-4606-8171-dc8937f29390":{"x":0,"y":0,"i":"image-025c673b-d62c-4606-8171-dc8937f29390","w":200,"h":115},"image-7e98a8c3-6f55-42a1-a1d5-93bf5624be31":{"x":94,"y":104,"i":"image-7e98a8c3-6f55-42a1-a1d5-93bf5624be31","w":12,"h":7},"inception-ccfbb5fd-3a6f-4789-99e0-4e22554f565e":{"x":0,"y":114.69444444444447,"i":"inception-ccfbb5fd-3a6f-4789-99e0-4e22554f565e","w":200,"h":99.38888888888889},"text-deed8c0d-d4ca-4e19-b0ad-395854f00462":{"x":12.63888888888889,"y":145.7777777777778,"i":"text-deed8c0d-d4ca-4e19-b0ad-395854f00462","w":73.58289930555556,"h":37.638888888888886},"inception-e89ed090-5d66-4eb9-a63b-66404850a6fc":{"x":0,"y":311.86111111111114,"i":"inception-e89ed090-5d66-4eb9-a63b-66404850a6fc","w":200,"h":91},"image-ca764269-60c5-48b9-888c-24379b8a5643":{"x":102.66666666666667,"y":325,"i":"image-ca764269-60c5-48b9-888c-24379b8a5643","w":76.61111111111111,"h":64.61111111111111},"text-42dc5655-9917-485b-be80-fe2ba6526917":{"x":12,"y":341.86111111111114,"i":"text-42dc5655-9917-485b-be80-fe2ba6526917","w":68.41580284966362,"h":37.638888888888886},"image-58c0a593-4ff9-4b29-b3d8-3a7cc814dc9d":{"x":109.08333333333333,"y":130.44444444444443,"i":"image-58c0a593-4ff9-4b29-b3d8-3a7cc814dc9d","w":76.75,"h":66.86111111111111},"text-b73c8b52-86b5-470d-b66c-78460fb29849":{"x":60.83333333333333,"y":414.72222222222223,"w":78.05555555555556,"h":16.25,"i":"text-b73c8b52-86b5-470d-b66c-78460fb29849"},"text-7f8d0c3b-75a5-4639-be6b-1a0d87eae439":{"x":82.36111111111111,"y":440.00000000000017,"w":35.55555555555556,"h":8.75,"i":"text-7f8d0c3b-75a5-4639-be6b-1a0d87eae439"},"image-8f504b85-d4ed-43c4-b386-ed69e91d3a92":{"x":0,"y":213.47222222222223,"w":200,"h":99.16666666666666,"i":"image-8f504b85-d4ed-43c4-b386-ed69e91d3a92"},"text-10fb4650-916c-4a39-8ac5-be1c6db3a271":{"x":109.16666666666666,"y":245.27777777777777,"w":82.63888888888889,"h":42.638888888888886,"i":"text-10fb4650-916c-4a39-8ac5-be1c6db3a271"},"image-20ab5d96-85d4-4a22-8339-cc2c230f616b":{"x":17.5,"y":240.69444444444446,"w":62.5,"h":50.83333333333333,"i":"image-20ab5d96-85d4-4a22-8339-cc2c230f616b"},"image-0a129549-34b8-4848-9c62-f058a6aad4d3":{"x":0,"y":402.63888888888886,"w":200,"h":66.52777777777779,"i":"image-0a129549-34b8-4848-9c62-f058a6aad4d3"}},"mobileLayout":{"text-664e08d1-3e6a-4c49-99aa-8d876f699425":{"x":8.71433933933934,"y":23.066816816816818,"w":82.10573855105105,"h":110.27027027027026,"i":"text-664e08d1-3e6a-4c49-99aa-8d876f699425"},"image-025c673b-d62c-4606-8171-dc8937f29390":{"x":0,"y":0,"w":100,"h":162.56756756756758,"i":"image-025c673b-d62c-4606-8171-dc8937f29390"},"image-7e98a8c3-6f55-42a1-a1d5-93bf5624be31":{"x":46,"y":107,"i":"image-7e98a8c3-6f55-42a1-a1d5-93bf5624be31","w":8,"h":5},"text-deed8c0d-d4ca-4e19-b0ad-395854f00462":{"x":10.10322822822823,"y":181.99399399399397,"w":78.95361181493993,"h":83.24324324324324,"i":"text-deed8c0d-d4ca-4e19-b0ad-395854f00462"},"inception-e89ed090-5d66-4eb9-a63b-66404850a6fc":{"x":0,"y":582.1313813813813,"w":100,"h":200.99999999999997,"i":"inception-e89ed090-5d66-4eb9-a63b-66404850a6fc"},"image-ca764269-60c5-48b9-888c-24379b8a5643":{"x":18.9009009009009,"y":687.7027027027027,"w":66.41366366366367,"h":64.88138138138139,"i":"image-ca764269-60c5-48b9-888c-24379b8a5643"},"text-42dc5655-9917-485b-be80-fe2ba6526917":{"x":7.621621621621622,"y":605.3746246246245,"w":86.91060412753451,"h":64.32432432432432,"i":"text-42dc5655-9917-485b-be80-fe2ba6526917"},"image-58c0a593-4ff9-4b29-b3d8-3a7cc814dc9d":{"x":17.24436936936937,"y":285.19294294294286,"w":67.5641891891892,"h":67.40165165165166,"i":"image-58c0a593-4ff9-4b29-b3d8-3a7cc814dc9d"},"inception-ccfbb5fd-3a6f-4789-99e0-4e22554f565e":{"x":0,"y":162.26201201201204,"w":100,"h":221.0105105105105,"i":"inception-ccfbb5fd-3a6f-4789-99e0-4e22554f565e"},"image-8f504b85-d4ed-43c4-b386-ed69e91d3a92":{"x":0,"y":382.3911411411412,"w":100,"h":200.24774774774775,"i":"image-8f504b85-d4ed-43c4-b386-ed69e91d3a92"},"text-10fb4650-916c-4a39-8ac5-be1c6db3a271":{"x":9.988738738738734,"y":400.41291291291293,"w":80.23836336336336,"h":90.8108108108108,"i":"text-10fb4650-916c-4a39-8ac5-be1c6db3a271"},"image-20ab5d96-85d4-4a22-8339-cc2c230f616b":{"x":12.533783783783784,"y":515.289039039039,"w":73.68243243243242,"h":48.67117117117117,"i":"image-20ab5d96-85d4-4a22-8339-cc2c230f616b"},"image-0a129549-34b8-4848-9c62-f058a6aad4d3":{"x":0,"y":782.0983483483483,"w":100,"h":86.25750750750751,"i":"image-0a129549-34b8-4848-9c62-f058a6aad4d3"},"text-7f8d0c3b-75a5-4639-be6b-1a0d87eae439":{"x":24.153528528528533,"y":850.8108108108111,"w":51.56156156156156,"h":13.243243243243242,"i":"text-7f8d0c3b-75a5-4639-be6b-1a0d87eae439"},"text-b73c8b52-86b5-470d-b66c-78460fb29849":{"x":11.497747747747745,"y":794.451951951952,"w":79.02777777777777,"h":28.91891891891892,"i":"text-b73c8b52-86b5-470d-b66c-78460fb29849"}},"mobileHierarchy":{"inception-08b007e3-1549-4e10-bb25-fae15a6e7829":[],"inception-ccfbb5fd-3a6f-4789-99e0-4e22554f565e":["inception-d2550e2b-4b56-4deb-bebf-938ad97a7ff6","image-b056a324-fdb5-42b3-a3c3-596dc58138a4","image-58c0a593-4ff9-4b29-b3d8-3a7cc814dc9d","inception-e0436da4-ee93-44dd-aa73-713684b3284a","text-deed8c0d-d4ca-4e19-b0ad-395854f00462"],"inception-e89ed090-5d66-4eb9-a63b-66404850a6fc":["image-ca764269-60c5-48b9-888c-24379b8a5643","text-f600a6e5-76c3-4a60-9de9-67fbbcb3274b","text-42dc5655-9917-485b-be80-fe2ba6526917","text-7e511817-b106-46b6-9361-52f5f1093eb1"]},"mobileEditedBlocks":["image-58c0a593-4ff9-4b29-b3d8-3a7cc814dc9d","text-deed8c0d-d4ca-4e19-b0ad-395854f00462","image-ca764269-60c5-48b9-888c-24379b8a5643","text-42dc5655-9917-485b-be80-fe2ba6526917","text-664e08d1-3e6a-4c49-99aa-8d876f699425","image-0a129549-34b8-4848-9c62-f058a6aad4d3","text-b73c8b52-86b5-470d-b66c-78460fb29849","text-7f8d0c3b-75a5-4639-be6b-1a0d87eae439","inception-e89ed090-5d66-4eb9-a63b-66404850a6fc","image-8f504b85-d4ed-43c4-b386-ed69e91d3a92","text-10fb4650-916c-4a39-8ac5-be1c6db3a271","image-20ab5d96-85d4-4a22-8339-cc2c230f616b","inception-ccfbb5fd-3a6f-4789-99e0-4e22554f565e","image-025c673b-d62c-4606-8171-dc8937f29390"]}