{"blocks":{"image-a80faef9-9b97-4253-89b5-36a3b37ea388":{"type":"image","data":{"boxShadow":"none","borderRadius":"0px","imageUrl":"https://images.unsplash.com/photo-1597131527856-13cdb8dc050e?ixid=MnwxMjA3fDB8MHxwaG90by1wYWdlfHx8fGVufDB8fHx8&ixlib=rb-1.2.1&auto=format&fit=crop&w=2500&q=100","opacity":"0.6"}},"text-84ddc28a-59b9-4c3e-88e6-1af4f59bcd0c":{"type":"text","data":{"text":"<h2 class=\"ql-align-center\"><span style=\"color: rgb(255, 255, 255);\">Best&nbsp;</span><strong style=\"color: rgb(255, 255, 255);\">TailwindCSS Templates</strong></h2><h2 class=\"ql-align-center\"><span style=\"color: rgb(255, 255, 255);\">Marketplace</span></h2>","boxShadow":"none","borderRadius":"0px","fontColor":"#000000"}},"inception-3ce4ec17-b325-4b1c-82d5-f994d040353d":{"type":"inception","data":{"border":"1px solid #cdd3d8","boxShadow":"none","borderRadius":"10px","backgroundColor":"#FFFFFF"}},"image-580e1078-260e-4908-8504-53508f5178e3":{"type":"image","data":{"boxShadow":"none","borderRadius":"10px","imageUrl":"https://www.mockupworld.co/wp-content/uploads/dynamic/2020/11/free-macbook-pro-mockup-set-psd-1-1072x0-c-default.jpg"}},"button-50acd61a-d1bb-4fa7-b85a-52055f58ebf7":{"type":"button","data":{"border":"none","boxShadow":"none","borderRadius":"10px","backgroundColor":"#000000","buttonText":"Send","inputPlaceholder":"eg: your@email.com","fontColor":"#000000","text":"Buy $9.00","gradientColor":["rgb(221,214,254)","rgb(221,214,254)"]}},"button-174389a0-f88f-4058-be69-fd97b3722ef2":{"type":"button","data":{"border":"1px solid #000000","boxShadow":"none","borderRadius":"10px","backgroundColor":"transparent","buttonText":"Send","inputPlaceholder":"eg: your@email.com","fontColor":"#000000","text":"demo"}},"button-0dc730a9-db52-41ed-a90e-52869e054977":{"type":"button","data":{"border":"none","boxShadow":"none","borderRadius":"10px","backgroundColor":"#000000","buttonText":"Send","inputPlaceholder":"eg: your@email.com","fontColor":"#000000","text":"CDN","gradientColor":["rgb(209,250,229)","rgb(209,250,229)"]}},"text-67692a9c-09d4-417a-b630-3f0c55670d77":{"type":"text","data":{"text":"<h4>Lyra - Landing Page</h4><p><br></p><h6><span style=\"color: rgb(156, 163, 175);\">Lyra is Landing Page template that includes a Checkout page. It's a modern design theme.</span></h6>","boxShadow":"none","borderRadius":"0px","fontColor":"#000000"}},"text-2d555b79-bcc2-4f9a-84ba-fe152b9a78df":{"type":"text","data":{"text":"<h6><span style=\"color: rgb(155, 154, 151);\">All functionalities are working with the CDN</span></h6>","boxShadow":"none","borderRadius":"0px","fontColor":"#000000"}},"inception-074f314e-f9a3-400a-a783-a5956aa4f219":{"type":"inception","data":{"border":"1px solid #cdd3d8","boxShadow":"none","borderRadius":"10px","backgroundColor":"#FFFFFF"}},"image-00c1cb70-bb18-4d4c-ad49-b63f6aa83917":{"type":"image","data":{"boxShadow":"none","borderRadius":"10px","imageUrl":"https://www.mockupworld.co/wp-content/uploads/dynamic/2020/03/free-macbook-air-2020-mockup-psd-1072x0-c-default.jpg"}},"button-35d34009-73db-4d8a-9d78-b7b3c76ab3cb":{"type":"button","data":{"border":"none","boxShadow":"none","borderRadius":"10px","backgroundColor":"#000000","buttonText":"Send","inputPlaceholder":"eg: your@email.com","fontColor":"#000000","text":"Buy $9.00","gradientColor":["rgb(221,214,254)","rgb(221,214,254)"]}},"button-11600b30-8d52-4489-9f72-dcc0be036218":{"type":"button","data":{"border":"1px solid #000000","boxShadow":"none","borderRadius":"10px","backgroundColor":"transparent","buttonText":"Send","inputPlaceholder":"eg: your@email.com","fontColor":"#000000","text":"demo"}},"button-84129ba9-c9f5-4fff-81f3-8f943e582ef5":{"type":"button","data":{"border":"none","boxShadow":"none","borderRadius":"10px","backgroundColor":"#000000","buttonText":"Send","inputPlaceholder":"eg: your@email.com","fontColor":"#000000","text":"CDN","gradientColor":["rgb(209,250,229)","rgb(209,250,229)"]}},"text-c511ef0a-bd9a-4c6b-a7c0-da1de8524efb":{"type":"text","data":{"text":"<h4>Lyra - Landing Page</h4><p><br></p><h6><span style=\"color: rgb(156, 163, 175);\">Lyra is Landing Page template that includes a Checkout page. It's a modern design theme.</span></h6>","boxShadow":"none","borderRadius":"0px","fontColor":"#000000"}},"text-285f4b7e-2168-4190-89b2-e44ddc66fb1f":{"type":"text","data":{"text":"<h6><span style=\"color: rgb(155, 154, 151);\">All functionalities are working with the CDN</span></h6>","boxShadow":"none","borderRadius":"0px","fontColor":"#000000"}},"inception-d3c86415-617c-4489-b976-a58a9074d513":{"type":"inception","data":{"border":"1px solid #cdd3d8","boxShadow":"none","borderRadius":"10px","backgroundColor":"#FFFFFF"}},"image-4ddb763a-5ccf-4d56-8f32-02154b2c246d":{"type":"image","data":{"boxShadow":"none","borderRadius":"10px","imageUrl":"https://www.mockupworld.co/wp-content/uploads/dynamic/2020/08/free-macbook-pro-16-inch-mockup-psd-1072x0-c-default.jpg"}},"button-5a11ec66-1650-4f7c-89ba-0b12409a72e7":{"type":"button","data":{"border":"none","boxShadow":"none","borderRadius":"10px","backgroundColor":"#000000","buttonText":"Send","inputPlaceholder":"eg: your@email.com","fontColor":"#000000","text":"Buy $9.00","gradientColor":["rgb(221,214,254)","rgb(221,214,254)"]}},"button-c3f00cef-2831-4fe6-8b61-2b37cce50270":{"type":"button","data":{"border":"1px solid #000000","boxShadow":"none","borderRadius":"10px","backgroundColor":"transparent","buttonText":"Send","inputPlaceholder":"eg: your@email.com","fontColor":"#000000","text":"demo"}},"button-4f6666c6-372a-47f2-bee2-8d9520a77ede":{"type":"button","data":{"border":"none","boxShadow":"none","borderRadius":"10px","backgroundColor":"#000000","buttonText":"Send","inputPlaceholder":"eg: your@email.com","fontColor":"#000000","text":"CDN","gradientColor":["rgb(209,250,229)","rgb(209,250,229)"]}},"text-266437e8-1e7e-4624-8382-b782f3c404f5":{"type":"text","data":{"text":"<h4>Lyra - Landing Page</h4><p><br></p><h6><span style=\"color: rgb(156, 163, 175);\">Lyra is Landing Page template that includes a Checkout page. It's a modern design theme.</span></h6>","boxShadow":"none","borderRadius":"0px","fontColor":"#000000"}},"text-5b6b70a6-7866-4ff1-ad8d-0fab3d83b0aa":{"type":"text","data":{"text":"<h6><span style=\"color: rgb(155, 154, 151);\">All functionalities are working with the CDN</span></h6>","boxShadow":"none","borderRadius":"0px","fontColor":"#000000"}},"inception-8698c9d1-d118-49b4-9509-dd9db5af6c61":{"type":"inception","data":{"border":"1px solid #cdd3d8","boxShadow":"none","borderRadius":"10px","backgroundColor":"#FFFFFF"}},"text-704daa60-4026-4576-b633-f51d15addc3c":{"type":"text","data":{"text":"<h5 class=\"ql-align-center\">example@business.com</h5><p class=\"ql-align-center\"><br></p>","boxShadow":"none","borderRadius":"0px","fontColor":"#000000"}},"text-c1f43248-3a9a-4553-af8e-ab15ef346a99":{"type":"text","data":{"text":"<h3><strong>﻿License</strong></h3><h5><strong>Our templates are made to be used easily. Our license reflects that.</strong></h5>","boxShadow":"none","borderRadius":"0px","fontColor":"#000000"}},"text-2974cc6e-8a99-47da-95f5-8d2aada09d1a":{"type":"text","data":{"text":"<h5><strong>What is permitted 👍</strong></h5><p><br></p><h6>All templates can be used for commercial and non-commercial purposes.</h6><p><br></p><h6>You can use the templates on unlimited websites.</h6>","boxShadow":"none","borderRadius":"0px","fontColor":"#000000"}},"text-288d03a4-97b9-438f-849d-a3e028cb03b8":{"type":"text","data":{"text":"<h5><strong>What is not permitted 👎</strong></h5><p><br></p><h6>Compiling Templates from Tailplate to replicate a similar or competing service.</h6><h6><br></h6><h6>Reselling the templates on other marketplaces.</h6>","boxShadow":"none","borderRadius":"0px","fontColor":"#000000"}}},"hierarchy":{"inception-3ce4ec17-b325-4b1c-82d5-f994d040353d":["image-580e1078-260e-4908-8504-53508f5178e3","button-50acd61a-d1bb-4fa7-b85a-52055f58ebf7","button-174389a0-f88f-4058-be69-fd97b3722ef2","button-0dc730a9-db52-41ed-a90e-52869e054977","text-67692a9c-09d4-417a-b630-3f0c55670d77","text-2d555b79-bcc2-4f9a-84ba-fe152b9a78df"],"inception-074f314e-f9a3-400a-a783-a5956aa4f219":["image-00c1cb70-bb18-4d4c-ad49-b63f6aa83917","button-35d34009-73db-4d8a-9d78-b7b3c76ab3cb","button-11600b30-8d52-4489-9f72-dcc0be036218","button-84129ba9-c9f5-4fff-81f3-8f943e582ef5","text-c511ef0a-bd9a-4c6b-a7c0-da1de8524efb","text-285f4b7e-2168-4190-89b2-e44ddc66fb1f"],"inception-d3c86415-617c-4489-b976-a58a9074d513":["image-4ddb763a-5ccf-4d56-8f32-02154b2c246d","button-5a11ec66-1650-4f7c-89ba-0b12409a72e7","button-c3f00cef-2831-4fe6-8b61-2b37cce50270","button-4f6666c6-372a-47f2-bee2-8d9520a77ede","text-266437e8-1e7e-4624-8382-b782f3c404f5","text-5b6b70a6-7866-4ff1-ad8d-0fab3d83b0aa"],"inception-8698c9d1-d118-49b4-9509-dd9db5af6c61":["text-c1f43248-3a9a-4553-af8e-ab15ef346a99","text-2974cc6e-8a99-47da-95f5-8d2aada09d1a","text-288d03a4-97b9-438f-849d-a3e028cb03b8"]},"layouts":{"image-a80faef9-9b97-4253-89b5-36a3b37ea388":{"x":0,"y":0.1388888888888889,"w":200,"h":114.16666666666667,"i":"image-a80faef9-9b97-4253-89b5-36a3b37ea388"},"text-84ddc28a-59b9-4c3e-88e6-1af4f59bcd0c":{"x":47.638888888888886,"y":47.083333333333336,"w":104.58333333333333,"h":20.27777777777778,"i":"text-84ddc28a-59b9-4c3e-88e6-1af4f59bcd0c"},"inception-3ce4ec17-b325-4b1c-82d5-f994d040353d":{"x":75.55555555555556,"y":128.61111111111111,"w":44.44444444444445,"h":68.05555555555554,"i":"inception-3ce4ec17-b325-4b1c-82d5-f994d040353d"},"image-580e1078-260e-4908-8504-53508f5178e3":{"x":75.55555555555556,"y":128.61111111111117,"w":44.444444444444436,"h":25.416666666666668,"i":"image-580e1078-260e-4908-8504-53508f5178e3"},"button-50acd61a-d1bb-4fa7-b85a-52055f58ebf7":{"x":77.91666666666667,"y":156.25,"w":17.36111111111111,"h":6.25,"i":"button-50acd61a-d1bb-4fa7-b85a-52055f58ebf7"},"button-174389a0-f88f-4058-be69-fd97b3722ef2":{"x":97.63888888888889,"y":156.25,"w":17.36111111111111,"h":6.25,"i":"button-174389a0-f88f-4058-be69-fd97b3722ef2"},"button-0dc730a9-db52-41ed-a90e-52869e054977":{"x":78.05555555555556,"y":186.66666666666666,"w":10.972222222222221,"h":6.25,"i":"button-0dc730a9-db52-41ed-a90e-52869e054977"},"text-67692a9c-09d4-417a-b630-3f0c55670d77":{"x":78.33333333333333,"y":165.13888888888889,"w":38.888888888888886,"h":16.666666666666668,"i":"text-67692a9c-09d4-417a-b630-3f0c55670d77"},"text-2d555b79-bcc2-4f9a-84ba-fe152b9a78df":{"x":92.63888888888889,"y":186.66666666666666,"w":22.638888888888886,"h":6.111111111111111,"i":"text-2d555b79-bcc2-4f9a-84ba-fe152b9a78df"},"inception-074f314e-f9a3-400a-a783-a5956aa4f219":{"x":127.63888888888889,"y":128.61111111111111,"w":44.44444444444445,"h":68.05555555555554,"i":"inception-074f314e-f9a3-400a-a783-a5956aa4f219"},"image-00c1cb70-bb18-4d4c-ad49-b63f6aa83917":{"x":127.63888888888887,"y":128.61111111111128,"w":44.444444444444436,"h":25.416666666666668,"i":"image-00c1cb70-bb18-4d4c-ad49-b63f6aa83917"},"button-35d34009-73db-4d8a-9d78-b7b3c76ab3cb":{"x":129.99999999999997,"y":156.25,"w":17.36111111111111,"h":6.25,"i":"button-35d34009-73db-4d8a-9d78-b7b3c76ab3cb"},"button-11600b30-8d52-4489-9f72-dcc0be036218":{"x":149.72222222222223,"y":156.25,"w":17.36111111111111,"h":6.25,"i":"button-11600b30-8d52-4489-9f72-dcc0be036218"},"button-84129ba9-c9f5-4fff-81f3-8f943e582ef5":{"x":130.13888888888883,"y":186.66666666666666,"w":10.972222222222221,"h":6.25,"i":"button-84129ba9-c9f5-4fff-81f3-8f943e582ef5"},"text-c511ef0a-bd9a-4c6b-a7c0-da1de8524efb":{"x":130.41666666666666,"y":165.13888888888889,"w":37.08333333333333,"h":16.666666666666668,"i":"text-c511ef0a-bd9a-4c6b-a7c0-da1de8524efb"},"text-285f4b7e-2168-4190-89b2-e44ddc66fb1f":{"x":144.72222222222223,"y":186.66666666666666,"w":22.638888888888886,"h":6.111111111111111,"i":"text-285f4b7e-2168-4190-89b2-e44ddc66fb1f"},"inception-d3c86415-617c-4489-b976-a58a9074d513":{"x":23.47222222222222,"y":128.61111111111111,"w":44.44444444444445,"h":68.05555555555554,"i":"inception-d3c86415-617c-4489-b976-a58a9074d513"},"image-4ddb763a-5ccf-4d56-8f32-02154b2c246d":{"x":23.472222222222214,"y":128.61111111111123,"w":44.444444444444436,"h":25.416666666666668,"i":"image-4ddb763a-5ccf-4d56-8f32-02154b2c246d"},"button-5a11ec66-1650-4f7c-89ba-0b12409a72e7":{"x":25.83333333333332,"y":156.25,"w":17.36111111111111,"h":6.25,"i":"button-5a11ec66-1650-4f7c-89ba-0b12409a72e7"},"button-c3f00cef-2831-4fe6-8b61-2b37cce50270":{"x":45.555555555555564,"y":156.25,"w":17.36111111111111,"h":6.25,"i":"button-c3f00cef-2831-4fe6-8b61-2b37cce50270"},"button-4f6666c6-372a-47f2-bee2-8d9520a77ede":{"x":25.972222222222214,"y":186.66666666666666,"w":10.972222222222221,"h":6.25,"i":"button-4f6666c6-372a-47f2-bee2-8d9520a77ede"},"text-266437e8-1e7e-4624-8382-b782f3c404f5":{"x":26.249999999999986,"y":165.41666666666666,"w":38.888888888888886,"h":16.666666666666668,"i":"text-266437e8-1e7e-4624-8382-b782f3c404f5"},"text-5b6b70a6-7866-4ff1-ad8d-0fab3d83b0aa":{"x":40.555555555555564,"y":186.66666666666666,"w":22.638888888888886,"h":6.111111111111111,"i":"text-5b6b70a6-7866-4ff1-ad8d-0fab3d83b0aa"},"inception-8698c9d1-d118-49b4-9509-dd9db5af6c61":{"x":38.19444444444444,"y":220.27777777777777,"w":119.02777777777776,"h":50.83333333333333,"i":"inception-8698c9d1-d118-49b4-9509-dd9db5af6c61"},"text-704daa60-4026-4576-b633-f51d15addc3c":{"x":84.58333333333333,"y":282.63888888888886,"w":30.694444444444443,"h":6.25,"i":"text-704daa60-4026-4576-b633-f51d15addc3c"},"text-c1f43248-3a9a-4553-af8e-ab15ef346a99":{"x":43.47222222222222,"y":225,"w":97.77777777777777,"h":11.38888888888889,"i":"text-c1f43248-3a9a-4553-af8e-ab15ef346a99"},"text-2974cc6e-8a99-47da-95f5-8d2aada09d1a":{"x":43.75,"y":246.25,"w":53.33333333333333,"h":17.916666666666668,"i":"text-2974cc6e-8a99-47da-95f5-8d2aada09d1a"},"text-288d03a4-97b9-438f-849d-a3e028cb03b8":{"x":104.58333333333333,"y":245.83333333333337,"w":50.55555555555556,"h":18.47222222222222,"i":"text-288d03a4-97b9-438f-849d-a3e028cb03b8"}},"mobileLayout":{"image-a80faef9-9b97-4253-89b5-36a3b37ea388":{"x":0,"y":0.1388888888888889,"w":100,"h":114.16666666666667,"i":"image-a80faef9-9b97-4253-89b5-36a3b37ea388"},"text-84ddc28a-59b9-4c3e-88e6-1af4f59bcd0c":{"x":3.5491741741741736,"y":34.380630630630634,"w":93.10247747747746,"h":45.4054054054054,"i":"text-84ddc28a-59b9-4c3e-88e6-1af4f59bcd0c"},"inception-3ce4ec17-b325-4b1c-82d5-f994d040353d":{"x":9.399399399399405,"y":247.53003003003002,"w":81.14114114114113,"h":108.05555555555553,"i":"inception-3ce4ec17-b325-4b1c-82d5-f994d040353d"},"image-580e1078-260e-4908-8504-53508f5178e3":{"x":9.399399399399405,"y":247.53003003003013,"w":80.87087087087087,"h":39.20045045045045,"i":"image-580e1078-260e-4908-8504-53508f5178e3"},"button-50acd61a-d1bb-4fa7-b85a-52055f58ebf7":{"x":14.09346846846847,"y":291.38513513513504,"w":29.221096096096097,"h":11.655405405405405,"i":"button-50acd61a-d1bb-4fa7-b85a-52055f58ebf7"},"button-174389a0-f88f-4058-be69-fd97b3722ef2":{"x":50.441066066066064,"y":291.38513513513504,"w":21.38325825825826,"h":11.655405405405405,"i":"button-174389a0-f88f-4058-be69-fd97b3722ef2"},"button-0dc730a9-db52-41ed-a90e-52869e054977":{"x":16.86561561561562,"y":340.4504504504505,"w":18.729354354354353,"h":10.304054054054053,"i":"button-0dc730a9-db52-41ed-a90e-52869e054977"},"text-67692a9c-09d4-417a-b630-3f0c55670d77":{"x":14.031531531531527,"y":310.81456456456453,"w":73.76876876876877,"h":20.54054054054054,"i":"text-67692a9c-09d4-417a-b630-3f0c55670d77"},"text-2d555b79-bcc2-4f9a-84ba-fe152b9a78df":{"x":44.69782282282282,"y":341.2612612612613,"w":39.42755255255255,"h":9.18918918918919,"i":"text-2d555b79-bcc2-4f9a-84ba-fe152b9a78df"},"inception-074f314e-f9a3-400a-a783-a5956aa4f219":{"x":8.954579579579583,"y":367.53003003003,"w":81.14114114114113,"h":108.05555555555556,"i":"inception-074f314e-f9a3-400a-a783-a5956aa4f219"},"image-00c1cb70-bb18-4d4c-ad49-b63f6aa83917":{"x":8.954579579579578,"y":367.5300300300302,"w":81.14114114114115,"h":40.281531531531535,"i":"image-00c1cb70-bb18-4d4c-ad49-b63f6aa83917"},"button-35d34009-73db-4d8a-9d78-b7b3c76ab3cb":{"x":13.378378378378377,"y":412.7364864864865,"w":27.599474474474476,"h":11.925675675675675,"i":"button-35d34009-73db-4d8a-9d78-b7b3c76ab3cb"},"button-11600b30-8d52-4489-9f72-dcc0be036218":{"x":44.320570570570595,"y":413.0067567567568,"w":22.734609609609606,"h":11.385135135135135,"i":"button-11600b30-8d52-4489-9f72-dcc0be036218"},"button-84129ba9-c9f5-4fff-81f3-8f943e582ef5":{"x":15.339714714714672,"y":459.3693693693693,"w":19.810435435435434,"h":11.114864864864865,"i":"button-84129ba9-c9f5-4fff-81f3-8f943e582ef5"},"text-c511ef0a-bd9a-4c6b-a7c0-da1de8524efb":{"x":14.127252252252235,"y":431.89564564564563,"w":73.40653153153153,"h":20.54054054054054,"i":"text-c511ef0a-bd9a-4c6b-a7c0-da1de8524efb"},"text-285f4b7e-2168-4190-89b2-e44ddc66fb1f":{"x":47.49624624624627,"y":459.90990990990986,"w":36.99512012012012,"h":9.18918918918919,"i":"text-285f4b7e-2168-4190-89b2-e44ddc66fb1f"},"inception-d3c86415-617c-4489-b976-a58a9074d513":{"x":9.84421921921922,"y":126.98948948948949,"w":81.14114114114115,"h":108.05555555555554,"i":"inception-d3c86415-617c-4489-b976-a58a9074d513"},"image-4ddb763a-5ccf-4d56-8f32-02154b2c246d":{"x":9.844219219219216,"y":126.9894894894896,"w":80.87087087087087,"h":40.55180180180181,"i":"image-4ddb763a-5ccf-4d56-8f32-02154b2c246d"},"button-5a11ec66-1650-4f7c-89ba-0b12409a72e7":{"x":13.186936936936934,"y":170.57432432432432,"w":28.950825825825824,"h":10.844594594594593,"i":"button-5a11ec66-1650-4f7c-89ba-0b12409a72e7"},"button-c3f00cef-2831-4fe6-8b61-2b37cce50270":{"x":53.04804804804807,"y":170.84459459459458,"w":20.842717717717715,"h":10.844594594594593,"i":"button-c3f00cef-2831-4fe6-8b61-2b37cce50270"},"button-4f6666c6-372a-47f2-bee2-8d9520a77ede":{"x":15.148273273273267,"y":217.20720720720718,"w":19.540165165165163,"h":9.493243243243242,"i":"button-4f6666c6-372a-47f2-bee2-8d9520a77ede"},"text-266437e8-1e7e-4624-8382-b782f3c404f5":{"x":15.016891891891886,"y":189.20045045045043,"w":71.6066066066066,"h":20.54054054054054,"i":"text-266437e8-1e7e-4624-8382-b782f3c404f5"},"text-5b6b70a6-7866-4ff1-ad8d-0fab3d83b0aa":{"x":44.331831831831835,"y":217.47747747747746,"w":40.508633633633636,"h":9.18918918918919,"i":"text-5b6b70a6-7866-4ff1-ad8d-0fab3d83b0aa"},"inception-8698c9d1-d118-49b4-9509-dd9db5af6c61":{"x":5.85397897897898,"y":499.73723723723725,"w":89.51388888888889,"h":104.34684684684684,"i":"inception-8698c9d1-d118-49b4-9509-dd9db5af6c61"},"text-704daa60-4026-4576-b633-f51d15addc3c":{"x":25.264639639639636,"y":624.2605105105105,"w":50.48235735735736,"h":9.45945945945946,"i":"text-704daa60-4026-4576-b633-f51d15addc3c"},"text-c1f43248-3a9a-4553-af8e-ab15ef346a99":{"x":10.114489489489491,"y":504.4594594594592,"w":75.64564564564564,"h":22.7027027027027,"i":"text-c1f43248-3a9a-4553-af8e-ab15ef346a99"},"text-2974cc6e-8a99-47da-95f5-8d2aada09d1a":{"x":9.983108108108107,"y":534.0878378378377,"w":77.74774774774774,"h":27.027027027027025,"i":"text-2974cc6e-8a99-47da-95f5-8d2aada09d1a"},"text-288d03a4-97b9-438f-849d-a3e028cb03b8":{"x":9.859234234234231,"y":568.2657657657661,"w":80.68318318318317,"h":27.83787082981419,"i":"text-288d03a4-97b9-438f-849d-a3e028cb03b8"}},"mobileHierarchy":{"inception-3ce4ec17-b325-4b1c-82d5-f994d040353d":["image-580e1078-260e-4908-8504-53508f5178e3","button-50acd61a-d1bb-4fa7-b85a-52055f58ebf7","button-174389a0-f88f-4058-be69-fd97b3722ef2","button-0dc730a9-db52-41ed-a90e-52869e054977","text-67692a9c-09d4-417a-b630-3f0c55670d77","text-2d555b79-bcc2-4f9a-84ba-fe152b9a78df"],"inception-074f314e-f9a3-400a-a783-a5956aa4f219":["image-00c1cb70-bb18-4d4c-ad49-b63f6aa83917","button-35d34009-73db-4d8a-9d78-b7b3c76ab3cb","button-11600b30-8d52-4489-9f72-dcc0be036218","button-84129ba9-c9f5-4fff-81f3-8f943e582ef5","text-c511ef0a-bd9a-4c6b-a7c0-da1de8524efb","text-285f4b7e-2168-4190-89b2-e44ddc66fb1f"],"inception-d3c86415-617c-4489-b976-a58a9074d513":["image-4ddb763a-5ccf-4d56-8f32-02154b2c246d","button-5a11ec66-1650-4f7c-89ba-0b12409a72e7","button-c3f00cef-2831-4fe6-8b61-2b37cce50270","button-4f6666c6-372a-47f2-bee2-8d9520a77ede","text-266437e8-1e7e-4624-8382-b782f3c404f5","text-5b6b70a6-7866-4ff1-ad8d-0fab3d83b0aa"],"inception-8698c9d1-d118-49b4-9509-dd9db5af6c61":["text-c1f43248-3a9a-4553-af8e-ab15ef346a99","text-2974cc6e-8a99-47da-95f5-8d2aada09d1a","text-288d03a4-97b9-438f-849d-a3e028cb03b8"]},"mobileEditedBlocks":["text-84ddc28a-59b9-4c3e-88e6-1af4f59bcd0c","image-a80faef9-9b97-4253-89b5-36a3b37ea388","text-704daa60-4026-4576-b633-f51d15addc3c","inception-8698c9d1-d118-49b4-9509-dd9db5af6c61","text-c1f43248-3a9a-4553-af8e-ab15ef346a99","text-2974cc6e-8a99-47da-95f5-8d2aada09d1a","text-288d03a4-97b9-438f-849d-a3e028cb03b8","inception-074f314e-f9a3-400a-a783-a5956aa4f219","inception-3ce4ec17-b325-4b1c-82d5-f994d040353d","inception-d3c86415-617c-4489-b976-a58a9074d513","image-4ddb763a-5ccf-4d56-8f32-02154b2c246d","text-266437e8-1e7e-4624-8382-b782f3c404f5","text-5b6b70a6-7866-4ff1-ad8d-0fab3d83b0aa","button-4f6666c6-372a-47f2-bee2-8d9520a77ede","button-c3f00cef-2831-4fe6-8b61-2b37cce50270","button-5a11ec66-1650-4f7c-89ba-0b12409a72e7","text-67692a9c-09d4-417a-b630-3f0c55670d77","text-2d555b79-bcc2-4f9a-84ba-fe152b9a78df","button-0dc730a9-db52-41ed-a90e-52869e054977","button-174389a0-f88f-4058-be69-fd97b3722ef2","button-50acd61a-d1bb-4fa7-b85a-52055f58ebf7","image-580e1078-260e-4908-8504-53508f5178e3","text-c511ef0a-bd9a-4c6b-a7c0-da1de8524efb","text-285f4b7e-2168-4190-89b2-e44ddc66fb1f","button-84129ba9-c9f5-4fff-81f3-8f943e582ef5","button-11600b30-8d52-4489-9f72-dcc0be036218","button-35d34009-73db-4d8a-9d78-b7b3c76ab3cb","image-00c1cb70-bb18-4d4c-ad49-b63f6aa83917"]}