[
  {
    "#": 1,
    "name": "Webflow",
    "builder-type": "",
    "ease-of-use": 0,
    "score": 10,
    "tags": "Unique design, templates",
    "use-case": "Designers",
    "url": "",
    "free-plan": "no"
  },
  {
    "#": 2,
    "name": "Shopify",
    "builder-type": "",
    "ease-of-use": 2,
    "score": 5,
    "tags": "templates",
    "use-case": "e-commerce",
    "url": "",
    "free-plan": "no"
  },
  {
    "#": 3,
    "name": "SquareSpace",
    "builder-type": "",
    "ease-of-use": 0,
    "score": 8,
    "tags": "templates",
    "use-case": "e-commerce",
    "url": "",
    "free-plan": "no"
  },
  {
    "#": 4,
    "name": "Weebly",
    "builder-type": "",
    "ease-of-use": 2,
    "score": 9,
    "tags": "Unique design, templates",
    "use-case": "e-commerce",
    "url": "",
    "free-plan": "no"
  },
  {
    "#": 5,
    "name": "Strikingly",
    "builder-type": "",
    "ease-of-use": 4,
    "score": 10,
    "tags": "templates",
    "use-case": "Designers",
    "url": "https://www.strikingly.com/",
    "free-plan": "no"
  },
  {
    "#": 6,
    "name": "Wordpress",
    "builder-type": "",
    "ease-of-use": 3,
    "score": 8,
    "tags": "templates",
    "use-case": "Blogs",
    "url": "https://wordpress.com/",
    "free-plan": "no"
  },
  {
    "#": 7,
    "name": "uCoz",
    "builder-type": "",
    "ease-of-use": 5,
    "score": 7,
    "tags": "Unique design, templates",
    "use-case": "Blogs, Designers",
    "url": "http://www.ucoz.com/",
    "free-plan": "no"
  },
  {
    "#": 8,
    "name": "Splash",
    "builder-type": "",
    "ease-of-use": 2,
    "score": 10,
    "tags": "templates",
    "use-case": "e-commerce",
    "url": "https://splashthat.com/",
    "free-plan": "no"
  },
  {
    "#": 9,
    "name": "Pikock (now Orson)",
    "builder-type": "",
    "ease-of-use": 1,
    "score": 5,
    "tags": "templates",
    "use-case": "Designers",
    "url": "http://en.orson.io/",
    "free-plan": "no"
  },
  {
    "#": 10,
    "name": "SnackWebsites",
    "builder-type": "",
    "ease-of-use": 3,
    "score": 8,
    "tags": "Unique design, templates",
    "use-case": "e-commerce",
    "url": "http://www.snackwebsites.com/",
    "free-plan": "no"
  },
  {
    "#": 11,
    "name": "Webiny",
    "builder-type": "",
    "ease-of-use": 3,
    "score": 9,
    "tags": "templates",
    "use-case": "Blogs, Designers",
    "url": "http://www.webiny.com/",
    "free-plan": "no"
  },
  {
    "#": 12,
    "name": "Jimdo",
    "builder-type": "",
    "ease-of-use": 4,
    "score": 10,
    "tags": "templates",
    "use-case": "e-commerce",
    "url": "http://www.jimdo.com/",
    "free-plan": "no"
  },
  {
    "#": 13,
    "name": "IMcreator",
    "builder-type": "",
    "ease-of-use": 2,
    "score": 8,
    "tags": "Unique design, templates",
    "use-case": "e-commerce",
    "url": "http://www.imcreator.com/",
    "free-plan": "no"
  },
  {
    "#": "",
    "name": "WebsiteBuilder",
    "builder-type": "",
    "ease-of-use": 3,
    "score": 7,
    "tags": "templates",
    "use-case": "e-commerce",
    "url": "https://www.websitebuilder.com/",
    "free-plan": "no"
  },
  {
    "#": "",
    "name": "Yola",
    "builder-type": "",
    "ease-of-use": 4,
    "score": 10,
    "tags": "templates",
    "use-case": "e-commerce",
    "url": "https://www.yola.com/",
    "free-plan": "no"
  },
  {
    "#": "",
    "name": "SiteKit",
    "builder-type": "",
    "ease-of-use": 2,
    "score": 5,
    "tags": "Unique design, templates",
    "use-case": "Blogs, e-commerce",
    "url": "http://trysitekit.com/",
    "free-plan": "no"
  },
  {
    "#": "",
    "name": "Pixpa",
    "builder-type": "",
    "ease-of-use": 2,
    "score": 8,
    "tags": "templates",
    "use-case": "Designers",
    "url": "http://www.pixpa.com/",
    "free-plan": "no"
  },
  {
    "#": "",
    "name": "Webydo",
    "builder-type": "",
    "ease-of-use": 3,
    "score": 9,
    "tags": "templates",
    "use-case": "Designers, e-commerce",
    "url": "http://www.webydo.com/",
    "free-plan": "no"
  },
  {
    "#": "",
    "name": "LiveControl",
    "builder-type": "",
    "ease-of-use": 4,
    "score": 10,
    "tags": "Unique design, templates",
    "use-case": "Designers",
    "url": "https://www.livecontrol.net/",
    "free-plan": "no"
  },
  {
    "#": "",
    "name": "Duda",
    "builder-type": "",
    "ease-of-use": 5,
    "score": 8,
    "tags": "templates",
    "use-case": "Designers",
    "url": "https://www.dudamobile.com/",
    "free-plan": "no"
  },
  {
    "#": "",
    "name": "Sidengo",
    "builder-type": "",
    "ease-of-use": 2,
    "score": 7,
    "tags": "templates",
    "use-case": "Designers",
    "url": "https://sidengo.com/",
    "free-plan": "no"
  },
  {
    "#": "",
    "name": "Pagevamp",
    "builder-type": "",
    "ease-of-use": 2,
    "score": 10,
    "tags": "Unique design, templates",
    "use-case": "e-commerce",
    "url": "http://www.pagevamp.com/",
    "free-plan": "no"
  },
  {
    "#": "",
    "name": "Simbla",
    "builder-type": "",
    "ease-of-use": 2,
    "score": 5,
    "tags": "templates",
    "use-case": "e-commerce",
    "url": "http://www.simbla.com/",
    "free-plan": "no"
  },
  {
    "#": "",
    "name": "Clickbooq",
    "builder-type": "",
    "ease-of-use": 2,
    "score": 8,
    "tags": "templates",
    "use-case": "e-commerce",
    "url": "https://www.clickbooq.com/",
    "free-plan": "no"
  },
  {
    "#": "",
    "name": "Designmodo – startup",
    "builder-type": "",
    "ease-of-use": 2,
    "score": 9,
    "tags": "Unique design, templates",
    "use-case": "Designers",
    "url": "http://designmodo.com/startup/",
    "free-plan": "no"
  },
  {
    "#": "",
    "name": "Motocms",
    "builder-type": "",
    "ease-of-use": 2,
    "score": 10,
    "tags": "templates",
    "use-case": "e-commerce",
    "url": "http://www.motocms.com/",
    "free-plan": "no"
  },
  {
    "#": "",
    "name": "Pinegrow",
    "builder-type": "",
    "ease-of-use": 1,
    "score": 8,
    "tags": "templates",
    "use-case": "Designers",
    "url": "http://pinegrow.com/wordpress-theme-builder.html",
    "free-plan": "no"
  },
  {
    "#": "",
    "name": "Pivot",
    "builder-type": "",
    "ease-of-use": 4,
    "score": 7,
    "tags": "Unique design, templates",
    "use-case": "Designers",
    "url": "http://pivot.mediumra.re/chooser.html",
    "free-plan": "no"
  },
  {
    "#": "",
    "name": "Weld",
    "builder-type": "",
    "ease-of-use": 2,
    "score": 10,
    "tags": "templates",
    "use-case": "Designers",
    "url": "https://www.weld.io/websites",
    "free-plan": "no"
  },
  {
    "#": "",
    "name": "Designmodo – slides",
    "builder-type": "",
    "ease-of-use": 3,
    "score": 5,
    "tags": "templates",
    "use-case": "Designers",
    "url": "http://designmodo.com/slides/#overview",
    "free-plan": "no"
  },
  {
    "#": "",
    "name": "Mobirise",
    "builder-type": "",
    "ease-of-use": 3,
    "score": 8,
    "tags": "Unique design, templates",
    "use-case": "Designers",
    "url": "http://mobirise.com/",
    "free-plan": "no"
  },
  {
    "#": "",
    "name": "Bootstrap",
    "builder-type": "",
    "ease-of-use": 4,
    "score": 9,
    "tags": "templates",
    "use-case": "Designers, e-commerce",
    "url": "http://bootstrapstudio.io/",
    "free-plan": "no"
  },
  {
    "#": "",
    "name": "Optimizepress",
    "builder-type": "",
    "ease-of-use": 5,
    "score": 10,
    "tags": "templates",
    "use-case": "Designers",
    "url": "http://www.optimizepress.com/",
    "free-plan": "no"
  },
  {
    "#": "",
    "name": "StackHive",
    "builder-type": "",
    "ease-of-use": 2,
    "score": 8,
    "tags": "Unique design, templates",
    "use-case": "Designers",
    "url": "http://stackhive.com/",
    "free-plan": "no"
  },
  {
    "#": "",
    "name": "Macaw",
    "builder-type": "",
    "ease-of-use": 2,
    "score": 7,
    "tags": "templates",
    "use-case": "Designers",
    "url": "http://macaw.co/",
    "free-plan": "no"
  },
  {
    "#": "",
    "name": "LightCMS",
    "builder-type": "",
    "ease-of-use": 2,
    "score": 10,
    "tags": "templates",
    "use-case": "Designers",
    "url": "https://www.lightcms.com/",
    "free-plan": "no"
  },
  {
    "#": "",
    "name": "Cloudward",
    "builder-type": "",
    "ease-of-use": 2,
    "score": 5,
    "tags": "Unique design, templates",
    "use-case": "Designers",
    "url": "http://www.cloudward.com/",
    "free-plan": "no"
  },
  {
    "#": "",
    "name": "uKit",
    "builder-type": "",
    "ease-of-use": 2,
    "score": 8,
    "tags": "templates",
    "use-case": "e-commerce",
    "url": "https://ukit.com/",
    "free-plan": "no"
  },
  {
    "#": "",
    "name": "ONTRApages",
    "builder-type": "",
    "ease-of-use": 2,
    "score": 9,
    "tags": "templates",
    "use-case": "e-commerce",
    "url": "https://ontrapages.com/",
    "free-plan": "no"
  },
  {
    "#": "",
    "name": "Voog",
    "builder-type": "",
    "ease-of-use": 1,
    "score": 10,
    "tags": "Unique design, templates",
    "use-case": "Designers",
    "url": "Voog",
    "free-plan": "no"
  },
  {
    "#": "",
    "name": "Go.themeforest",
    "builder-type": "",
    "ease-of-use": 4,
    "score": 8,
    "tags": "templates",
    "use-case": "Designers",
    "url": "http://go.themeforest.net/layerswp/",
    "free-plan": "no"
  },
  {
    "#": "",
    "name": "ThemifyFlow",
    "builder-type": "",
    "ease-of-use": 2,
    "score": 7,
    "tags": "templates",
    "use-case": "Designers",
    "url": "https://themifyflow.com/",
    "free-plan": "no"
  },
  {
    "#": "",
    "name": "Cloudpress",
    "builder-type": "",
    "ease-of-use": 3,
    "score": 10,
    "tags": "Unique design, templates",
    "use-case": "Designers",
    "url": "http://cloud-press.net/",
    "free-plan": "no"
  },
  {
    "#": "",
    "name": "Readymag",
    "builder-type": "",
    "ease-of-use": 3,
    "score": 5,
    "tags": "templates",
    "use-case": "Designers, e-commerce",
    "url": "https://readymag.com/explore/",
    "free-plan": "no"
  },
  {
    "#": "",
    "name": "Weps",
    "builder-type": "",
    "ease-of-use": 4,
    "score": 8,
    "tags": "templates",
    "use-case": "Small businesses",
    "url": "http://getweps.com/",
    "free-plan": "no"
  },
  {
    "#": "",
    "name": "Everdwell",
    "builder-type": "",
    "ease-of-use": 5,
    "score": 9,
    "tags": "Unique design, templates",
    "use-case": "e-commerce",
    "url": "http://www.everdwell.com/",
    "free-plan": "no"
  },
  {
    "#": "",
    "name": "Made for Food Trucks",
    "builder-type": "",
    "ease-of-use": 2,
    "score": 10,
    "tags": "templates",
    "use-case": "e-commerce",
    "url": "https://madeforfoodtrucks.com/",
    "free-plan": "no"
  },
  {
    "#": "",
    "name": "1&1",
    "builder-type": "",
    "ease-of-use": 2,
    "score": 8,
    "tags": "templates",
    "use-case": "Designers",
    "url": "https://www.1and1.com/free-website-builder",
    "free-plan": "no"
  },
  {
    "#": "",
    "name": "http://one.com/",
    "builder-type": "",
    "ease-of-use": 2,
    "score": 7,
    "tags": "Unique design, templates",
    "use-case": "Designers",
    "url": "https://www.one.com/en/websitebuilder",
    "free-plan": "no"
  },
  {
    "#": "",
    "name": "Webs",
    "builder-type": "",
    "ease-of-use": 2,
    "score": 10,
    "tags": "templates",
    "use-case": "Designers",
    "url": "https://www.webs.com",
    "free-plan": "no"
  },
  {
    "#": "",
    "name": "iPage",
    "builder-type": "",
    "ease-of-use": 2,
    "score": 5,
    "tags": "templates",
    "use-case": "Designers",
    "url": "https://www.ipage.com/",
    "free-plan": "no"
  },
  {
    "#": "",
    "name": "Zoho Sites",
    "builder-type": "",
    "ease-of-use": 2,
    "score": 8,
    "tags": "Unique design, templates",
    "use-case": "Designers",
    "url": "https://www.zoho.eu/sites/",
    "free-plan": "no"
  },
  {
    "#": "",
    "name": "Network Solutions",
    "builder-type": "",
    "ease-of-use": 1,
    "score": 9,
    "tags": "templates",
    "use-case": "e-commerce",
    "url": "https://www.networksolutions.com/",
    "free-plan": "no"
  },
  {
    "#": "",
    "name": "Webnode",
    "builder-type": "",
    "ease-of-use": 4,
    "score": 10,
    "tags": "templates",
    "use-case": "e-commerce",
    "url": "https://webnode.com/",
    "free-plan": "no"
  },
  {
    "#": "",
    "name": "Homestead",
    "builder-type": "",
    "ease-of-use": 2,
    "score": 8,
    "tags": "Unique design, templates",
    "use-case": "Designers",
    "url": "http://www.homestead.com/",
    "free-plan": "no"
  },
  {
    "#": "",
    "name": "Volusion",
    "builder-type": "",
    "ease-of-use": 3,
    "score": 7,
    "tags": "templates",
    "use-case": "Designers",
    "url": "https://www.volusion.com/",
    "free-plan": "no"
  },
  {
    "#": "",
    "name": "Mobirise",
    "builder-type": "",
    "ease-of-use": 3,
    "score": 10,
    "tags": "templates",
    "use-case": "Designers",
    "url": "https://mobirise.com",
    "free-plan": "no"
  },
  {
    "#": "",
    "name": "Webstarts",
    "builder-type": "",
    "ease-of-use": 4,
    "score": 5,
    "tags": "Unique design, templates",
    "use-case": "Designers",
    "url": "https://www.webstarts.com/",
    "free-plan": "no"
  },
  {
    "#": "",
    "name": "Moonfruit",
    "builder-type": "",
    "ease-of-use": 5,
    "score": 8,
    "tags": "templates",
    "use-case": "Designers, e-commerce",
    "url": "https://www.moonfruit.com/",
    "free-plan": "no"
  },
  {
    "#": "",
    "name": "SITE123",
    "builder-type": "",
    "ease-of-use": 2,
    "score": 9,
    "tags": "templates",
    "use-case": "Small businesses",
    "url": "https://www.site123.com/",
    "free-plan": "no"
  },
  {
    "#": "",
    "name": "Jigsy",
    "builder-type": "",
    "ease-of-use": 2,
    "score": 10,
    "tags": "Unique design, templates",
    "use-case": "e-commerce",
    "url": "http://jigsy.com/",
    "free-plan": "no"
  },
  {
    "#": "",
    "name": "StartLogic",
    "builder-type": "",
    "ease-of-use": 2,
    "score": 8,
    "tags": "templates",
    "use-case": "e-commerce",
    "url": "https://www.startlogic.com/",
    "free-plan": "no"
  },
  {
    "#": "",
    "name": "Mozello",
    "builder-type": "",
    "ease-of-use": 2,
    "score": 7,
    "tags": "templates",
    "use-case": "Designers",
    "url": "http://www.mozello.com/",
    "free-plan": "no"
  },
  {
    "#": "",
    "name": "Ucraft",
    "builder-type": "",
    "ease-of-use": 2,
    "score": 10,
    "tags": "Unique design, templates",
    "use-case": "Designers",
    "url": "https://www.ucraft.com/",
    "free-plan": "no"
  },
  {
    "#": "",
    "name": "Virb",
    "builder-type": "",
    "ease-of-use": 2,
    "score": 5,
    "tags": "templates",
    "use-case": "Designers",
    "url": "http://virb.com/",
    "free-plan": "no"
  },
  {
    "#": "",
    "name": "SnapPages",
    "builder-type": "",
    "ease-of-use": 1,
    "score": 8,
    "tags": "templates",
    "use-case": "Designers",
    "url": "https://snappages.com/",
    "free-plan": "no"
  },
  {
    "#": "",
    "name": "Puzl",
    "builder-type": "",
    "ease-of-use": 4,
    "score": 9,
    "tags": "Unique design, templates",
    "use-case": "Designers",
    "url": "https://puzl.com/",
    "free-plan": "no"
  },
  {
    "#": "",
    "name": "WebEden",
    "builder-type": "",
    "ease-of-use": 2,
    "score": 10,
    "tags": "templates",
    "use-case": "e-commerce",
    "url": "https://webeden.co.uk/",
    "free-plan": "no"
  },
  {
    "#": "",
    "name": "bOnline",
    "builder-type": "",
    "ease-of-use": 3,
    "score": 8,
    "tags": "templates",
    "use-case": "e-commerce",
    "url": "https://www.bonline.com/",
    "free-plan": "no"
  },
  {
    "#": "",
    "name": "SimpleSite",
    "builder-type": "",
    "ease-of-use": 3,
    "score": 7,
    "tags": "Unique design, templates",
    "use-case": "Designers",
    "url": "http://www.simplesite.com/",
    "free-plan": "no"
  },
  {
    "#": "",
    "name": "OnePager",
    "builder-type": "",
    "ease-of-use": 4,
    "score": 2,
    "tags": "templates",
    "use-case": "Designers",
    "url": "https://www.onepager.com/",
    "free-plan": "no"
  },
  {
    "#": "",
    "name": "BuildYourSite",
    "builder-type": "",
    "ease-of-use": 5,
    "score": 3,
    "tags": "templates",
    "use-case": "Designers",
    "url": "https://buildyoursite.com/",
    "free-plan": "no"
  },
  {
    "#": "",
    "name": "Simvoly",
    "builder-type": "",
    "ease-of-use": 2,
    "score": 4,
    "tags": "Unique design, templates",
    "use-case": "Designers",
    "url": "https://simvoly.com/",
    "free-plan": "no"
  },
  {
    "#": "",
    "name": "Bookmark",
    "builder-type": "",
    "ease-of-use": 2,
    "score": 5,
    "tags": "templates",
    "use-case": "Designers, e-commerce",
    "url": "https://www.websitetooltester.com/out/bookmark",
    "free-plan": "no"
  },
  {
    "#": "",
    "name": "https://8b.com/",
    "builder-type": "",
    "ease-of-use": 2,
    "score": 6,
    "tags": "templates",
    "use-case": "Small businesses",
    "url": "https://8b.com",
    "free-plan": "no"
  },
  {
    "#": "",
    "name": "Elementor",
    "builder-type": "",
    "ease-of-use": 2,
    "score": 1,
    "tags": "Unique design, templates",
    "use-case": "e-commerce",
    "url": "https://www.elementor.com/",
    "free-plan": "no"
  },
  {
    "#": "",
    "name": "10web",
    "builder-type": "",
    "ease-of-use": 2,
    "score": 1,
    "tags": "templates",
    "use-case": "e-commerce",
    "url": "https://10web.io/ai-website-builder/?_from=martin16",
    "free-plan": "no"
  }
]
